state,district,avg_minor_share,std_minor_share,month_count,composition_cv
Andaman And Nicobar Islands,Andamans,0.15763230538049047,0.08367416875445237,9,0.5308186577141083
Andaman And Nicobar Islands,Nicobar,0.5588934149575939,0.1615169198884746,7,0.28899413656668277
Andaman And Nicobar Islands,North And Middle Andaman,0.6134635605625554,0.16472919862887211,9,0.2685232004290735
Andaman And Nicobar Islands,South Andaman,0.6350202780983479,0.0912843091005422,9,0.1437502269595313
Andhra Pradesh,Adilabad,0.23685647416611877,0.06551344252454369,9,0.2765955321896584
Andhra Pradesh,Alluri Sitharama Raju,0.4474976659534265,0.09437430275414013,9,0.21089339662379866
Andhra Pradesh,Anakapalli,0.5059639730474559,0.10760535232588785,9,0.21267394134363637
Andhra Pradesh,Anantapur,0.37113683326295677,0.08678632869282812,9,0.2338391690466856
Andhra Pradesh,Ananthapur,0.698914047147184,0.14426535053978898,9,0.2064135799368305
Andhra Pradesh,Ananthapuramu,0.7762853883536245,0.11034020872250662,9,0.14213871647967036
Andhra Pradesh,Annamayya,0.5631360368203651,0.1282011755414151,9,0.22765578325492608
Andhra Pradesh,Bapatla,0.6063232340496851,0.12433260888754487,9,0.2050599447709049
Andhra Pradesh,Chittoor,0.63615902133293,0.13338323728358248,9,0.2096696467561012
Andhra Pradesh,Cuddapah,0.644474114570869,0.1171245603094801,9,0.18173664024887784
Andhra Pradesh,Dr. B. R. Ambedkar Konaseema,0.5526155532900954,0.1423858615501053,9,0.25765807839172394
Andhra Pradesh,East Godavari,0.6536083410755054,0.11117224103041211,9,0.17008999739427957
Andhra Pradesh,Eluru,0.49923325297792864,0.11457669062758281,9,0.22950532630615514
Andhra Pradesh,Guntur,0.6090948131152762,0.12857492392422548,9,0.21109180566916372
Andhra Pradesh,Hyderabad,0.22400713780219167,0.04825878012504956,9,0.21543411785237052
Andhra Pradesh,K.V.Rangareddy,0.21250432628815102,0.05693434755761366,4,0.2679208868454376
Andhra Pradesh,Kakinada,0.5766747080419564,0.13459031716231018,9,0.23339035904539437
Andhra Pradesh,Karim Nagar,0.21765085198910022,0.06890238741009048,7,0.3165730194961105
Andhra Pradesh,Karimnagar,0.25523110352330003,0.0752393607348182,9,0.29478915263926525
Andhra Pradesh,Khammam,0.37472313367147975,0.0862910267270407,9,0.23027942225390374
Andhra Pradesh,Krishna,0.6063363339586076,0.11352527048727354,9,0.18723151513302433
Andhra Pradesh,Kurnool,0.6557011732864759,0.12346513522553595,9,0.18829482126241984
Andhra Pradesh,Mahabub Nagar,0.13793157535559405,0.1059371203037104,9,0.7680411104607451
Andhra Pradesh,Mahbubnagar,0.21442413741775868,0.04953745084183756,9,0.23102553396460512
Andhra Pradesh,Medak,0.2764682752256056,0.04764544444145085,9,0.17233602807617215
Andhra Pradesh,N. T. R,0.4946057193339275,0.10870026289811922,9,0.21977154458404363
Andhra Pradesh,Nalgonda,0.17573220859352906,0.035006516596001194,9,0.19920375938011303
Andhra Pradesh,Nandyal,0.5662675928895564,0.11690987924642982,9,0.20645694847176546
Andhra Pradesh,Nellore,0.5855631044556472,0.13395861854285054,9,0.22876888506727475
Andhra Pradesh,Nizamabad,0.30793920316804213,0.055537692561523605,9,0.18035278389421805
Andhra Pradesh,Palnadu,0.5663685357387407,0.12158750141061533,9,0.2146791245244991
Andhra Pradesh,Parvathipuram Manyam,0.4498847982523372,0.10972470457172438,9,0.24389511492268867
Andhra Pradesh,Prakasam,0.6058138533402547,0.1217488991953541,9,0.20096750598235982
Andhra Pradesh,Rangareddi,0.24632081168406816,0.06495157614667019,9,0.2636869199261055
Andhra Pradesh,Sri Potti Sriramulu Nellore,0.612060107454372,0.14628877040336258,9,0.23901046420390687
Andhra Pradesh,Sri Sathya Sai,0.519831396904546,0.12089320799057632,9,0.23256234369540266
Andhra Pradesh,Srikakulam,0.6047475423284281,0.1453489059732832,9,0.24034641862892714
Andhra Pradesh,Tirupati,0.5253535446928896,0.10127685459415713,9,0.19277847388154845
Andhra Pradesh,Visakhapatnam,0.6021492432252712,0.09722078795422619,9,0.1614562984975051
Andhra Pradesh,Vizianagaram,0.5978137239318657,0.1336180769930688,9,0.22351122372074814
Andhra Pradesh,Warangal,0.26644771340646933,0.05364382288952984,9,0.20132964251674967
Andhra Pradesh,West Godavari,0.6110527643314553,0.11129032670665302,9,0.1821288327341327
Andhra Pradesh,Y. S. R,0.5769262145008963,0.12001585495070982,9,0.20802635056986712
Arunachal Pradesh,Anjaw,0.5518414958649552,0.15797260498664534,7,0.2862644548667718
Arunachal Pradesh,Changlang,0.6390905619677141,0.10981032766406779,9,0.17182279664085423
Arunachal Pradesh,East Kameng,0.6221770323115199,0.13047384815824767,9,0.20970534330640525
Arunachal Pradesh,East Siang,0.6363273612690341,0.1366056678592988,9,0.21467828695416263
Arunachal Pradesh,Kra Daadi,0.5599065035143326,0.09904579061847918,6,0.17689701762134255
Arunachal Pradesh,Kurung Kumey,0.47070835674066713,0.28255418280235783,9,0.6002744135643819
Arunachal Pradesh,Lohit,0.4577017154361869,0.18542348821041812,9,0.40511862192544046
Arunachal Pradesh,Longding,0.6183981683953443,0.11309130859921078,9,0.18287781946810533
Arunachal Pradesh,Lower Dibang Valley,0.5857716153536894,0.13710268543477017,9,0.23405484636190071
Arunachal Pradesh,Lower Subansiri,0.5634232564818717,0.12644358464154248,9,0.22442024390523332
Arunachal Pradesh,Namsai,0.5519938448481715,0.17104998783291292,9,0.3098766216858107
Arunachal Pradesh,Papum Pare,0.5246727567865803,0.1494038844816079,9,0.2847563220104079
Arunachal Pradesh,Siang,0.6553843330767701,0.1663338012546275,8,0.25379581546259444
Arunachal Pradesh,Tawang,0.7010133071582025,0.16635132434378624,9,0.23730123614649812
Arunachal Pradesh,Tirap,0.669759073651186,0.1423756838820479,9,0.21257746178172407
Arunachal Pradesh,Upper Siang,0.6148617997497142,0.1680807414986038,9,0.27336344779757465
Arunachal Pradesh,Upper Subansiri,0.6009350594605355,0.1394657868020333,9,0.23208129498590568
Arunachal Pradesh,West Kameng,0.477824941038252,0.17290952897181994,9,0.361867943929653
Arunachal Pradesh,West Siang,0.6752667008656743,0.13310047981157966,9,0.19710801619707935
Assam,Baksa,0.6536907846681959,0.13763573556828138,9,0.21055174525390213
Assam,Barpeta,0.6953628711555502,0.11747590914237337,9,0.1689418777093355
Assam,Biswanath,0.6385514334159615,0.1494870161779554,9,0.23410332880824875
Assam,Bongaigaon,0.6659590786227333,0.08192970765534333,9,0.12302513815831109
Assam,Cachar,0.6150960164435673,0.09840254473109468,9,0.15997916113983277
Assam,Charaideo,0.7127761869454008,0.07834537476735137,9,0.10991581397114307
Assam,Chirang,0.6654255255970711,0.1052185484360817,9,0.15812220058987292
Assam,Darrang,0.5977205693296214,0.11309206256698523,9,0.18920557258691065
Assam,Dhemaji,0.6079754132295069,0.12840971797828957,9,0.21120873506411963
Assam,Dhubri,0.6607431627077798,0.13956377649703755,9,0.2112224300968832
Assam,Dibrugarh,0.5709543640615355,0.10950201250203849,9,0.1917876793568684
Assam,Goalpara,0.6099158400586863,0.09696470720430375,9,0.1589804704776544
Assam,Golaghat,0.5909883789466039,0.10263839301926078,9,0.17367243870718177
Assam,Hailakandi,0.6367711100689378,0.15515609236148842,9,0.24366069676856253
Assam,Hojai,0.5175182232223059,0.09655277311814742,9,0.18656883716473896
Assam,Jorhat,0.6474952649340652,0.0862786615711525,9,0.1332498726148033
Assam,Kamrup,0.6676714831333291,0.12377046216569815,9,0.18537628952618018
Assam,Kamrup Metro,0.5357433643779668,0.063957462838069,9,0.11938078395488447
Assam,Karbi Anglong,0.6260861142874398,0.11275843391487413,9,0.18010051866939517
Assam,Karimganj,0.6395665964436947,0.11958269467667303,9,0.18697457831852335
Assam,Kokrajhar,0.6176854830771588,0.14991281718890048,9,0.24270089114296697
Assam,Lakhimpur,0.5659142167529057,0.15128975538158312,9,0.2673369053169423
Assam,Majuli,0.626793946083142,0.19725296917390953,9,0.3147014587593745
Assam,Marigaon,0.5597977805262465,0.15397725727196124,9,0.2750587133932767
Assam,Nagaon,0.3778514086164146,0.09896253197291116,9,0.2619085961205863
Assam,Nalbari,0.6937621410406442,0.17507010519543587,9,0.2523488885294756
Assam,North Cachar Hills,0.6431251002864373,0.1141383497372821,9,0.1774745686126179
Assam,Sibsagar,0.7123771098415611,0.08847778218974456,9,0.12420076525117825
Assam,Sonitpur,0.5781272613049598,0.10878466172683408,9,0.18816732752107776
Assam,South Salmara Mankachar,0.6076844697108443,0.09000619327753168,9,0.14811336765008903
Assam,Tinsukia,0.6153624740358682,0.07850316351760796,9,0.12757223072564572
Assam,Udalguri,0.583853446110667,0.15886119007145005,9,0.2720908665174489
Assam,West Karbi Anglong,0.3337608618531671,0.07103108828998558,9,0.21282030462048185
Bihar,Araria,0.4451016857343618,0.0709391752197792,9,0.1593774579908375
Bihar,Arwal,0.3947011222898243,0.05926472846012983,9,0.15015089928376857
Bihar,Aurangabad,0.4815804312158812,0.036843293760197446,9,0.07650496442967274
Bihar,Banka,0.4908792950977054,0.06558037002414131,9,0.13359775138018012
Bihar,Begusarai,0.48334547545773376,0.044749678882964654,9,0.09258321667454565
Bihar,Bhagalpur,0.4758521662809174,0.06171348607229383,9,0.12969045944378768
Bihar,Bhojpur,0.4152343297406271,0.051429101847862056,9,0.12385561155308823
Bihar,Buxar,0.4340284803757573,0.043554661421956284,9,0.100349777471398
Bihar,Darbhanga,0.4342654720239085,0.06880346294303219,9,0.15843641130935734
Bihar,East Champaran,0.44690505573814004,0.056337321036824796,9,0.1260610510296736
Bihar,Gaya,0.4533642116283786,0.0666762692970132,9,0.14706998829379933
Bihar,Gopalganj,0.4402739348037965,0.059180555952620936,9,0.1344175779540393
Bihar,Jamui,0.5423830729324154,0.0870718938842005,9,0.1605357877660947
Bihar,Jehanabad,0.42010858176460697,0.05408930243005437,9,0.1287507677250007
Bihar,Kaimur (Bhabua),0.47789993620979854,0.04010624427889492,9,0.08392184480495148
Bihar,Katihar,0.4348514990855203,0.07998213732332392,9,0.1839297725580433
Bihar,Khagaria,0.4792478052607582,0.05324441349687263,9,0.11109996313473444
Bihar,Kishanganj,0.39173660723242765,0.11887246028583122,9,0.3034499663578826
Bihar,Lakhisarai,0.45046072978258295,0.04573211410690017,9,0.10152297655108136
Bihar,Madhepura,0.42946472902007976,0.08176116943770836,9,0.1903792416766444
Bihar,Madhubani,0.4546006986635429,0.050604863098077955,9,0.11131716965426709
Bihar,Munger,0.42548450744057514,0.04228357530811997,9,0.09937747337140228
Bihar,Muzaffarpur,0.43426521317300354,0.06094803600664376,9,0.140347497699207
Bihar,Nalanda,0.43297912278484346,0.060168941479571976,9,0.13896499464587628
Bihar,Nawada,0.4449819501052801,0.06105329557529636,9,0.1372039822308557
Bihar,Patna,0.4380500263946405,0.057791717757769805,9,0.13192949269612664
Bihar,Purnea,0.20287329174276997,0.07275857329499691,9,0.35864047292755524
Bihar,Purnia,0.4387938652295362,0.0975097045752578,9,0.22222212364853777
Bihar,Rohtas,0.44343367134369066,0.04345423843339827,9,0.09799490034602792
Bihar,Saharsa,0.3491617247411236,0.05454170083103185,9,0.15620755932360655
Bihar,Samastipur,0.4560333349534841,0.05485706063746454,9,0.12029177788737751
Bihar,Saran,0.4233414100227553,0.04370470876565301,9,0.10323749987818061
Bihar,Sheikhpura,0.4173671599318783,0.05550208070924658,9,0.1329814274757638
Bihar,Sheohar,0.39394914480184284,0.03658935341640798,9,0.09287836742179627
Bihar,Sitamarhi,0.46130851073286183,0.05333276186138683,9,0.11561191831613786
Bihar,Siwan,0.4172188880167228,0.0518097269380333,9,0.12417876665247399
Bihar,Supaul,0.4105898625318542,0.04991370663908121,9,0.12156585243311706
Bihar,Vaishali,0.4250207279536762,0.045957005643985374,9,0.10812885730362383
Bihar,West Champaran,0.44658106585329765,0.055332103010099554,9,0.12390158750768938
Chandigarh,Chandigarh,0.5472689275323709,0.12635122161927656,9,0.23087592820040545
Chhattisgarh,Balod,0.29422568618750705,0.1643309381459442,9,0.5585200268382339
Chhattisgarh,Baloda Bazar,0.35336235151412976,0.18273656145647602,9,0.5171364766887708
Chhattisgarh,Balrampur,0.34465708312959786,0.16970770066165594,9,0.4923958014170349
Chhattisgarh,Bastar,0.26758680423878217,0.1354119152130359,9,0.506048553471271
Chhattisgarh,Bemetara,0.27206976742784506,0.16225370562705005,9,0.5963680094300847
Chhattisgarh,Bijapur,0.38129710492339863,0.07673017735503519,9,0.2012346182655912
Chhattisgarh,Bilaspur,0.3179409492972276,0.1674421849539089,9,0.5266455463633132
Chhattisgarh,Dakshin Bastar Dantewada,0.3068529580868785,0.08029210319683092,9,0.26166312261554936
Chhattisgarh,Dantewada,0.3063073286727997,0.09185914250207483,9,0.2998920819168503
Chhattisgarh,Dhamtari,0.27354219187294393,0.17642640051205777,9,0.6449696089077369
Chhattisgarh,Durg,0.3783301949216439,0.2190083730092263,9,0.5788815588842577
Chhattisgarh,Gariyaband,0.2643728718715005,0.17736699444483822,9,0.6708971052485604
Chhattisgarh,Gaurela-Pendra-Marwahi,0.356888024031814,0.2800530253404412,8,0.7847083860552195
Chhattisgarh,Janjgir-Champa,0.2741111391345884,0.12048843670786087,9,0.43956052675663476
Chhattisgarh,Jashpur,0.3577868828843458,0.20359496820479,9,0.569039777432539
Chhattisgarh,Kabeerdham,0.4288478929320202,0.20530115534351087,9,0.47872721010676544
Chhattisgarh,Kanker,0.31164233333827973,0.16645821424678253,9,0.5341322292889408
Chhattisgarh,Kawardha,0.328465123447924,0.17903578193931308,9,0.5450678600515042
Chhattisgarh,Khairagarh Chhuikhadan Gandai,0.11500044893820639,0.023664548732063195,3,0.20577788130878474
Chhattisgarh,Kondagaon,0.26780952028531335,0.156354976940878,9,0.5838290467579486
Chhattisgarh,Korba,0.31875401353256505,0.09677281184509641,9,0.3035971556016494
Chhattisgarh,Koriya,0.2928390880854266,0.11277257906807611,9,0.3851008408931333
Chhattisgarh,Mahasamund,0.2924601104205824,0.1657648940854654,9,0.5667948830597153
Chhattisgarh,Mohla-Manpur-Ambagarh Chouki,0.27001690866126415,0.16052253937770428,8,0.5944906938368055
Chhattisgarh,Mungeli,0.30344852888904067,0.14659009915927965,9,0.48308060578168743
Chhattisgarh,Narayanpur,0.3009066727537245,0.12781771383313642,9,0.4247752722245151
Chhattisgarh,Raigarh,0.2211225751909687,0.10938947853783594,9,0.4947006358051122
Chhattisgarh,Raipur,0.28127003091306896,0.12819420503933085,9,0.4557691575713992
Chhattisgarh,Rajnandgaon,0.33706568580772817,0.18420553904556264,9,0.5464974537652543
Chhattisgarh,Sakti,0.1677938309500757,0.0785489007165756,7,0.46812746494802027
Chhattisgarh,Sarangarh-Bilaigarh,0.10878365087883554,0.04119250825549904,4,0.3786645136720013
Chhattisgarh,Sukma,0.4125726992411987,0.12462907406237206,9,0.3020778502590916
Chhattisgarh,Surajpur,0.32201988777267254,0.17286847226570345,9,0.5368254534258413
Chhattisgarh,Surguja,0.3107286008338784,0.15434092577952851,9,0.49670653221279176
Chhattisgarh,Uttar Bastar Kanker,0.2010480364516303,0.1213605245636823,9,0.6036394421234756
Dadra And Nagar Haveli,Dadra And Nagar Haveli,0.38681013495501143,0.0759241747309645,9,0.1962827957953971
Dadra And Nagar Haveli And Daman And Diu,Dadra And Nagar Haveli,0.28396922384307105,0.05049523233734581,7,0.177819383572534
Daman And Diu,Daman,0.5045605024094804,0.07536755336035753,9,0.1493726778066198
Daman And Diu,Diu,0.5615614959688419,0.17615635590854806,8,0.31369023192131756
Delhi,Central Delhi,0.4379013870113037,0.04826554135507181,9,0.1102201152740946
Delhi,East Delhi,0.44228661642475825,0.05297805571776254,9,0.11978218139633705
Delhi,Najafgarh,0.06514528537090987,0.021514555264832813,3,0.33025498533528524
Delhi,New Delhi,0.5456632976084062,0.06069032357209217,9,0.11122302679709718
Delhi,North Delhi,0.41933441140637734,0.050712580549439897,9,0.12093589071156455
Delhi,North East,0.05465666639099615,0.011889214872780392,9,0.21752543025088258
Delhi,North East Delhi,0.5326342948283966,0.04063542823477308,9,0.07629142289432365
Delhi,North West Delhi,0.4182923319512417,0.05348841336824061,9,0.12787328211045354
Delhi,Shahdara,0.31733576248399903,0.048401253137221996,9,0.15252378981288794
Delhi,South Delhi,0.437771657146937,0.04038923883843946,9,0.09226097253912194
Delhi,South West Delhi,0.473509084702038,0.050525422128096804,9,0.1067042296767983
Delhi,West Delhi,0.42298286740373975,0.05468953568418068,9,0.1292949192478266
Goa,North Goa,0.48081978744028553,0.11339191702789984,9,0.23583038799538242
Goa,South Goa,0.5260476314326891,0.10691658384640124,9,0.2032450627241002
Gujarat,Ahmadabad,0.061531234470606794,0.008551242073536193,9,0.13897400478160543
Gujarat,Ahmedabad,0.40937585296239487,0.029471359318599878,9,0.07199095673409713
Gujarat,Amreli,0.4855815138847799,0.04107981665657817,9,0.08459921863155133
Gujarat,Anand,0.4415402280934406,0.035053349995188374,9,0.07938880257082767
Gujarat,Arvalli,0.6199980356826172,0.06262455617397503,9,0.10100766868563615
Gujarat,Banas Kantha,0.10094100174437198,0.014013743627069274,3,0.1388310338207102
Gujarat,Banaskantha,0.4759824243336934,0.04174261713237989,9,0.08769781193247528
Gujarat,Bharuch,0.5032022042546053,0.03812092629621453,9,0.07575667589271227
Gujarat,Bhavnagar,0.4601425571661981,0.029523157136087462,9,0.06416089248059714
Gujarat,Botad,0.6277756870963388,0.036490362263297965,9,0.05812643435122095
Gujarat,Chhotaudepur,0.5378330044577114,0.04464229941738764,9,0.08300401620462056
Gujarat,Dahod,0.5033607203963503,0.06152795903833841,9,0.1222343272830085
Gujarat,Devbhumi Dwarka,0.6849797363297836,0.06595215570198946,9,0.09628336752758594
Gujarat,Dohad,0.13381816254177306,0.03733571325312218,9,0.2790033321632806
Gujarat,Gandhinagar,0.43005753255475476,0.02725125933991808,9,0.06336654349019794
Gujarat,Gir Somnath,0.6407824944587421,0.06855198863436297,9,0.10698168134612923
Gujarat,Jamnagar,0.49681603658797957,0.0327824522190683,9,0.06598509267979911
Gujarat,Junagadh,0.32426842043445503,0.04626197913111739,9,0.14266569365322582
Gujarat,Kachchh,0.531196920616775,0.04679879003831276,9,0.08810064257144881
Gujarat,Kheda,0.41008515082031965,0.05136513250568669,9,0.12525479745593743
Gujarat,Mahesana,0.4167357119355381,0.039754530097056213,9,0.09539506444603807
Gujarat,Mahisagar,0.5747156460422009,0.04558970624870537,9,0.07932567446642605
Gujarat,Morbi,0.6665253471646682,0.03130915542282187,9,0.046973690582072944
Gujarat,Narmada,0.3870133127067448,0.04717606392618988,9,0.12189778071519992
Gujarat,Navsari,0.5308329304782207,0.0338841987315965,9,0.06383213396552218
Gujarat,Panchmahals,0.3680503891700447,0.047210080676268584,9,0.12827069897338658
Gujarat,Patan,0.46438903341817045,0.05539566444262747,9,0.11928719340093694
Gujarat,Porbandar,0.4487470150501156,0.03004816460710938,9,0.0669601436875377
Gujarat,Rajkot,0.4679978632377706,0.018710121979425624,9,0.03997907565214625
Gujarat,Sabar Kantha,0.09913976073716031,0.03856499040855057,3,0.38899620214733227
Gujarat,Sabarkantha,0.3970513440452224,0.05332259501149798,9,0.1342964727640483
Gujarat,Surat,0.4974248580192181,0.043512959184593004,9,0.0874764469107249
Gujarat,Surendra Nagar,0.4556541060987669,0.03643588429908849,9,0.07996391080735857
Gujarat,Surendranagar,0.07667212908868341,0.027811064180367363,3,0.3627271671065698
Gujarat,Tapi,0.4211500471825897,0.0644140037992766,9,0.15294787268859047
Gujarat,The Dangs,0.4450373313156983,0.05065431339803164,9,0.11382036928964673
Gujarat,Vadodara,0.36549523076005613,0.04255573100042306,9,0.11643306784585777
Gujarat,Valsad,0.4771206315569929,0.034435458010474505,9,0.07217348346077784
Haryana,Ambala,0.3670088772555669,0.04455679552855081,9,0.1214052255676738
Haryana,Bhiwani,0.3992195947645618,0.06443861880013722,9,0.16141146287706556
Haryana,Charkhi Dadri,0.31534357464578394,0.08099871094562411,9,0.256858605844776
Haryana,Faridabad,0.49339640533488943,0.07897619223211114,9,0.16006641187121456
Haryana,Fatehabad,0.42527128721688917,0.06171660756115778,9,0.1451229119300551
Haryana,Gurgaon,0.5018720450361188,0.06687700070381422,9,0.1332550823766269
Haryana,Hisar,0.45372452640939304,0.07095788677753087,9,0.15638979743736836
Haryana,Jhajjar,0.4378277301975846,0.06624811555885404,9,0.1513109174902132
Haryana,Jind,0.3825376003164579,0.04383222112922829,9,0.11458277851109974
Haryana,Kaithal,0.4238865773937332,0.09389316750509197,9,0.22150540383324743
Haryana,Karnal,0.3480357496838059,0.05025731932965257,9,0.14440274993391303
Haryana,Kurukshetra,0.33401936967884854,0.039912716982041324,9,0.1194922229223306
Haryana,Mahendragarh,0.4144676298759871,0.07064565480216511,9,0.17044914900423708
Haryana,Mewat,0.5432491067325724,0.09401076711820124,9,0.17305277809592481
Haryana,Palwal,0.516243089195465,0.0555372624640917,9,0.10757967249623294
Haryana,Panchkula,0.4938736227151248,0.07668525416405722,9,0.15527303066414352
Haryana,Panipat,0.3908356108915708,0.04075507534835813,9,0.1042767706233012
Haryana,Rewari,0.4915795681859131,0.07896921118541407,9,0.16064380274557766
Haryana,Rohtak,0.3439569692826377,0.05212326481813883,9,0.15154007469843675
Haryana,Sirsa,0.41654368877664516,0.07550502978593518,9,0.18126557146427374
Haryana,Sonipat,0.4161218141374825,0.06437423239354845,9,0.15470045118153752
Haryana,Yamuna Nagar,0.38016983363202306,0.04335799553576116,9,0.11404901625553113
Haryana,Yamunanagar,0.16606840852679966,0.07792115036972565,4,0.4692111585880041
Himachal Pradesh,Bilaspur,0.4358424291624075,0.1607765525729871,9,0.3688868770348127
Himachal Pradesh,Chamba,0.46990174973971655,0.18691789719141394,9,0.3977808069345341
Himachal Pradesh,Hamirpur,0.4663269265319103,0.11850531930776036,9,0.2541249766319277
Himachal Pradesh,Kangra,0.4902673068197772,0.14594411254720635,9,0.29768273453496985
Himachal Pradesh,Kinnaur,0.4927151764944157,0.15140966107312223,9,0.3072965240291076
Himachal Pradesh,Kullu,0.5167294149191153,0.16641975943533835,9,0.32206364613748256
Himachal Pradesh,Lahul & Spiti,0.19806395606905122,0.0425047602428087,3,0.21460118785060633
Himachal Pradesh,Lahul And Spiti,0.7385264055199942,0.051247111945119946,4,0.06939103539437701
Himachal Pradesh,Mandi,0.4472093618165981,0.1485521664729738,9,0.33217588708238066
Himachal Pradesh,Shimla,0.4875729190253632,0.157311381696687,9,0.32264175379376187
Himachal Pradesh,Sirmaur,0.4988222138106974,0.11161279471027714,9,0.22375265499429844
Himachal Pradesh,Solan,0.48216708193963764,0.1392890233030587,9,0.2888812374804472
Himachal Pradesh,Una,0.47517390445642466,0.12909314321814636,9,0.2716755739476529
Jammu And Kashmir,Anantnag,0.5361351862192875,0.12006325137395799,9,0.22394212217373527
Jammu And Kashmir,Badgam,0.34410688265157785,0.08284304902578528,9,0.24074801523126527
Jammu And Kashmir,Bandipore,0.5230097658372754,0.11967225773122848,9,0.22881457584190165
Jammu And Kashmir,Baramula,0.45977818804844284,0.1275162742436887,9,0.2773430266123312
Jammu And Kashmir,Budgam,0.798143174401174,0.10823337173220003,9,0.13560646160183568
Jammu And Kashmir,Doda,0.515488767219457,0.09237499663898475,9,0.1791988545885391
Jammu And Kashmir,Ganderbal,0.5081436497547871,0.15606556754916234,9,0.30712883576223826
Jammu And Kashmir,Jammu,0.4596094100905903,0.15211678877473483,9,0.33096970043488055
Jammu And Kashmir,Kargil,0.578538521792161,0.17653587905972248,9,0.305141096763722
Jammu And Kashmir,Kathua,0.5749775848138746,0.12228335224053515,9,0.2126749902435229
Jammu And Kashmir,Kishtwar,0.5183688840935761,0.0469908884744789,9,0.09065144517045529
Jammu And Kashmir,Kulgam,0.5791727803746876,0.13014576693140578,9,0.2247097435193861
Jammu And Kashmir,Kupwara,0.4989623436577754,0.08392954188527219,9,0.16820816831587826
Jammu And Kashmir,Leh,0.5935229685560939,0.1647267334604279,9,0.2775406213194588
Jammu And Kashmir,Pulwama,0.5469721733841947,0.18841431575792542,9,0.3444678265663484
Jammu And Kashmir,Punch,0.5505002084908023,0.14324472691834916,9,0.26020830638930176
Jammu And Kashmir,Rajouri,0.5306428734442922,0.13301320846492415,9,0.2506642699289697
Jammu And Kashmir,Ramban,0.6809989605862427,0.1556077147635222,9,0.2284991956956384
Jammu And Kashmir,Reasi,0.5560891810816876,0.10357960866411758,9,0.18626438382174187
Jammu And Kashmir,Samba,0.5959721092833824,0.15911136710081464,9,0.26697787467292
Jammu And Kashmir,Shupiyan,0.6072254907771998,0.15822381774140268,9,0.26056847109446757
Jammu And Kashmir,Srinagar,0.4097622004122087,0.14876401334264927,9,0.3630496253509891
Jammu And Kashmir,Udhampur,0.5023403378857866,0.07872213150815706,9,0.15671075080189067
Jharkhand,Bokaro,0.4278155171631223,0.07191391655883936,9,0.16809562457132476
Jharkhand,Chatra,0.4776846154494056,0.04804437184747366,9,0.1005775993063405
Jharkhand,Deoghar,0.4930932675885372,0.04297825214911706,9,0.08716049269806773
Jharkhand,Dhanbad,0.3470424367429011,0.03995996841896752,9,0.11514432872822121
Jharkhand,Dumka,0.4643005999447045,0.0604762681638185,9,0.13025240150674125
Jharkhand,East Singhbhum,0.4315708694403668,0.04603764530361476,9,0.10667458942099915
Jharkhand,Garhwa,0.4092894544649853,0.040754222822308,9,0.09957310743708526
Jharkhand,Garhwa *,0.09441645378185992,0.02993412180527455,9,0.3170434877212656
Jharkhand,Giridih,0.48327885751002025,0.03948119106889408,9,0.08169443056605363
Jharkhand,Godda,0.5330214084729636,0.06883015367154278,9,0.12913206219752438
Jharkhand,Gumla,0.38267195644290325,0.04385310790844342,9,0.11459712991794982
Jharkhand,Hazaribag,0.20117457552377752,0.03405691011510437,9,0.16929032919012707
Jharkhand,Hazaribagh,0.5034989936262266,0.0396386441697062,9,0.0787263622598857
Jharkhand,Jamtara,0.4443972599522454,0.04504926657530489,9,0.10137161192250793
Jharkhand,Khunti,0.3555928620457269,0.04391710833497825,9,0.12350390860582236
Jharkhand,Kodarma,0.24620053705831818,0.05090546403728345,9,0.20676422824059615
Jharkhand,Koderma,0.46657559465051496,0.06299944354531133,9,0.13502515834009834
Jharkhand,Latehar,0.5015133670536821,0.06545731866991741,9,0.1305195892473806
Jharkhand,Lohardaga,0.3549610636734605,0.040788595735856664,9,0.11491005608823435
Jharkhand,Pakaur,0.4116801294086189,0.06507968665497595,7,0.15808313786838174
Jharkhand,Pakur,0.550688866434601,0.06676897103159644,9,0.12124627008330088
Jharkhand,Palamau,0.18908078867910638,0.059269012636181076,9,0.31345867049860876
Jharkhand,Palamu,0.5093326620475997,0.040643467619708384,9,0.07979748924075489
Jharkhand,Pashchimi Singhbhum,0.23911963352474805,0.05578631878069746,9,0.23329878002227605
Jharkhand,Purbi Singhbhum,0.17445421866753416,0.05982689151080858,9,0.3429374879424589
Jharkhand,Ramgarh,0.4556010273484351,0.04709028902167728,9,0.10335861026420275
Jharkhand,Ranchi,0.3523448932365045,0.0386531909716911,9,0.10970271377183241
Jharkhand,Sahebganj,0.5632546996920647,0.053200963436063696,9,0.09445276438021563
Jharkhand,Sahibganj,0.30331802954282977,0.07315698577348119,9,0.24118904465964533
Jharkhand,Seraikela-Kharsawan,0.39800756809094606,0.058945526651921584,9,0.14810152212596203
Jharkhand,Simdega,0.32418584904464165,0.04817538247601317,9,0.14860421149776723
Jharkhand,West Singhbhum,0.4199016389616536,0.07897564704727038,9,0.1880813021891601
Karnataka,Bagalkot,0.513218518982989,0.03174823611235798,9,0.0618610493153508
Karnataka,Bagalkot *,0.23417823814986133,0.049982535237063405,7,0.21343800189100962
Karnataka,Ballari,0.6687661491102666,0.03526454521495544,9,0.052730756874987995
Karnataka,Bangalore,0.2618077647243221,0.046071425670438634,9,0.17597425240214265
Karnataka,Bangalore Rural,0.48217426160465976,0.06851054521995774,9,0.14208669079920805
Karnataka,Belagavi,0.6666959827415213,0.06272481693065089,9,0.09408308817569307
Karnataka,Belgaum,0.3945844902118034,0.04422390763989755,9,0.112077156444135
Karnataka,Bellary,0.4172095344901314,0.054726566475376597,9,0.1311728566852086
Karnataka,Bengaluru,0.4875898294282155,0.0711319364583485,9,0.14588478299837215
Karnataka,Bidar,0.4786654473554578,0.055854042278057424,9,0.11668701508880819
Karnataka,Bijapur,0.37011454677842726,0.0380466126013152,9,0.10279685824964935
Karnataka,Chamarajanagar,0.2345720253124788,0.052652213470345766,7,0.2244607531533504
Karnataka,Chamrajanagar,0.538329404062077,0.07110431042956909,9,0.13208327446547907
Karnataka,Chamrajnagar,0.269321311503328,0.06266322002022978,7,0.23267085575385466
Karnataka,Chickmagalur,0.3014875547971683,0.06610541302660909,9,0.21926415195175405
Karnataka,Chikkaballapur,0.4985683966330027,0.05100690420460874,9,0.10230673373818966
Karnataka,Chikkamagaluru,0.6131777170689051,0.06556296601003253,9,0.10692326903762057
Karnataka,Chikmagalur,0.1403661248474097,0.05910796757989904,8,0.42109852105808715
Karnataka,Chitradurga,0.4779161876044584,0.06019649202553741,9,0.12595616885728572
Karnataka,Dakshina Kannada,0.49482531599305113,0.08890359285678993,9,0.1796666217013812
Karnataka,Davanagere,0.1418038535007761,0.07875890853501935,9,0.5554073926107255
Karnataka,Davangere,0.4414203746635183,0.05695062705228157,9,0.12901676116716032
Karnataka,Dharwad,0.46769745486492365,0.03492722808478028,9,0.07467910659224702
Karnataka,Gadag,0.5453391917192054,0.05893716296238329,9,0.1080743211882156
Karnataka,Gadag *,0.2828551133986732,0.07082806267408602,8,0.2504040383892818
Karnataka,Gulbarga,0.32651474632515737,0.021311060099930265,9,0.06526829290187035
Karnataka,Hasan,0.22268580404298907,0.042430034358686294,9,0.19053767051309323
Karnataka,Hassan,0.5654347788772653,0.04915475535267576,9,0.08693267055535225
Karnataka,Haveri,0.48860725461125387,0.06980297347800389,9,0.14286110740115923
Karnataka,Haveri *,0.23128432168108953,0.08740045777791527,7,0.3778918395447009
Karnataka,Kalaburagi,0.644205499733206,0.04340740191153871,9,0.06738129669727383
Karnataka,Kodagu,0.46301645285174015,0.07257131169440353,9,0.15673592427965227
Karnataka,Kolar,0.48273238394631435,0.06312434146151728,9,0.1307646711941693
Karnataka,Koppal,0.520022269240224,0.06995362466443722,9,0.1345204403777604
Karnataka,Mandya,0.4665879282504751,0.07689930251170696,9,0.16481202760656433
Karnataka,Mysore,0.32407154988064707,0.06772994696258697,9,0.2089968927773245
Karnataka,Mysuru,0.5921737784906312,0.09365458347601295,9,0.15815388468352226
Karnataka,Raichur,0.47613762301866874,0.07099389498468825,9,0.1491037287383288
Karnataka,Ramanagar,0.4870746560699448,0.06581204999169449,9,0.13511696650922392
Karnataka,Shimoga,0.27419067779632855,0.04804394524527598,9,0.1752209288492422
Karnataka,Shivamogga,0.6391620556643972,0.048826855094645516,9,0.07639198019020528
Karnataka,Tumakuru,0.6080078013348467,0.05641795236894914,9,0.0927914941964342
Karnataka,Tumkur,0.30839157787547056,0.04637134607079692,9,0.15036515066413975
Karnataka,Udupi,0.5757055382180662,0.066026325321756,9,0.11468766745951728
Karnataka,Uttara Kannada,0.5357405322445206,0.07543551112508579,9,0.1408060555154259
Karnataka,Vijayanagara,0.29674265541333444,0.06832291814401423,9,0.23024299640658963
Karnataka,Vijayapura,0.6685062371580892,0.0433029679988376,9,0.06477571276361518
Karnataka,Yadgir,0.5044782992137073,0.04775370345324247,9,0.09465957906945176
Kerala,Alappuzha,0.3880234643193211,0.06603641146043607,9,0.17018664470788777
Kerala,Ernakulam,0.3996100065573554,0.08026106217337563,9,0.200848479408275
Kerala,Idukki,0.3990952535481083,0.09389210090205381,9,0.2352623842737226
Kerala,Kannur,0.40087543951362575,0.07163824007571745,9,0.17870448776466505
Kerala,Kasaragod,0.48680213749525186,0.0861485656047998,9,0.17696833881638424
Kerala,Kasargod,0.09167199317559961,0.023221708319111304,5,0.2533130077648649
Kerala,Kollam,0.38896170719644807,0.049877936020391166,9,0.12823353841153298
Kerala,Kottayam,0.3849005994712761,0.06577933039490123,9,0.17089952700842737
Kerala,Kozhikode,0.3993708152279376,0.08281461523830792,9,0.20736271174708187
Kerala,Malappuram,0.42386335654280705,0.07401970162236111,9,0.17463104672716778
Kerala,Palakkad,0.3732703560069898,0.06955812856991812,9,0.18634785069461982
Kerala,Pathanamthitta,0.33873804038395705,0.05163593797662447,9,0.15243619499627356
Kerala,Thiruvananthapuram,0.3742443174955703,0.04665242447028648,9,0.12465766957393729
Kerala,Thrissur,0.3897304374237239,0.09203368076995443,9,0.2361470183810491
Kerala,Wayanad,0.33445341671915735,0.07016254779640707,9,0.2097827209680534
Ladakh,Kargil,0.5591644315860806,0.20975764442907804,9,0.37512694402627944
Ladakh,Leh,0.4171775502483896,0.18976611941832033,9,0.45488094770519805
Lakshadweep,Lakshadweep,0.46484519752545733,0.11838314753803858,9,0.254672196611336
Madhya Pradesh,Agar Malwa,0.3334557845217068,0.08274668803589295,9,0.24814890572248097
Madhya Pradesh,Alirajpur,0.5073064192117546,0.10566999464136846,9,0.20829619070375058
Madhya Pradesh,Anuppur,0.4224181294578256,0.08697327026265947,9,0.20589379147691841
Madhya Pradesh,Ashok Nagar,0.5604418746091137,0.1130013889536075,9,0.20162909674160512
Madhya Pradesh,Balaghat,0.550647075160545,0.12456545893243318,9,0.2262165088157696
Madhya Pradesh,Barwani,0.5414941410053834,0.06268194311048976,9,0.11575738011515548
Madhya Pradesh,Betul,0.44532448198088065,0.07836343345630829,9,0.17596929121824637
Madhya Pradesh,Bhind,0.5972913339402052,0.08323529895541397,9,0.13935460674831532
Madhya Pradesh,Bhopal,0.47491037484167836,0.0553213056857544,9,0.11648788617051575
Madhya Pradesh,Burhanpur,0.4580097670737672,0.05476060808424316,9,0.11956209675201838
Madhya Pradesh,Chhatarpur,0.5481478868116373,0.06968783202864567,9,0.12713326769166738
Madhya Pradesh,Chhindwara,0.4375587446063459,0.08440727304126044,9,0.19290500780003444
Madhya Pradesh,Damoh,0.5255790127085408,0.10197184259762293,9,0.19401810219193683
Madhya Pradesh,Datia,0.5581561659436393,0.09985256670002883,9,0.17889718468166418
Madhya Pradesh,Dewas,0.4575053673597107,0.07194857632746347,9,0.157262802713513
Madhya Pradesh,Dhar,0.5069055160690014,0.0796967728446823,9,0.1572221455838996
Madhya Pradesh,Dindori,0.536327455426767,0.0975554688920015,9,0.18189534752490824
Madhya Pradesh,East Nimar,0.2508049039434526,0.03423504856460044,9,0.13650071440516648
Madhya Pradesh,Guna,0.5661812802345141,0.11349846392056263,9,0.20046311646607462
Madhya Pradesh,Gwalior,0.5431974407411702,0.04504353678901239,9,0.08292295473180501
Madhya Pradesh,Harda,0.48759011278644565,0.05631417205857408,9,0.11549490152036475
Madhya Pradesh,Harda *,0.2156239463744396,0.03225006976560679,9,0.14956627177949547
Madhya Pradesh,Hoshangabad,0.44908398390080173,0.06529579881178293,9,0.1453977455277188
Madhya Pradesh,Indore,0.48495552937804387,0.048298876471192846,9,0.09959444432592865
Madhya Pradesh,Jabalpur,0.5082006216020009,0.05805719388945267,9,0.11424069830225507
Madhya Pradesh,Jhabua,0.5425981437031395,0.1303195852366595,9,0.24017698318547614
Madhya Pradesh,Katni,0.5258392054347046,0.1239964304981299,9,0.23580674323365375
Madhya Pradesh,Khandwa,0.5992978589532396,0.056485756730801924,9,0.09425322631631368
Madhya Pradesh,Khargone,0.45926776044658063,0.07688199173917147,9,0.16740123814572422
Madhya Pradesh,Maihar,0.12294627472568102,0.04936568109505027,5,0.40152238207457264
Madhya Pradesh,Mandla,0.5434274285252959,0.07086050638057892,9,0.1303955278313311
Madhya Pradesh,Mandsaur,0.4846636992975129,0.07640535061488757,9,0.15764611776296003
Madhya Pradesh,Mauganj,0.05264506745155087,0.026781817987019955,4,0.5087241651208292
Madhya Pradesh,Morena,0.6189882327869716,0.08566610366601975,9,0.13839698257317637
Madhya Pradesh,Narmadapuram,0.20956611283781476,0.021647115827562798,9,0.10329492461558282
Madhya Pradesh,Narsimhapur,0.2660232243967866,0.06075968237049797,9,0.22839991699323192
Madhya Pradesh,Narsinghpur,0.5995543810933692,0.07253045911764179,9,0.12097394565839482
Madhya Pradesh,Neemuch,0.6041100743360044,0.05494804337606779,9,0.09095700553655366
Madhya Pradesh,Niwari,0.5134024951308082,0.08469081914695398,8,0.1649598900476241
Madhya Pradesh,Panna,0.5223524523406133,0.10683759080771124,9,0.2045316152513151
Madhya Pradesh,Raisen,0.5371481892546823,0.1284407141570986,9,0.23911597716696384
Madhya Pradesh,Rajgarh,0.4812045138644189,0.07828696986739203,9,0.16268959997629961
Madhya Pradesh,Ratlam,0.5800304800987244,0.11883836093418203,9,0.2048829587609863
Madhya Pradesh,Rewa,0.5827333333210718,0.10748344265368215,9,0.1844470472301975
Madhya Pradesh,Sagar,0.5631309494667867,0.08317257240431523,9,0.14769668135461045
Madhya Pradesh,Satna,0.5466917847862964,0.09451494988338331,9,0.1728852573124535
Madhya Pradesh,Sehore,0.4514250449145527,0.07281080640475678,9,0.16129102101222287
Madhya Pradesh,Seoni,0.5208959487257365,0.05893124039015472,9,0.11313438035814585
Madhya Pradesh,Shahdol,0.465635521061811,0.08781345962452541,9,0.18858840370313712
Madhya Pradesh,Shajapur,0.4747323920902531,0.06767301050243195,9,0.14254980622760283
Madhya Pradesh,Sheopur,0.5453958848157754,0.10308878888325446,9,0.18901644063206663
Madhya Pradesh,Shivpuri,0.4925135820928934,0.14568131306933424,9,0.29579146315168453
Madhya Pradesh,Sidhi,0.5781392973470488,0.14114733642428,9,0.24414070635221197
Madhya Pradesh,Singrauli,0.6606871078409876,0.10951235344774471,9,0.1657552450290915
Madhya Pradesh,Tikamgarh,0.5213083036014015,0.10861647125109103,9,0.20835361819623052
Madhya Pradesh,Ujjain,0.5781594263741877,0.06204739729353893,9,0.10731883709421966
Madhya Pradesh,Umaria,0.5037346160645336,0.0967864494929486,9,0.19213777732628415
Madhya Pradesh,Vidisha,0.5289366745672505,0.06732122126951445,9,0.12727652383830884
Madhya Pradesh,West Nimar,0.2538411705815477,0.06842431648120055,9,0.2695556293111992
Maharashtra,Ahmadnagar,0.41663706878788687,0.1551550604314405,9,0.3723985983360284
Maharashtra,Ahmed Nagar,0.1980211525927429,0.18404141229842208,9,0.9294027930285205
Maharashtra,Akola,0.2944691735238521,0.12255398362177412,9,0.41618612282975426
Maharashtra,Amravati,0.3046759437133001,0.12715727773920235,9,0.41735253590896326
Maharashtra,Aurangabad,0.34725351605911575,0.08853616202201547,9,0.2549611679293789
Maharashtra,Beed,0.42689240604417694,0.15030849358817486,9,0.35209924435296747
Maharashtra,Bhandara,0.30893043808196,0.12599766439146193,9,0.4078512469465195
Maharashtra,Bid,0.05321640452129601,0.05395987679185692,8,1.0139707347245412
Maharashtra,Buldana,0.08812199288112102,0.07663787155606804,9,0.8696792826673203
Maharashtra,Buldhana,0.3673890014949659,0.14518562310818864,9,0.3951822795930325
Maharashtra,Chandrapur,0.3090275441724394,0.12186395484387347,9,0.3943465789440199
Maharashtra,Chatrapati Sambhaji Nagar,0.20114440770596426,0.05951827897404622,8,0.29589825366187106
Maharashtra,Chhatrapati Sambhajinagar,0.16621662003740256,0.025791560458426826,9,0.15516836073686935
Maharashtra,Dhule,0.35733824581922685,0.10203111483008805,9,0.2855309109053621
Maharashtra,Gadchiroli,0.28194000337102954,0.08879019894712964,9,0.3149258632528384
Maharashtra,Gondia,0.0203236467139985,0.013534083464726765,3,0.6659279043364188
Maharashtra,Gondiya,0.36785462158673016,0.12230593614895356,9,0.3324844353494608
Maharashtra,Gondiya *,0.05696977038931671,0.056667159339319276,4,0.9946882171381513
Maharashtra,Hingoli,0.37003026800160843,0.1247748944760306,9,0.33720185959351906
Maharashtra,Jalgaon,0.3493870765367134,0.11970189577629999,9,0.34260539045359273
Maharashtra,Jalna,0.3588735473824397,0.1145704846685435,9,0.31925029165342605
Maharashtra,Kolhapur,0.4216919373690344,0.12417835942474435,9,0.29447648489440387
Maharashtra,Latur,0.31044880273898756,0.09985125055053867,9,0.3216351606757184
Maharashtra,Mumbai,0.2968388869969317,0.056722998290914435,9,0.19109018654789917
Maharashtra,Mumbai City,0.5908503375390325,0.12080816414754254,9,0.20446491517754573
Maharashtra,Mumbai Suburban,0.565989508972608,0.10479392312479713,9,0.18515170593006308
Maharashtra,Mumbai( Sub Urban ),0.10202063181433792,0.0350928354787064,5,0.3439778293332866
Maharashtra,Nagpur,0.3240228624019805,0.07247233838761279,9,0.22366427433661795
Maharashtra,Nanded,0.3605354638946071,0.12188283509259633,9,0.3380605995759283
Maharashtra,Nandurbar,0.3325549891766787,0.07969371304460447,9,0.23964070796804393
Maharashtra,Nandurbar *,0.010911202864440719,0.012958536219438906,4,1.1876358986661668
Maharashtra,Nashik,0.3611012121020012,0.09867099654748723,9,0.27325025018087
Maharashtra,Osmanabad,0.40450934337818123,0.11132135334041435,9,0.2752009444596154
Maharashtra,Palghar,0.5683044365508412,0.08962068794106152,9,0.15769837815271737
Maharashtra,Parbhani,0.416317798735263,0.11163512299634663,9,0.26814881164217425
Maharashtra,Pune,0.46513413667463765,0.0799532159084073,9,0.17189281457605585
Maharashtra,Raigad,0.2897855735274874,0.09705286234684758,9,0.33491267755481174
Maharashtra,Raigarh,0.4629718323463352,0.09416138300211777,9,0.20338469086749641
Maharashtra,Raigarh(Mh),0.049192025294966475,0.030129477329171546,4,0.6124870270843374
Maharashtra,Ratnagiri,0.39021119159908835,0.13686306887758182,9,0.35074101364626664
Maharashtra,Sangli,0.40659377459697754,0.1351336545786863,9,0.3323554442333334
Maharashtra,Satara,0.4643292640855859,0.13580392036029632,9,0.29247331767412516
Maharashtra,Sindhudurg,0.4255256839289643,0.10972415782862376,9,0.25785554661593757
Maharashtra,Solapur,0.45014400788343534,0.13164025921541853,9,0.2924403233409401
Maharashtra,Thane,0.35280749185335525,0.0702293452015378,9,0.19905854275546023
Maharashtra,Wardha,0.3258604530206346,0.09726077542517594,9,0.29847370100788834
Maharashtra,Washim,0.3214183545513165,0.13380363295978648,9,0.41629120137389003
Maharashtra,Washim *,0.0891165032677146,0.09003023798104332,4,1.0102532603931258
Maharashtra,Yavatmal,0.28439218008696265,0.09670118262813504,9,0.34002757248305965
Manipur,Bishnupur,0.6232273134515869,0.07380099261686278,9,0.11841745543553707
Manipur,Chandel,0.5309259850543626,0.14108201275372104,9,0.26572821207700986
Manipur,Churachandpur,0.5778679269304438,0.12198882444971279,9,0.21110156623106066
Manipur,Imphal East,0.5726373633226238,0.1010031187185244,9,0.17638234105520503
Manipur,Imphal West,0.5647579441802384,0.08690373644170724,9,0.15387784684968067
Manipur,Jiribam,0.22653994876142142,0.13774464807605852,8,0.60803689958067
Manipur,Kakching,0.6969560528773551,0.09441823195581785,6,0.13547228920104212
Manipur,Senapati,0.515681349794733,0.14144515507944833,9,0.27428790111519563
Manipur,Tamenglong,0.4896761395698673,0.12957866058679307,9,0.2646211447031405
Manipur,Thoubal,0.5745872665054979,0.07213151736556121,9,0.12553622673236012
Manipur,Ukhrul,0.4393586986420445,0.11752691083006057,9,0.267496492486228
Meghalaya,East Garo Hills,0.38053807457614897,0.11853156275508502,8,0.31148410809380345
Meghalaya,East Jaintia Hills,0.7060137687767924,0.10653610265289856,9,0.15089805236727635
Meghalaya,East Khasi Hills,0.4391116835385851,0.1229292728094146,9,0.27994990208137494
Meghalaya,North Garo Hills,0.6565103281941888,0.07303171322860898,7,0.11124229138860856
Meghalaya,Ri Bhoi,0.5997111064360043,0.11303559251277755,9,0.1884834069265977
Meghalaya,South Garo Hills,0.49192647064193384,0.1730468345171151,7,0.3517737809296979
Meghalaya,South West Garo Hills,0.50582203898152,0.17251316772168457,9,0.34105506369204935
Meghalaya,South West Khasi Hills,0.5514356581544276,0.1570408907983289,9,0.2847855202616406
Meghalaya,West Garo Hills,0.2925269228916597,0.1072186365941631,9,0.3665257048284496
Meghalaya,West Jaintia Hills,0.6904855715688145,0.0820331116457574,9,0.11880496135404314
Meghalaya,West Khasi Hills,0.55507911765963,0.08457522357611537,9,0.15236606978246334
Mizoram,Aizawl,0.6677564413448609,0.10235480152856008,9,0.15328163862023944
Mizoram,Champhai,0.6248401053382248,0.13462580079035485,9,0.21545640179015424
Mizoram,Kolasib,0.670363249316319,0.1266519823459172,9,0.18893037838080373
Mizoram,Lawngtlai,0.6205279782285585,0.11466830700849867,9,0.18479151791970128
Mizoram,Lunglei,0.6113899284832196,0.08256735281057502,9,0.13504859822505433
Mizoram,Mamit,0.7748522959980212,0.049923235014810545,9,0.0644293567595469
Mizoram,Mammit,0.5496670488024478,0.09950155571224242,5,0.18102150370669867
Mizoram,Saiha,0.6424544653957147,0.16196892962870044,9,0.25210958651978077
Mizoram,Serchhip,0.5393596972022876,0.13324394357155242,9,0.24704097147544024
Nagaland,Chumukedima,0.2895159695080181,0.0340096888676173,3,0.11747085635866938
Nagaland,Dimapur,0.3598226178363164,0.15516093215879218,9,0.43121506116487374
Nagaland,Kiphire,0.3769519991653688,0.12824815907121623,9,0.3402241117043493
Nagaland,Kohima,0.24608236925174845,0.11401929405507091,9,0.4633379238088622
Nagaland,Longleng,0.2912439421957605,0.11940245443778554,9,0.40997403598365256
Nagaland,Meluri,0.17655729688074642,0.058816666939791984,3,0.3331307625281498
Nagaland,Mokokchung,0.26466100846484547,0.11064243371992974,9,0.4180533972937922
Nagaland,Mon,0.37238192727100344,0.15794081935866827,9,0.42413663980992766
Nagaland,Peren,0.4213851394411114,0.13457073202248335,9,0.31935329328643686
Nagaland,Phek,0.22157919580937288,0.1356270672931506,9,0.6120929665699849
Nagaland,Tuensang,0.28472516098195244,0.10010600456820762,9,0.35158819200580915
Nagaland,Wokha,0.3230832567076779,0.1581688540427418,9,0.48956066511936647
Nagaland,Zunheboto,0.21289186892938833,0.11819357535249306,9,0.5551812567895458
Odisha,Angul,0.5107977158592752,0.09761645210116879,9,0.1911058900037488
Odisha,Anugul,0.24171379261332046,0.03504159884038186,8,0.1449714493390096
Odisha,Balangir,0.49469642385407275,0.08706024173796648,9,0.17598720657751876
Odisha,Baleshwar,0.26060371667933135,0.05031068990837502,9,0.19305438368049643
Odisha,Baleswar,0.5776938371771227,0.11693089096417497,9,0.20240979466831943
Odisha,Bargarh,0.5216380398757998,0.11284756136390281,9,0.2163330753078733
Odisha,Baudh,0.20844912261685777,0.10550426983069,9,0.5061391888159361
Odisha,Bhadrak,0.5415624560290557,0.09713414115625728,9,0.17935907497813303
Odisha,Boudh,0.5153617811994988,0.1300358297429184,9,0.25231950541668313
Odisha,Cuttack,0.47558477596368814,0.10187802380046053,9,0.2142163268242193
Odisha,Debagarh,0.52288226624866,0.11554075502644748,9,0.22096896851250514
Odisha,Dhenkanal,0.5035548880705213,0.1058970551709165,9,0.21029893201252362
Odisha,Gajapati,0.5295184041996546,0.1329826652607017,9,0.25113889187987637
Odisha,Ganjam,0.5131636947858506,0.08616166009372443,9,0.16790287576692411
Odisha,Jagatsinghapur,0.5381075936530761,0.14573725566646759,9,0.27083292892615446
Odisha,Jagatsinghpur,0.22773701957465364,0.0701993035403406,9,0.3082472216043418
Odisha,Jajapur,0.4727241194944014,0.05496661165755034,9,0.11627630025804368
Odisha,Jajpur,0.5812165940037218,0.12478630766986563,9,0.2146984600186184
Odisha,Jharsuguda,0.5197202330616133,0.10471525929654744,9,0.20148389967364105
Odisha,Kalahandi,0.4674033324849922,0.07713005852887009,9,0.1650182041253346
Odisha,Kandhamal,0.4990449816429958,0.10168926995981556,9,0.20376774379140336
Odisha,Kendrapara,0.5137771828536583,0.10544509903332444,9,0.20523507573390798
Odisha,Kendujhar,0.47842997021805833,0.08823905991011387,9,0.18443464122846726
Odisha,Khorda,0.5229112133883974,0.10298011067412606,9,0.19693612995374146
Odisha,Khordha,0.1539467612553919,0.03177743069757424,9,0.20641831265846947
Odisha,Koraput,0.4628088235546382,0.04682279058502606,9,0.1011709116204831
Odisha,Malkangiri,0.5658927969397128,0.08575661672652668,9,0.15154215991136344
Odisha,Mayurbhanj,0.5015567636165851,0.09569973865412042,9,0.1908053995006596
Odisha,Nabarangapur,0.5162935184333837,0.07091691278344969,9,0.1373577437087271
Odisha,Nayagarh,0.5022112825280015,0.09930892977051796,9,0.19774332681381138
Odisha,Nuapada,0.49954254239966644,0.12901084262327311,9,0.25825796938843315
Odisha,Puri,0.4993011894143788,0.09930094843113936,9,0.19887985555894153
Odisha,Rayagada,0.5027327741853166,0.09046174243898104,9,0.17994001402748247
Odisha,Sambalpur,0.514477026071113,0.0695447300835069,9,0.1351755793929157
Odisha,Sonapur,0.5894978582258954,0.11456853065645006,9,0.19434935862404346
Odisha,Subarnapur,0.3132018447066348,0.09034522891717187,9,0.2884568863309061
Odisha,Sundargarh,0.20462865130811422,0.028475844138837435,9,0.13915863666599004
Odisha,Sundergarh,0.5121386963159312,0.05936658604938488,9,0.11591896194612573
Puducherry,Karaikal,0.338840214453583,0.07016285066270442,9,0.20706766100903848
Puducherry,Pondicherry,0.20235412312347753,0.050451295709492944,9,0.24932180738767207
Puducherry,Puducherry,0.5509348287746065,0.11133465898183924,9,0.20208317421040642
Punjab,Amritsar,0.37847550654390516,0.06819375007980791,9,0.18018008801290045
Punjab,Barnala,0.4621932786499961,0.15174094401824637,9,0.32830625417457626
Punjab,Bathinda,0.4483128104160531,0.11454834813192785,9,0.25550987049783874
Punjab,Faridkot,0.392223797926553,0.07868777769499444,9,0.2006195904250801
Punjab,Fatehgarh Sahib,0.4670182379133252,0.13482960699199417,9,0.28870308704521613
Punjab,Fazilka,0.4929328079616788,0.08170367202455862,9,0.16575011990459837
Punjab,Ferozepur,0.4600396395660642,0.11057726328176291,9,0.2403646420253388
Punjab,Firozpur,0.1730619068936401,0.06013427923684841,9,0.3474726490434753
Punjab,Gurdaspur,0.33030436134725144,0.043713806558562655,9,0.13234401865074377
Punjab,Hoshiarpur,0.3627642205553441,0.073142672283514,9,0.20162592708713728
Punjab,Jalandhar,0.3550540817830119,0.07876827429265772,9,0.22184866569368505
Punjab,Kapurthala,0.3384574789527766,0.09485822064422354,9,0.2802662861453821
Punjab,Ludhiana,0.4325485294130343,0.04966130680926277,9,0.1148109482111819
Punjab,Malerkotla,0.421053635080448,0.07342794493447555,9,0.17439095359061832
Punjab,Mansa,0.4008976237096442,0.11759133065551616,9,0.29332009895045763
Punjab,Moga,0.38084382638842346,0.047101207375335546,9,0.12367591151995443
Punjab,Muktsar,0.10736585310207304,0.04311416129302647,9,0.4015630672820874
Punjab,Nawanshahr,0.046446119895567295,0.014353809796235769,5,0.30904217248954013
Punjab,Pathankot,0.49357495119848405,0.08614166695876659,9,0.17452601018264793
Punjab,Patiala,0.4587584441045013,0.08641216207040883,9,0.18836091886893938
Punjab,Rupnagar,0.3795332093244709,0.06432227592248038,9,0.16947733252899597
Punjab,S.A.S Nagar(Mohali),0.11612334175762243,0.07319847633927909,8,0.6303511010909595
Punjab,Sangrur,0.4554930788617807,0.10480572693938063,9,0.23009290767112603
Punjab,Sas Nagar (Mohali),0.5182091910608151,0.06945909815794699,9,0.13403679316408637
Punjab,Shaheed Bhagat Singh Nagar,0.45450820906707645,0.07682370325084514,9,0.1690259971509282
Punjab,Sri Muktsar Sahib,0.4643166695847958,0.08889201248055219,9,0.19144695485527533
Punjab,Tarn Taran,0.34374522694013226,0.06685209450068834,9,0.19448152079310618
Rajasthan,Ajmer,0.5220896681766578,0.11730702376049576,9,0.2246875027620791
Rajasthan,Alwar,0.5284517953585192,0.12180879821170057,9,0.23050124776104025
Rajasthan,Banswara,0.5040043176213914,0.17683715530705435,9,0.3508643658880212
Rajasthan,Baran,0.46706949256869884,0.11879797903348453,9,0.25434754554433064
Rajasthan,Barmer,0.5465778743597307,0.1227483664118665,9,0.2245761714296535
Rajasthan,Bharatpur,0.515410248035153,0.12337485092081799,9,0.23937213392855033
Rajasthan,Bhilwara,0.5060233554358251,0.12930648146032117,9,0.2555346113401283
Rajasthan,Bikaner,0.45323776865671206,0.1100312866367651,9,0.24276724987608916
Rajasthan,Bundi,0.48969814049963034,0.11508211098986257,9,0.23500622418628409
Rajasthan,Chittaurgarh,0.22022605130097916,0.09992936276745225,9,0.45375813704655904
Rajasthan,Chittorgarh,0.5298394397640901,0.10042730214582948,9,0.1895428966000427
Rajasthan,Churu,0.4816792742172378,0.11400732999376678,9,0.2366872234206809
Rajasthan,Dausa,0.49450940735149373,0.12386878956047892,9,0.25048823686469096
Rajasthan,Dholpur,0.593268425097927,0.12761372324289413,9,0.21510284020564513
Rajasthan,Dungarpur,0.5452257320474303,0.14797527028348323,9,0.27140184621845864
Rajasthan,Ganganagar,0.4262935694353971,0.12365764147581133,9,0.2900762534128517
Rajasthan,Hanumangarh,0.4268942777629627,0.1170560572822978,9,0.2742038565044771
Rajasthan,Jaipur,0.43698967299339825,0.09399382487907484,9,0.21509392712924555
Rajasthan,Jaisalmer,0.5290064750463606,0.12841499402593023,9,0.24274749002774745
Rajasthan,Jalor,0.48447656433953706,0.13332094992799667,9,0.27518555022314967
Rajasthan,Jhalawar,0.4674111031326729,0.14238400749632235,9,0.3046226470489024
Rajasthan,Jhunjhunu,0.2632899340282054,0.12049183635589955,6,0.4576393579216426
Rajasthan,Jhunjhunun,0.421881479125802,0.12418916593841879,9,0.29436979835131966
Rajasthan,Jodhpur,0.502013540102539,0.10979931961351298,9,0.21871784492323829
Rajasthan,Karauli,0.5883230705050981,0.11312726155418042,9,0.1922876515059256
Rajasthan,Kota,0.48050489461468326,0.10894755429423833,9,0.22673557650563236
Rajasthan,Nagaur,0.4855456271786028,0.11899732875031092,9,0.24507960135853313
Rajasthan,Pali,0.42492549269675123,0.1277571487881517,9,0.30065776467623184
Rajasthan,Pratapgarh,0.519751019948865,0.15401643380285304,9,0.29632733345671114
Rajasthan,Rajsamand,0.5076031808883106,0.1167825049108755,9,0.23006653485997655
Rajasthan,Sawai Madhopur,0.5041604760601677,0.11380254188300329,9,0.22572682169044492
Rajasthan,Sikar,0.44223942317086484,0.10061111313140898,9,0.2275037182574666
Rajasthan,Sirohi,0.480448176452563,0.13268985013651038,9,0.2761793188939526
Rajasthan,Tonk,0.49087366794724446,0.13069062640193274,9,0.266240857751568
Rajasthan,Udaipur,0.5038618118697143,0.11982402304897877,9,0.2378112812406632
Sikkim,East,0.447083732227425,0.061620414934910786,9,0.1378274593618302
Sikkim,East Sikkim,0.6421791471311287,0.10467636107496685,9,0.16300180649371449
Sikkim,North Sikkim,0.777750956035983,0.13715755910302443,3,0.17635151463147644
Sikkim,South,0.32817171747770707,0.03544039329299683,8,0.10799344186448462
Sikkim,South Sikkim,0.621315690292468,0.08050686697995141,8,0.12957481717877575
Sikkim,West,0.3916632014072068,0.07506551476397458,8,0.1916583291314366
Sikkim,West Sikkim,0.6404480347035242,0.09312105737394737,9,0.14539986435754293
Tamil Nadu,Ariyalur,0.4272126149584887,0.1467958801004061,9,0.3436131681520451
Tamil Nadu,Chengalpattu,0.575793693840154,0.16213469311274029,9,0.28158469751798026
Tamil Nadu,Chennai,0.4848307594669521,0.15785147837878538,9,0.3255805769261328
Tamil Nadu,Coimbatore,0.34048524219104026,0.05713808845218333,9,0.16781370048374714
Tamil Nadu,Cuddalore,0.5162329952735706,0.11452406953395107,9,0.2218456987106386
Tamil Nadu,Dharmapuri,0.6143782742759858,0.10705146186651424,9,0.17424356678736574
Tamil Nadu,Dindigul,0.3535253236491048,0.06798141553226841,9,0.19229574512671707
Tamil Nadu,Erode,0.42844016917769273,0.11621287695956997,9,0.2712464547444697
Tamil Nadu,Kallakurichi,0.5054439618551826,0.11476807669151451,9,0.2270638989736261
Tamil Nadu,Kancheepuram,0.5076296610272267,0.11843744567985764,9,0.23331466770517426
Tamil Nadu,Kanniyakumari,0.3944686480430551,0.14101715600815246,9,0.35748634703349313
Tamil Nadu,Kanyakumari,0.6987043761011017,0.14657422168295484,9,0.2097800252817448
Tamil Nadu,Karur,0.4823419274095912,0.1123676562873343,9,0.23296265553940712
Tamil Nadu,Krishnagiri,0.5902593186265309,0.12121589489859327,9,0.20536040867707
Tamil Nadu,Madurai,0.4685328373780712,0.11836857719247829,9,0.252636672927502
Tamil Nadu,Mayiladuthurai,0.7399127691848498,0.11415621970822643,8,0.15428334860876983
Tamil Nadu,Nagapattinam,0.4272666624754728,0.07303298250006848,9,0.17093068314044027
Tamil Nadu,Namakkal,0.3818348760775653,0.15425871796310414,9,0.40399326417675974
Tamil Nadu,Perambalur,0.43704115116634257,0.14966780399448,9,0.3424570056962778
Tamil Nadu,Pudukkottai,0.3838422303621032,0.09716784470047546,9,0.25314526910916174
Tamil Nadu,Ramanathapuram,0.4496897519857984,0.08346946725569462,9,0.18561567589009825
Tamil Nadu,Salem,0.47089837940775564,0.11256116618529866,9,0.23903494067417635
Tamil Nadu,Sivaganga,0.4439000455436666,0.10720552010346426,9,0.24150824308243604
Tamil Nadu,Tenkasi,0.6561318022396319,0.1723226884067002,9,0.2626342570478921
Tamil Nadu,Thanjavur,0.41850816743038144,0.10614769196388144,9,0.2536335016246464
Tamil Nadu,The Nilgiris,0.4912635234187845,0.11412034905777994,9,0.2322996591800618
Tamil Nadu,Theni,0.44885294570208323,0.09689866107961871,9,0.21588063976733524
Tamil Nadu,Thiruvallur,0.3174815648560092,0.11692912266769352,8,0.36830208620373167
Tamil Nadu,Thiruvarur,0.46891056029458955,0.12714554441602047,9,0.2711509511241168
Tamil Nadu,Thoothukkudi,0.47926332113322917,0.1550940148796739,9,0.3236091894388048
Tamil Nadu,Tiruchirappalli,0.3649506617100957,0.08408772194667591,9,0.2304084654968301
Tamil Nadu,Tirunelveli,0.441939083211537,0.13126732593416246,9,0.29702583663850907
Tamil Nadu,Tirupattur,0.6868510099415599,0.15573857284463422,9,0.2267428752239661
Tamil Nadu,Tiruppur,0.4739638322993718,0.09224995865546139,9,0.19463501720779647
Tamil Nadu,Tiruvallur,0.5215118523308429,0.11305980682681076,9,0.21679240140277106
Tamil Nadu,Tiruvannamalai,0.5610735778578274,0.10386379191005084,9,0.1851161701582912
Tamil Nadu,Vellore,0.49962286624655483,0.0952265405369945,9,0.19059684207888503
Tamil Nadu,Villupuram,0.6876161986662515,0.08833297160046813,9,0.1284626100603868
Tamil Nadu,Viluppuram,0.25168525122853985,0.08710964796656125,9,0.3461054930368659
Tamil Nadu,Virudhunagar,0.46888800348744625,0.13854345800182166,9,0.29547238780130347
Telangana,Adilabad,0.5494798960476649,0.0962801114098465,9,0.1752204441006421
Telangana,Bhadradri Kothagudem,0.5252452383065189,0.11390903058324388,9,0.2168682784264855
Telangana,Hanumakonda,0.21199383395217197,0.057715865561254895,9,0.272252567375503
Telangana,Hyderabad,0.5731051715388905,0.1014939858599543,9,0.17709487001735594
Telangana,Jagitial,0.588993904261908,0.14905837247578654,9,0.25307286102150345
Telangana,Jangoan,0.4913337231374098,0.15770666934093017,9,0.32097668430714416
Telangana,Jayashankar Bhupalpally,0.44354198548596546,0.10844230958711285,9,0.24449164484011215
Telangana,Jogulamba Gadwal,0.5306130236330697,0.10972361850548139,9,0.20678651600786493
Telangana,K.V. Rangareddy,0.49414180111759165,0.08059943892934635,9,0.16310993878084395
Telangana,Kamareddy,0.5037777897056551,0.1054492243599713,9,0.2093169379729556
Telangana,Karimnagar,0.4988345682526955,0.09852671552162182,9,0.1975138087697863
Telangana,Khammam,0.6975497831717772,0.09709004072329847,9,0.1391872566884438
Telangana,Komaram Bheem,0.48724554113933294,0.14865608032115624,9,0.3050947987611168
Telangana,Mahabubabad,0.5548174839217022,0.15763941266473847,9,0.2841284156196222
Telangana,Mahabubnagar,0.5377949528479231,0.07740394355421208,9,0.14392835623375635
Telangana,Mancherial,0.5410770141222433,0.17359195838763455,9,0.32082671016665226
Telangana,Medak,0.5202673844299002,0.06342513366977127,9,0.12190872533605276
Telangana,Medchal-Malkajgiri,0.45907116037582707,0.11361655894755313,9,0.24749225992445012
Telangana,MedchalMalkajgiri,0.749450560013993,0.016822521603671425,4,0.02244647279115694
Telangana,Mulugu,0.42504278113506466,0.13372358861719003,9,0.3146120686018593
Telangana,Nagarkurnool,0.5576865698658172,0.15637611203226884,9,0.2804014306277698
Telangana,Nalgonda,0.5736181254479148,0.08587459314297381,9,0.14970690313510904
Telangana,Narayanpet,0.4711445203666046,0.07530693818669645,9,0.15983829787110546
Telangana,Nirmal,0.4509915849901957,0.07492771772402823,9,0.16613994632661963
Telangana,Nizamabad,0.5305946177887411,0.0846552933784419,9,0.1595479685249047
Telangana,Peddapalli,0.36835506015477165,0.1403513316283562,9,0.3810218639846696
Telangana,Rajanna Sircilla,0.5199154387132462,0.1270126825644298,9,0.24429488548902717
Telangana,Rangareddy,0.3348347614467553,0.1334495437455384,9,0.3985534332484749
Telangana,Sangareddy,0.604710061265024,0.12744869638939346,9,0.21076000641162973
Telangana,Siddipet,0.5573306463882146,0.14301347324181413,9,0.25660435895390643
Telangana,Suryapet,0.4443730567022487,0.09219469834713272,9,0.20747139583871665
Telangana,Vikarabad,0.5522807119631873,0.10686061590220561,9,0.193489675788874
Telangana,Wanaparthy,0.47143312116723635,0.10373427381267408,9,0.22004027539650814
Telangana,Warangal,0.5888348070685545,0.07647364954895325,9,0.12987284146748798
Telangana,Warangal Rural,0.5027968646388827,0.13154034850720508,9,0.26161728077138985
Telangana,Warangal Urban,0.5312534336338476,0.140926738627936,9,0.26527214641038166
Telangana,Yadadri.,0.5108479021839231,0.17464855829782583,9,0.3418797602010045
Tripura,Dhalai,0.5778854797460323,0.07971032205283175,9,0.13793446079985025
Tripura,Gomati,0.7686517857124847,0.07351963472123776,9,0.09564751697426992
Tripura,Khowai,0.7288054644262965,0.09456173773000214,9,0.12974894172128576
Tripura,North Tripura,0.4670576017091018,0.08255466560826143,9,0.1767547842196969
Tripura,Sepahijala,0.6839934196790654,0.05265381115090306,9,0.07697999664325515
Tripura,South Tripura,0.3833417984235922,0.05914565132238346,9,0.15428959629658645
Tripura,Unakoti,0.653683494197055,0.1603627561675602,9,0.24532171546497447
Tripura,West Tripura,0.3793820379294328,0.06880592908499704,9,0.18136317011875858
Uttar Pradesh,Agra,0.6467709716859432,0.045684177975144395,9,0.07063424299340317
Uttar Pradesh,Aligarh,0.7186847742723127,0.048569311774968905,9,0.06758082752503922
Uttar Pradesh,Allahabad,0.6776429674083398,0.06799981829011695,9,0.10034755994027905
Uttar Pradesh,Ambedkar Nagar,0.6041833491080821,0.06799752323436226,9,0.11254451704891028
Uttar Pradesh,Amethi,0.6216203953054636,0.04472875506776802,9,0.07195509575548652
Uttar Pradesh,Amroha,0.696760429028822,0.07632519686478614,9,0.10954295577774395
Uttar Pradesh,Auraiya,0.6849409113453825,0.047776920941896964,9,0.06975334682235879
Uttar Pradesh,Ayodhya,0.48654629554447354,0.07763217732374246,9,0.1595576372375162
Uttar Pradesh,Azamgarh,0.5457987565677084,0.05533185022181149,9,0.10137775060128296
Uttar Pradesh,Baghpat,0.6460526240789375,0.05195023209760576,9,0.08041176548376384
Uttar Pradesh,Bahraich,0.7263110616996512,0.04510323256117138,9,0.0620990577447969
Uttar Pradesh,Ballia,0.583272138291539,0.062219747091394016,9,0.10667361426458964
Uttar Pradesh,Balrampur,0.6509008387687778,0.05233637045837755,9,0.08040605779119178
Uttar Pradesh,Banda,0.6298050748569646,0.05594761413305494,9,0.0888332221612556
Uttar Pradesh,Bara Banki,0.6932262176837249,0.03888425296045109,9,0.056091722973742895
Uttar Pradesh,Barabanki,0.19240158127258866,0.04552090808747305,9,0.23659321189767366
Uttar Pradesh,Bareilly,0.7081283153045529,0.060755473682257796,9,0.08579726635578468
Uttar Pradesh,Basti,0.6313264738071229,0.056854067632946266,9,0.09005493986351631
Uttar Pradesh,Bhadohi,0.5576813964830419,0.09736874425996095,9,0.17459564703790822
Uttar Pradesh,Bijnor,0.6592592543635009,0.05090533771879949,9,0.07721596228170871
Uttar Pradesh,Budaun,0.6995942175746489,0.043038912325061476,9,0.06151982283997236
Uttar Pradesh,Bulandshahr,0.7382082515248157,0.03938379102270195,9,0.053350515848816706
Uttar Pradesh,Chandauli,0.6701617494620027,0.06859650615203036,9,0.10235813399839482
Uttar Pradesh,Chitrakoot,0.679935487609897,0.03652629429041777,9,0.05372023516350744
Uttar Pradesh,Deoria,0.5647718447542833,0.05677743730639312,9,0.10053163562198363
Uttar Pradesh,Etah,0.7035902810818192,0.09274929140759108,9,0.13182287177841992
Uttar Pradesh,Etawah,0.6495093741090643,0.06049165767600113,9,0.09313438741200292
Uttar Pradesh,Faizabad,0.6815273742128439,0.06159861067372099,9,0.09038317902471145
Uttar Pradesh,Farrukhabad,0.7177848676368579,0.042619958051389545,9,0.05937706403829045
Uttar Pradesh,Fatehpur,0.5991831652629437,0.06079600570635773,9,0.10146480947888147
Uttar Pradesh,Firozabad,0.7120110978196068,0.07374131355001745,9,0.10356764631314827
Uttar Pradesh,Gautam Buddha Nagar,0.550756777237819,0.03946490463215176,9,0.07165577667528301
Uttar Pradesh,Ghaziabad,0.5397108359853084,0.034590694470370296,9,0.0640911617185168
Uttar Pradesh,Ghazipur,0.6226939907517055,0.05704369156129994,9,0.09160790437761857
Uttar Pradesh,Gonda,0.6507602482678662,0.041585967881851614,9,0.06390366958114194
Uttar Pradesh,Gorakhpur,0.4569694331071723,0.05369731184840037,9,0.1175074478905175
Uttar Pradesh,Hamirpur,0.6604344181487208,0.07826818488681134,9,0.1185101544316947
Uttar Pradesh,Hapur,0.6940035687091802,0.03963999055826962,9,0.05711784830155624
Uttar Pradesh,Hardoi,0.7319474795050347,0.05059335251410618,9,0.06912156121955493
Uttar Pradesh,Hathras,0.7411969665162249,0.05711808056404333,9,0.07706194593929575
Uttar Pradesh,Jalaun,0.6227851609358217,0.040683216892511996,9,0.06532464073386042
Uttar Pradesh,Jaunpur,0.5934476797482234,0.05141068570485452,9,0.0866305277773873
Uttar Pradesh,Jhansi,0.6082816813843687,0.041188054083791115,9,0.06771213953057496
Uttar Pradesh,Kannauj,0.6947999451166034,0.04435242914129332,9,0.06383481958083628
Uttar Pradesh,Kanpur Dehat,0.7057556573275523,0.050344903256823156,9,0.07133474983036132
Uttar Pradesh,Kanpur Nagar,0.5136249492229437,0.05963818646859005,9,0.11611232390252045
Uttar Pradesh,Kasganj,0.6876546407530437,0.05450602118340554,9,0.07926365642456298
Uttar Pradesh,Kaushambi,0.7469912500377205,0.08433843027758223,9,0.11290417427690543
Uttar Pradesh,Kheri,0.7280993696750874,0.0415855268912555,9,0.057115180459245476
Uttar Pradesh,Kushinagar,0.5396286442311118,0.05690757069579501,9,0.10545691246038205
Uttar Pradesh,Lalitpur,0.590075136434479,0.05574755922978801,9,0.09447535709882962
Uttar Pradesh,Lucknow,0.5706948350748559,0.02668685827144497,9,0.046762046248315106
Uttar Pradesh,Maharajganj,0.5670261788983916,0.045733938508725744,9,0.08065577959306364
Uttar Pradesh,Mahoba,0.6733772978959782,0.03799518173292871,9,0.056424803526414866
Uttar Pradesh,Mainpuri,0.639688006194852,0.06723881725262705,9,0.10511189298763526
Uttar Pradesh,Mathura,0.6707876891628684,0.042402770106699114,9,0.06321339939857432
Uttar Pradesh,Mau,0.5330499146685403,0.07070141276673426,9,0.13263563283880764
Uttar Pradesh,Meerut,0.6244709443588985,0.047614921713578236,9,0.07624841819095557
Uttar Pradesh,Mirzapur,0.6813274724900774,0.0446856158666205,9,0.06558610605162599
Uttar Pradesh,Moradabad,0.6289357408758129,0.06620328945187628,9,0.10526240623515228
Uttar Pradesh,Muzaffarnagar,0.6587382845051483,0.07753309475616256,9,0.11769939075942172
Uttar Pradesh,Pilibhit,0.6935196474105286,0.062401741998839425,9,0.08997833332023937
Uttar Pradesh,Pratapgarh,0.5946817172687003,0.07351449680843099,9,0.12361990401533443
Uttar Pradesh,Prayagraj,0.5356103667549683,0.05890349156641903,9,0.10997451734044997
Uttar Pradesh,Rae Bareli,0.6443626108768216,0.0666839238327254,9,0.10348819547736439
Uttar Pradesh,Rampur,0.6604618887648637,0.08348518896831202,9,0.12640424888775717
Uttar Pradesh,Saharanpur,0.603307302711483,0.04649078694962854,9,0.07705987767872524
Uttar Pradesh,Sambhal,0.757336688094584,0.0395892367070735,9,0.05227428874029299
Uttar Pradesh,Sant Kabir Nagar,0.5904980860665239,0.07100248105406316,9,0.12024167855823367
Uttar Pradesh,Sant Ravidas Nagar,0.6515075451941327,0.07296316205290133,9,0.11199127714040544
Uttar Pradesh,Shahjahanpur,0.743250426266234,0.05027137644214672,9,0.06763719826531171
Uttar Pradesh,Shamli,0.632219727288384,0.0931040506024469,9,0.14726533605930636
Uttar Pradesh,Shrawasti,0.639108433561529,0.05648930190432495,9,0.088387664655792
Uttar Pradesh,Siddharthnagar,0.6024200363811222,0.06874964882621139,9,0.11412244725325967
Uttar Pradesh,Sitapur,0.7536055735228694,0.05110589255511826,9,0.06781517328250938
Uttar Pradesh,Sonbhadra,0.6846323021288026,0.05127579808472786,9,0.07489538241957089
Uttar Pradesh,Sultanpur,0.6113458112472998,0.06504086195272223,9,0.10638964192790075
Uttar Pradesh,Unnao,0.634043113050659,0.04821744568497917,9,0.07604758208473227
Uttar Pradesh,Varanasi,0.565253797520241,0.05079400205314355,9,0.08986052331886313
Uttarakhand,Almora,0.5068119504428927,0.06758423349185733,9,0.13335169668512517
Uttarakhand,Bageshwar,0.37556396883844984,0.10076287956646589,9,0.268297515009512
Uttarakhand,Chamoli,0.4750838974072984,0.11338940646449994,9,0.2386723841479499
Uttarakhand,Champawat,0.48531765208590094,0.09047351666338846,9,0.1864212362244238
Uttarakhand,Dehradun,0.4846044885975236,0.11697629745495043,9,0.24138508868022937
Uttarakhand,Hardwar,0.20209430000188675,0.09289604420384324,3,0.4596668199101903
Uttarakhand,Haridwar,0.566368053265672,0.13189664485352717,9,0.23288150539744001
Uttarakhand,Nainital,0.511073759625317,0.08850526407209264,9,0.17317512864870702
Uttarakhand,Pauri Garhwal,0.5171514341300638,0.12263108773993298,9,0.23712800477140553
Uttarakhand,Pithoragarh,0.4973793267154821,0.12455529677874524,9,0.2504231480654103
Uttarakhand,Rudraprayag,0.44330285687027243,0.12081028938847548,9,0.2725231464588311
Uttarakhand,Tehri Garhwal,0.44908417548382346,0.09111945297921686,9,0.20290060962635523
Uttarakhand,Udham Singh Nagar,0.5570653025747201,0.1092941079196725,9,0.1961962222642878
Uttarakhand,Uttarkashi,0.5294836070133395,0.14258534856924446,9,0.269291337221045
West Bengal,Alipurduar,0.4954466505656028,0.0716041521008505,9,0.1445244447996713
West Bengal,Bankura,0.4853272352418439,0.04802748319650872,9,0.09895896976104401
West Bengal,Barddhaman,0.4269534651443231,0.049456660730536124,9,0.11583618536464692
West Bengal,Bardhaman,0.22675818480844465,0.08211730212557496,9,0.36213600049296585
West Bengal,Birbhum,0.42910376742895184,0.05678712998392091,9,0.13233892194461644
West Bengal,Cooch Behar,0.4427754249921299,0.05638332429828413,9,0.12734068133814408
West Bengal,Dakshin Dinajpur,0.4633413705871837,0.0815261685834273,9,0.17595270735291937
West Bengal,Darjeeling,0.3409889434430944,0.03864374537912201,9,0.11332844106005753
West Bengal,Darjiling,0.20488849483839736,0.04366989735146554,9,0.213139822155019
West Bengal,East Midnapore,0.29319246029186696,0.11247056761973556,9,0.38360661630852805
West Bengal,Haora,0.18671529110708163,0.03633035776664687,9,0.19457623181923184
West Bengal,Hooghly,0.4277087624792872,0.05086646016343245,9,0.11892779532637184
West Bengal,Howrah,0.4274536167460571,0.06624442834368152,9,0.15497454167766747
West Bengal,Hugli,0.2255647652301727,0.06602691563141432,3,0.2927182158261224
West Bengal,Jalpaiguri,0.39323292467161824,0.033969070200331845,9,0.0863840946906946
West Bengal,Jhargram,0.44003915632413054,0.1389877129396081,9,0.3158530574884351
West Bengal,Kalimpong,0.6632769049648845,0.06798392189653903,3,0.10249704367459962
West Bengal,Koch Bihar,0.20748420422499733,0.0452381847712946,9,0.21803194580652507
West Bengal,Kolkata,0.29533403455158797,0.04562773241792397,9,0.15449534113872632
West Bengal,Malda,0.39920045944048516,0.03962990564832072,9,0.09927319648846483
West Bengal,Maldah,0.23894903308525794,0.05452846234963558,9,0.22820122620115232
West Bengal,Murshidabad,0.4093613307899484,0.039926209128433816,9,0.09753292782048523
West Bengal,Nadia,0.40313673969001346,0.04626816726058634,9,0.11477040593264615
West Bengal,North 24 Parganas,0.4229516291676585,0.05362348060685657,9,0.12678395567924428
West Bengal,North Dinajpur,0.17668255524381882,0.048689683602323224,6,0.2755771985249609
West Bengal,North Twenty Four Parganas,0.195332417293727,0.042887218326192425,9,0.21956016784301438
West Bengal,Paschim Bardhaman,0.36855547992056903,0.09391692878067918,9,0.25482439930324774
West Bengal,Paschim Medinipur,0.4620073860407506,0.04409925509638085,9,0.09545140711774498
West Bengal,Purba Bardhaman,0.4187248186002805,0.1083568351069018,9,0.2587781528430023
West Bengal,Purba Medinipur,0.46448144418132464,0.056158311941753546,9,0.12090539384352762
West Bengal,Purulia,0.2594857823631037,0.04051239618131628,9,0.15612568755164574
West Bengal,Puruliya,0.39025221613776806,0.047562977312302857,9,0.1218775329017274
West Bengal,South 24 Parganas,0.45038005785106056,0.05866328007873711,9,0.13025283659015138
West Bengal,South Dinajpur,0.27484104642808055,0.09113518449817724,9,0.3315923355794135
West Bengal,South Twenty Four Parganas,0.23328810820825638,0.08828077110010968,9,0.3784195078700771
West Bengal,Uttar Dinajpur,0.3559838334622451,0.043387033630976624,9,0.12187922470804607
West Bengal,West Midnapore,0.23319740835061584,0.051202250149556226,9,0.21956612001696377
