state,district,total_enrolments,total_updates,update_intensity,bio_share,demo_share,cluster
Andaman And Nicobar Islands,North And Middle Andaman,129.0,7428.0,0.11181972789115646,0.38626851564266274,0.41475189252060257,1
Andaman And Nicobar Islands,South Andaman,209.0,11568.0,0.06296296296296296,0.35746810379032384,0.3740133776911577,1
Andhra Pradesh,Adilabad,1395.0,72665.0,0.0045351473922902496,0.3430087424612762,0.36719533917137687,1
Andhra Pradesh,Alluri Sitharama Raju,1214.0,28028.0,0.024122432724583264,0.34863876736384514,0.36329538901475567,1
Andhra Pradesh,Anakapalli,524.0,16088.0,0.009528200399569694,0.336843358077363,0.3809989655740893,1
Andhra Pradesh,Anantapur,4311.0,139985.0,0.0,0.33739614936992984,0.35583094226353634,1
Andhra Pradesh,Ananthapur,1937.0,104182.0,0.0,0.33985632988151876,0.36014367011848125,1
Andhra Pradesh,Ananthapuramu,3094.0,144947.0,0.02096273291925466,0.33992094861660077,0.37549407114624506,1
Andhra Pradesh,Annamayya,995.0,33089.0,0.020158730158730157,0.3381974113277886,0.38680258867221146,1
Andhra Pradesh,Bapatla,482.0,15249.0,0.003442622950819672,0.32904461166353133,0.38407014243482934,1
Andhra Pradesh,Chittoor,7940.0,362933.0,0.0,0.3331234554940776,0.3660952945059224,1
Andhra Pradesh,Cuddapah,5762.0,226848.0,0.02400888615210327,0.34424849821015324,0.36721395238273213,1
Andhra Pradesh,Dr. B. R. Ambedkar Konaseema,651.0,17249.0,0.0,0.33697711906023625,0.3784700354113085,1
Andhra Pradesh,East Godavari,7504.0,401472.0,0.0,0.3384615384615385,0.36538461538461536,1
Andhra Pradesh,Eluru,608.0,21041.0,0.011618257261410787,0.33508893702709297,0.3827533866243593,1
Andhra Pradesh,Guntur,9480.0,408115.0,0.015525688559322034,0.3391130792625231,0.3640119207374769,1
Andhra Pradesh,Hyderabad,4708.0,129147.0,0.015314585618516185,0.34724986752724857,0.3579294153412773,1
Andhra Pradesh,Kakinada,932.0,31700.0,0.009485094850948509,0.3313594402835085,0.37595763288722317,1
Andhra Pradesh,Karimnagar,643.0,24279.0,0.0020408163265306124,0.34452844950030026,0.36567563213235277,1
Andhra Pradesh,Khammam,1106.0,63897.0,0.014231382652435284,0.34757704976360804,0.36497355752384136,1
Andhra Pradesh,Krishna,6568.0,307817.0,0.0,0.33498907182298215,0.362685346781669,1
Andhra Pradesh,Kurnool,11516.0,467565.0,0.04594556470652321,0.34086591420730067,0.36548329214190567,1
Andhra Pradesh,Mahabub Nagar,1471.0,22579.0,0.004032258064516129,0.3449302966445129,0.3647471227103258,1
Andhra Pradesh,Mahbubnagar,708.0,21693.0,0.0,0.34435205219263587,0.36398128114069744,1
Andhra Pradesh,Medak,1376.0,31304.0,0.016347638159925904,0.35069495793508,0.3708240294066921,1
Andhra Pradesh,N. T. R,912.0,39700.0,0.0319334358442853,0.33864411687669477,0.37680303759484995,1
Andhra Pradesh,Nalgonda,1137.0,53848.0,0.0,0.3485423080090021,0.36574340627671215,1
Andhra Pradesh,Nandyal,886.0,29351.0,0.014710187353629977,0.3399875920796036,0.38542224398597014,1
Andhra Pradesh,Nellore,5264.0,204092.0,0.0,0.341814909617594,0.3565977887951044,1
Andhra Pradesh,Nizamabad,498.0,14571.0,0.0,0.35172765407246975,0.3735942343395474,1
Andhra Pradesh,Palnadu,830.0,27425.0,0.00312124849939976,0.3321671525753158,0.38211856171039843,1
Andhra Pradesh,Parvathipuram Manyam,489.0,17104.0,0.0315625,0.329370981064084,0.3789623522692493,1
Andhra Pradesh,Prakasam,7390.0,294859.0,0.010835443037974683,0.3361503895018539,0.36384961049814607,1
Andhra Pradesh,Rangareddi,1833.0,69987.0,0.0,0.3513227513227513,0.3635366864282527,1
Andhra Pradesh,Spsr Nellore,2183.0,0.0,0.0,0.0,0.0,0
Andhra Pradesh,Sri Potti Sriramulu Nellore,1562.0,26034.0,0.009300359332065102,0.3333333333333333,0.37349397590361444,1
Andhra Pradesh,Sri Sathya Sai,901.0,26229.0,0.009983234263069655,0.33333369074399316,0.3868309183095048,1
Andhra Pradesh,Srikakulam,4176.0,283069.0,0.019491129785247432,0.33828822054948676,0.3680609857997196,1
Andhra Pradesh,Tirupati,1683.0,33442.0,0.015682723650851143,0.34052977280068913,0.37261763755787664,1
Andhra Pradesh,Visakhapatanam,226.0,0.0,0.0,0.0,0.0,0
Andhra Pradesh,Visakhapatnam,7910.0,417417.0,0.06587252667260417,0.3405358420615101,0.36581336428769623,1
Andhra Pradesh,Vizianagaram,3745.0,212489.0,0.0,0.3393783097262023,0.3598404402737977,1
Andhra Pradesh,Warangal,1004.0,75744.0,0.0,0.3492063492063492,0.3611111111111111,1
Andhra Pradesh,West Godavari,5752.0,303466.0,0.004933504933504933,0.3359073359073359,0.3667953667953668,1
Andhra Pradesh,Y. S. R,787.0,27545.0,0.020821283979178713,0.3319838056680162,0.38461538461538464,1
Arunachal Pradesh,Changlang,790.0,12560.0,0.17487468943712678,0.3349041718237817,0.38002795487305085,1
Arunachal Pradesh,East Kameng,179.0,5443.0,3.3076737451737452,0.45324754388034344,0.37783353720073765,2
Arunachal Pradesh,East Siang,165.0,5023.0,1.7412455458373826,0.37127003403786785,0.4042401700437648,1
Arunachal Pradesh,Lohit,157.0,5201.0,0.48095238095238096,0.3898187926033025,0.436023904025911,1
Arunachal Pradesh,Longding,878.0,3743.0,0.29987320430714887,0.363626153678474,0.3949945359766984,1
Arunachal Pradesh,Lower Dibang Valley,103.0,3070.0,6.60360824742268,0.5730144847659964,0.3445112884298799,2
Arunachal Pradesh,Lower Subansiri,105.0,3854.0,1.0934240362811791,0.4225459647165056,0.3801751237188686,1
Arunachal Pradesh,Namsai,148.0,7606.0,0.6743247006404901,0.38179829063931997,0.39013153392208355,1
Arunachal Pradesh,Papum Pare,434.0,12690.0,0.28434748864794734,0.3496638766405055,0.3751067655613293,1
Arunachal Pradesh,Siang,102.0,1874.0,0.40870098039215685,0.4077539701456927,0.4378342651484249,1
Arunachal Pradesh,Tawang,153.0,3212.0,0.6501916757940854,0.3938187735001509,0.41341014216249977,1
Arunachal Pradesh,Upper Subansiri,139.0,5131.0,6.834780092592593,0.5329317246125501,0.40456827538744994,2
Arunachal Pradesh,West Kameng,273.0,7494.0,0.12108999563128003,0.3754289599362773,0.3768646180453741,1
Arunachal Pradesh,West Siang,186.0,6928.0,0.3007309273640932,0.3686459082916051,0.375072684673219,1
Assam,Baksa,3584.0,29291.0,0.04127498561473524,0.3298920199771304,0.3543185063386591,1
Assam,Barpeta,14033.0,137732.0,0.1325150223080216,0.34694794699968406,0.36443416682145413,1
Assam,Biswanath,1272.0,17212.0,0.08828620051446137,0.34341804851218516,0.36844635826747585,1
Assam,Bongaigaon,3103.0,61328.0,0.16939932185873174,0.33616250186621544,0.36587831446031516,1
Assam,Cachar,17211.0,107206.0,0.06217761350335359,0.3411764705882353,0.3607843137254902,1
Assam,Charaideo,1182.0,15708.0,0.08844654528478058,0.33805789495350536,0.3654819280553442,1
Assam,Chirang,3286.0,36448.0,0.14944304324669133,0.3491077234462656,0.36763047397862714,1
Assam,Darrang,7441.0,46607.0,0.24520083849783508,0.35441940471854105,0.3815113312121948,1
Assam,Dhemaji,6803.0,36504.0,0.15653856185182427,0.33914367993368977,0.36598452519451535,1
Assam,Dhubri,12362.0,117612.0,0.24430422651900602,0.33386569442805264,0.38543255118598246,1
Assam,Dibrugarh,6886.0,46783.0,0.046272487982681916,0.34597230073487845,0.37124081401921993,1
Assam,Dima Hasao,248.0,233.0,0.06634304207119741,0.12977346278317153,0.6760517799352751,0
Assam,Goalpara,9714.0,55645.0,0.17198060819375993,0.3391741174342054,0.3739060513421659,1
Assam,Golaghat,11329.0,41410.0,0.14519194424630047,0.34226825334843713,0.36713345605327224,1
Assam,Hailakandi,5399.0,36711.0,0.17781260811149638,0.3478895873686799,0.3786061391270466,1
Assam,Hojai,6940.0,46411.0,0.4328329381769979,0.3449807242524879,0.37594950830565166,1
Assam,Jorhat,4744.0,29940.0,0.03659142055747178,0.3411633225801259,0.3588366774198741,1
Assam,Kamrup,13412.0,75141.0,0.08267654833815967,0.3390920398020414,0.3597031409208502,1
Assam,Kamrup Metro,5875.0,45102.0,0.01879558607210298,0.3357230063237097,0.3532533716290462,1
Assam,Karbi Anglong,7967.0,61468.0,0.18921462273669806,0.3522616414519002,0.35794244018075283,1
Assam,Karimganj,14599.0,64789.0,0.057934636340564616,0.340524599900317,0.359475400099683,1
Assam,Kokrajhar,4520.0,44713.0,0.16436106709234197,0.335500244812337,0.3669790940306382,1
Assam,Lakhimpur,7084.0,54930.0,0.16586897221152583,0.336542749184591,0.35837250505269713,1
Assam,Majuli,511.0,5877.0,0.3342627742627743,0.363243983974458,0.4059867852563112,1
Assam,Marigaon,10282.0,65785.0,0.1990707791588436,0.35004149991627775,0.37264757571397433,1
Assam,Nagaon,12589.0,186872.0,0.005585819282317337,0.3335880879397242,0.35123681478401114,1
Assam,Nalbari,3736.0,34081.0,0.04066395796070415,0.34029336139941585,0.3605263107317317,1
Assam,North Cachar Hills,1043.0,6809.0,0.13919815286597292,0.34884441331964494,0.38418726088849986,1
Assam,Sibsagar,2674.0,20774.0,0.006963562753036437,0.34006263144316884,0.3603422268564263,1
Assam,Sivasagar,422.0,0.0,0.0,0.0,0.0,0
Assam,Sonitpur,8924.0,59810.0,0.039480579310521006,0.33731656847397384,0.3559105231594923,1
Assam,South Salmara Mankachar,1437.0,20402.0,1.4289405591467779,0.2923343665925775,0.4604746221714675,1
Assam,Sribhumi,161.0,4187.0,0.04501557632398754,0.3411214953271028,0.4205607476635514,1
Assam,Tinsukia,8194.0,44840.0,0.046317276177333104,0.33833970691000376,0.35924093825128656,1
Assam,Udalguri,4440.0,35848.0,0.08415763254807511,0.34694772198878815,0.36498643438981265,1
Assam,West Karbi Anglong,1872.0,4352.0,0.5312019029946662,0.37502480158730156,0.39420596764346766,1
Bihar,Araria,15127.0,273335.0,0.3124515586918911,0.33498346720706634,0.3696578830039041,1
Bihar,Arwal,3749.0,51832.0,0.34694816355075125,0.3445094196224051,0.3791747909039107,1
Bihar,Aurangabad,9810.0,173249.0,0.1816515171088992,0.34851929111403135,0.3716453179394666,1
Bihar,Aurangabad(Bh),111.0,742.0,0.09585741811175337,0.3533766211816105,0.46165228055249347,1
Bihar,Banka,10693.0,165394.0,0.10846869552447823,0.33876150288868956,0.3690574271524627,1
Bihar,Begusarai,12625.0,245931.0,0.104388579554841,0.3398224783757247,0.36509555441116054,1
Bihar,Bhagalpur,20596.0,253224.0,0.01395089245449354,0.33294149377522736,0.35455850622477264,1
Bihar,Bhojpur,12979.0,200416.0,0.07904836782552466,0.3446494182574012,0.3605298646111247,1
Bihar,Buxar,6920.0,110125.0,0.07637762098343012,0.32850483750867937,0.3644412205826069,1
Bihar,Darbhanga,15167.0,324698.0,0.05837043418986258,0.33910062287872517,0.35534382156571925,1
Bihar,East Champaran,28779.0,396176.0,0.1445346781713035,0.3398069382238453,0.361437875054163,1
Bihar,Gaya,26760.0,325161.0,0.11326172121116267,0.33274249289114516,0.35650053499730106,1
Bihar,Gopalganj,14848.0,181279.0,0.03397059426027007,0.33461806168003144,0.3561449905288039,1
Bihar,Jamui,10098.0,129377.0,0.45012527445840056,0.35435884810437457,0.38477158667823413,1
Bihar,Jehanabad,4710.0,70507.0,0.23486457338167424,0.34335616102741123,0.37033678503068007,1
Bihar,Kaimur (Bhabua),7622.0,127579.0,0.7048339331918982,0.3515156603067609,0.37857283526846036,1
Bihar,Katihar,15747.0,346189.0,0.17783948142866524,0.3346927160681714,0.3644942758017473,1
Bihar,Khagaria,7887.0,137649.0,0.2783483666199486,0.3437779182472917,0.3767460992199572,1
Bihar,Kishanganj,8230.0,244032.0,1.3128402808160076,0.3496965831779335,0.39911858269884376,1
Bihar,Lakhisarai,6031.0,84264.0,0.4111047700958917,0.3416396261778165,0.37959931187528084,1
Bihar,Madhepura,8634.0,183249.0,0.1868712959750662,0.3480523751862677,0.3709558892765422,1
Bihar,Madhubani,25390.0,369009.0,0.010020431464455262,0.3277235582483026,0.3466950464028602,1
Bihar,Munger,5916.0,90495.0,0.4436375533759594,0.3335740989545522,0.39284099538507045,1
Bihar,Muzaffarpur,28298.0,359681.0,0.21339062958924823,0.3410814983171578,0.3601137208063482,1
Bihar,Nalanda,14113.0,234224.0,0.1978905827578305,0.3418855842496125,0.3625678570459341,1
Bihar,Nawada,15048.0,150304.0,0.11859397667300713,0.3304500417730628,0.3729397887354118,1
Bihar,Pashchim Champaran,16358.0,1151.0,0.13314814814814815,0.3739228418640183,0.46496604702487054,1
Bihar,Patna,24061.0,394633.0,0.005385520406979634,0.33204633204633205,0.35135135135135137,1
Bihar,Purba Champaran,121.0,931.0,0.059358288770053474,0.3436125965537731,0.43178847296494355,1
Bihar,Purbi Champaran,14871.0,0.0,0.0,0.0,0.0,0
Bihar,Purnea,255.0,6791.0,0.2843394260060927,0.3779776957447708,0.4046309999074031,1
Bihar,Purnia,19593.0,336297.0,0.10170112055799929,0.3350208003359474,0.3604524506928592,1
Bihar,Rohtas,7673.0,198636.0,0.20513379730126083,0.33748797523729074,0.36375683804071757,1
Bihar,Saharsa,12590.0,178296.0,0.3763522796040569,0.3581271738807672,0.37665543481488495,1
Bihar,Samastipur,18501.0,349928.0,0.06417312376479098,0.33729762151710696,0.3618893703528117,1
Bihar,Saran,23658.0,269240.0,0.0,0.32026659078662856,0.35173340921337143,1
Bihar,Sheikhpura,3046.0,61692.0,0.4671943975597088,0.33896606955152037,0.38325615267070184,1
Bihar,Sheohar,3030.0,57286.0,0.9537719813811881,0.34976376949787996,0.40513819128643375,1
Bihar,Sitamarhi,41652.0,304448.0,0.20328549789554456,0.3342445929737042,0.359632958046704,1
Bihar,Siwan,14874.0,215177.0,0.06750504471865229,0.3382004618548612,0.35901069352362486,1
Bihar,Supaul,10036.0,190323.0,0.09670474444001577,0.34620936009135694,0.35991308888823487,1
Bihar,Vaishali,17448.0,281100.0,0.06868235015041514,0.34076761570982483,0.3620436292700948,1
Bihar,West Champaran,29913.0,342534.0,0.2849959886436634,0.34355507953363346,0.3805828515008493,1
Chandigarh,Chandigarh,2617.0,130907.0,0.02715173025732032,0.3243181704789038,0.36955938054150433,1
Chhattisgarh,Balod,1596.0,121186.0,0.34198345479517867,0.3535993848928836,0.3857168544233557,1
Chhattisgarh,Baloda Bazar,4705.0,222943.0,0.33649766169741424,0.3469217293117455,0.3750699719330678,1
Chhattisgarh,Balrampur,6016.0,95287.0,1.2940228641798526,0.3952243193097899,0.4188460324490041,1
Chhattisgarh,Bastar,6501.0,150168.0,0.1456650636259475,0.34220878716882114,0.3835296094556514,1
Chhattisgarh,Bemetara,2677.0,149778.0,1.030810566913766,0.36281714867164316,0.38718285132835684,1
Chhattisgarh,Bijapur,6616.0,36735.0,0.3074116279312998,0.34915681340956145,0.36782431866591025,1
Chhattisgarh,Bilaspur,8708.0,298834.0,0.39584033531263996,0.34028491381278364,0.3680484195205497,1
Chhattisgarh,Dakshin Bastar Dantewada,1172.0,30964.0,0.19726610094484598,0.3646370889854293,0.375088938411831,1
Chhattisgarh,Dantewada,696.0,20073.0,0.36658560833813253,0.39202156638967434,0.39944762792312183,1
Chhattisgarh,Dhamtari,1920.0,122103.0,0.09192338258989903,0.3516224262882408,0.3710666493420113,1
Chhattisgarh,Durg,3913.0,231107.0,0.07455574822521602,0.3383442434729118,0.36006845493978656,1
Chhattisgarh,Gariyaband,1486.0,70159.0,0.08124788187759581,0.3558195396767909,0.36918046032320906,1
Chhattisgarh,Gaurela-Pendra-Marwahi,132.0,5034.0,0.7208333333333333,0.33039544723479886,0.47448260154568894,1
Chhattisgarh,Gaurella Pendra Marwahi,983.0,0.0,0.0,0.0,0.0,0
Chhattisgarh,Janjgir-Champa,4475.0,253711.0,0.6356092441668326,0.35131288276635125,0.3837298522763838,1
Chhattisgarh,Jashpur,2386.0,123369.0,0.36237837687340835,0.34609135871508206,0.37542762862669005,1
Chhattisgarh,Kabeerdham,917.0,50033.0,2.8104337760505116,0.40471340980822335,0.3963618590089809,2
Chhattisgarh,Kanker,1632.0,72890.0,0.2846553919152172,0.3610329233963703,0.3769583429791756,1
Chhattisgarh,Kawardha,2028.0,100094.0,3.0236561873094128,0.37530401624724413,0.4061167487800783,2
Chhattisgarh,Khairagarh Chhuikhadan Gandai,233.0,5930.0,0.4986623863028357,0.3116631147204885,0.4692357616840058,1
Chhattisgarh,Kondagaon,2959.0,93379.0,0.656108346337483,0.37754478840232314,0.39710309892162055,1
Chhattisgarh,Korba,3465.0,154544.0,0.1645307635199598,0.33591904371488185,0.3687223064960886,1
Chhattisgarh,Koriya,1684.0,83975.0,0.18134022867928445,0.3529450121703977,0.38096056722874394,1
Chhattisgarh,Mahasamund,3175.0,188321.0,2.2222915861344386,0.3925596475795503,0.4237668830326946,2
Chhattisgarh,Manendragarh–Chirmiri–Bharatpur,288.0,4317.0,0.1986140724946695,0.2961058344640434,0.44518769787426504,1
Chhattisgarh,Mohla-Manpur-Ambagarh Chouki,253.0,21277.0,0.9683562428407789,0.27794132862537796,0.4643267126117354,1
Chhattisgarh,Mungeli,2790.0,127775.0,0.8845097321537904,0.37584180106508974,0.3973063470830584,1
Chhattisgarh,Narayanpur,729.0,30847.0,6.773510279445326,0.5460875611826255,0.34676958167451744,2
Chhattisgarh,Raigarh,4851.0,227486.0,0.07851217674222184,0.3410145707023643,0.354818762630969,1
Chhattisgarh,Raipur,6820.0,275936.0,0.057637674031966374,0.3419545928434777,0.36555528857944725,1
Chhattisgarh,Rajnandgaon,4006.0,253657.0,0.9590969790394133,0.36401209622455294,0.38598790377544706,1
Chhattisgarh,Sakti,452.0,11347.0,0.37884482075658543,0.35762831107205456,0.4155198370760936,1
Chhattisgarh,Sarangarh-Bilaigarh,179.0,7150.0,0.13190131124913734,0.3430930042273667,0.4153611020528265,1
Chhattisgarh,Sukma,2152.0,39260.0,2.583133359576359,0.3810792631707798,0.3850026081742494,2
Chhattisgarh,Surajpur,2831.0,100064.0,0.6949733118832684,0.3688932401709397,0.3903660190883195,1
Chhattisgarh,Surguja,3438.0,159904.0,0.3336715793803032,0.33047956890579644,0.3856776363343783,1
Chhattisgarh,Uttar Bastar Kanker,839.0,39552.0,0.03373626373626374,0.35368807196184904,0.3728076545338775,1
Dadra And Nagar Haveli,Dadra And Nagar Haveli,738.0,31531.0,0.6601030459144495,0.38804060799143325,0.34428262433179907,1
Dadra And Nagar Haveli And Daman And Diu,Dadra And Nagar Haveli,803.0,3350.0,0.9729916467430995,0.3647719804137195,0.48965839933311595,1
Delhi,Central Delhi,3896.0,85553.0,0.5386161537527302,0.35802250761096366,0.39087617080313325,1
Delhi,East Delhi,10640.0,239916.0,0.9199424372636872,0.3594595730698903,0.3972971836868665,1
Delhi,New Delhi,1628.0,7179.0,0.5606701940035274,0.37362740562886076,0.3988593668579117,1
Delhi,North Delhi,4294.0,114639.0,3.108001655195614,0.4085590179632805,0.4307266963224338,2
Delhi,North East,1697.0,56052.0,2.90779483448811,0.44001580318047784,0.4144145765663576,2
Delhi,North East Delhi,11862.0,231022.0,1.8364728196772029,0.39681485862837657,0.4185697567562388,1
Delhi,North West Delhi,15501.0,537158.0,0.30944478639245354,0.3398112396227187,0.36750583354801303,1
Delhi,Shahdara,1697.0,27773.0,1.4069309414355853,0.3146471437586995,0.4537739088728795,1
Delhi,South Delhi,13212.0,367830.0,0.3170263998466679,0.339573740108188,0.3741014735670256,1
Delhi,South West Delhi,9025.0,254676.0,0.0619861603922462,0.333986503109202,0.36797428120452347,1
Delhi,West Delhi,19298.0,327389.0,0.7436029213740665,0.3504960485578316,0.39511798652988767,1
Goa,North Goa,1320.0,51370.0,0.013956639566395663,0.3458165375990826,0.36150053557164913,1
Goa,South Goa,958.0,42807.0,0.02729591836734694,0.3425202401319809,0.3676838415006721,1
Gujarat,Ahmadabad,6633.0,21245.0,0.006543249281838494,0.34004030114262723,0.361204512135381,1
Gujarat,Ahmedabad,18513.0,597441.0,0.07054785886370418,0.3365278745491522,0.364259527025651,1
Gujarat,Amreli,4173.0,89284.0,0.0,0.3385129340920914,0.35748706590790863,1
Gujarat,Anand,6747.0,142464.0,0.012875121424716675,0.3338450946643718,0.3621549053356282,1
Gujarat,Arvalli,2301.0,35590.0,0.049965564738292015,0.33896403112663653,0.36764753912129733,1
Gujarat,Banas Kantha,13491.0,911.0,0.209551656920078,0.3813526143773243,0.3788813037513306,1
Gujarat,Banaskantha,17001.0,205887.0,0.2653332354504657,0.35112082024049474,0.38250363390797687,1
Gujarat,Bharuch,4222.0,110181.0,0.007182795698924731,0.3322318877400773,0.3637681122599227,1
Gujarat,Bhavnagar,9997.0,186756.0,0.013944223107569721,0.33240722524107685,0.35683580264736936,1
Gujarat,Botad,2910.0,21857.0,0.0822969140818798,0.34891858444919066,0.3747656260771251,1
Gujarat,Chhotaudepur,4066.0,40825.0,0.1601235793879697,0.35406646351733834,0.37554727038824104,1
Gujarat,Dahod,10191.0,140647.0,0.3458290835665788,0.3690203778047039,0.379897371113045,1
Gujarat,Dang,872.0,0.0,0.0,0.0,0.0,0
Gujarat,Devbhumi Dwarka,2457.0,30365.0,0.11533259486700168,0.35665073117313145,0.37903208821012846,1
Gujarat,Dohad,12936.0,19660.0,0.03072031898562511,0.34073542386937244,0.3692212860873375,1
Gujarat,Gandhinagar,5436.0,120180.0,0.14347259665382023,0.3346613545816733,0.3784860557768924,1
Gujarat,Gir Somnath,5672.0,45738.0,0.10526222393362566,0.34732311351101974,0.3681580580370974,1
Gujarat,Jamnagar,5967.0,116735.0,0.027786921220100944,0.3303567131515388,0.36011947732465166,1
Gujarat,Junagadh,5394.0,130779.0,0.029220178151223016,0.34026971575867104,0.3634339879450327,1
Gujarat,Kachchh,9081.0,170396.0,0.10825748754701842,0.34144952806247003,0.36721188926036463,1
Gujarat,Kheda,7366.0,155088.0,0.046816907805023254,0.337304553769899,0.36310030452969616,1
Gujarat,Mahesana,6313.0,135087.0,0.047916561142559724,0.3336256088121057,0.36993170344085874,1
Gujarat,Mahisagar,2506.0,36280.0,0.10646499707635078,0.3591529620411497,0.3657378676531734,1
Gujarat,Morbi,7950.0,44929.0,0.13218541764578537,0.3367410309382045,0.3787762104411058,1
Gujarat,Narmada,1236.0,50309.0,0.18914161809190475,0.3540072908406177,0.3971239308788393,1
Gujarat,Navsari,2706.0,65997.0,0.0,0.33259550794914033,0.364499927735507,1
Gujarat,Panch Mahals,1399.0,629.0,0.12048832271762208,0.4003053651939002,0.4404589660162908,1
Gujarat,Panchmahals,6127.0,128529.0,0.03441567628749293,0.3435765448884779,0.3540041002728124,1
Gujarat,Patan,8866.0,95983.0,0.08523747228088663,0.34102827318437384,0.365094175795218,1
Gujarat,Porbandar,2488.0,41905.0,0.07783324003234433,0.3359113770921322,0.3765349748391983,1
Gujarat,Rajkot,16777.0,265544.0,0.018175052058479024,0.3333013672179342,0.3616793277627608,1
Gujarat,Sabar Kantha,2432.0,1110.0,0.10217391304347827,0.35173114052670984,0.39826885947329016,1
Gujarat,Sabarkantha,5008.0,122251.0,0.009732901975493874,0.3427302178057075,0.35888268542009893,1
Gujarat,Surat,24947.0,533922.0,0.04800259740180656,0.3436293436293436,0.3667953667953668,1
Gujarat,Surendra Nagar,6697.0,124273.0,0.07804780209831959,0.341695415695726,0.367320977746897,1
Gujarat,Surendranagar,1441.0,1209.0,0.1451388888888889,0.3520100895358893,0.41465657713077736,1
Gujarat,Tapi,2177.0,49055.0,0.0592450954973641,0.3528512386891619,0.37128669234532086,1
Gujarat,The Dangs,1322.0,32906.0,0.30154623536526753,0.3817327577703768,0.37448614770226,1
Gujarat,Vadodara,11973.0,275257.0,0.04129297787308276,0.3348802412488281,0.3538357120585649,1
Gujarat,Valsad,7251.0,118799.0,0.008823529411764706,0.33213025996379064,0.36198738709503286,1
Haryana,Ambala,3115.0,96928.0,0.09845892136876108,0.34257010272260885,0.3775945063308891,1
Haryana,Bhiwani,3320.0,119167.0,0.07806750631847442,0.34764491355083565,0.37136335091197425,1
Haryana,Charkhi Dadri,814.0,19861.0,0.18515325466126384,0.3275569614580127,0.3917412841560224,1
Haryana,Faridabad,15781.0,227045.0,0.14269485862625958,0.32947276777165413,0.3705272322283459,1
Haryana,Fatehabad,2532.0,96561.0,0.23098008779418686,0.35714865746016505,0.3832768744547286,1
Haryana,Gurgaon,6651.0,155884.0,0.05286765339801514,0.33597313969566595,0.36920614317285994,1
Haryana,Gurugram,2636.0,0.0,0.0,0.0,0.0,0
Haryana,Hisar,5050.0,159608.0,0.27203339704972185,0.35473082438301845,0.3829740936497684,1
Haryana,Jhajjar,2571.0,80067.0,0.05707872879156202,0.34232816267115496,0.37831961060819724,1
Haryana,Jind,3669.0,121616.0,0.7718919398075313,0.37890819010862076,0.39939369668383207,1
Haryana,Kaithal,2857.0,105482.0,0.5009692650053748,0.3607681161057499,0.381313331858051,1
Haryana,Karnal,3907.0,126945.0,0.220864693390668,0.36135086265085664,0.3731624116854265,1
Haryana,Kurukshetra,2312.0,89031.0,0.2745398524106151,0.3516391797294333,0.3814116677281938,1
Haryana,Mahendragarh,2620.0,70037.0,1.2544398606085265,0.3973574519032927,0.41856294610665756,1
Haryana,Mewat,7262.0,111606.0,2.198507968673792,0.4096926524560707,0.44826189299847474,2
Haryana,Nuh,1506.0,0.0,0.0,0.0,0.0,0
Haryana,Palwal,4428.0,100735.0,1.3489617701074956,0.39047383851163964,0.4296319815941805,1
Haryana,Panchkula,1335.0,61222.0,0.03308963763509218,0.334891932663115,0.37585186898977757,1
Haryana,Panipat,6011.0,120828.0,0.20353666028893982,0.34076406756922256,0.3717359324307774,1
Haryana,Rewari,2364.0,78029.0,0.08419092647101609,0.3446250350109539,0.37553957404254407,1
Haryana,Rohtak,3347.0,96547.0,0.12892402707460413,0.3511260396015338,0.37916441683000146,1
Haryana,Sirsa,3190.0,135983.0,0.46832227439196006,0.3606240307995391,0.3792862831018062,1
Haryana,Sonipat,4524.0,125800.0,0.1481483522592145,0.34577271192238995,0.3750606214109434,1
Haryana,Yamuna Nagar,3223.0,125962.0,0.1494864971232278,0.3501841769959463,0.3751377114160709,1
Himachal Pradesh,Bilaspur,952.0,26622.0,0.0036133694670280035,0.3409549136843898,0.3704272001367484,1
Himachal Pradesh,Chamba,1594.0,48578.0,0.03611778408677295,0.34071143196132986,0.3688321365034004,1
Himachal Pradesh,Hamirpur,1159.0,28580.0,0.01943002968372947,0.3476320344744272,0.37550846139334143,1
Himachal Pradesh,Kangra,3848.0,113656.0,0.005921855921855922,0.34523809523809523,0.3611111111111111,1
Himachal Pradesh,Kinnaur,160.0,5195.0,0.0045662100456621,0.3644271767448966,0.3752988506523637,1
Himachal Pradesh,Kullu,1194.0,27900.0,0.025544063779357896,0.34584144838457187,0.3726459465734113,1
Himachal Pradesh,Mandi,2436.0,74119.0,0.00962815405046481,0.350597609561753,0.36254980079681276,1
Himachal Pradesh,Shimla,1625.0,50860.0,0.012568462533309028,0.3466135458167331,0.36254980079681276,1
Himachal Pradesh,Sirmaur,1526.0,45761.0,0.08163477380188947,0.3430986535743824,0.3814776176120583,1
Himachal Pradesh,Solan,1141.0,39893.0,0.032199812194515114,0.3439040549950795,0.36563951346965085,1
Himachal Pradesh,Una,1203.0,38143.0,0.014684059234353434,0.3413654618473896,0.36947791164658633,1
Jammu And Kashmir,Anantnag,3200.0,72144.0,0.212177201390687,0.35262514277072515,0.38746296295614713,1
Jammu And Kashmir,Badgam,1803.0,23718.0,0.1561997863024043,0.34076420139721075,0.3840064408046241,1
Jammu And Kashmir,Bandipore,1601.0,30836.0,0.5679997806402882,0.3754364807584357,0.40647841285858555,1
Jammu And Kashmir,Baramula,3400.0,83578.0,0.14084710999382144,0.343960212517565,0.3709334045037116,1
Jammu And Kashmir,Budgam,804.0,35806.0,0.2448784707811345,0.36372286661572406,0.3944166682679969,1
Jammu And Kashmir,Doda,4415.0,43708.0,0.07380312174768551,0.3541329598086177,0.3601527544770966,1
Jammu And Kashmir,Ganderbal,807.0,19396.0,0.5822568482237176,0.3609032656745675,0.3903920711129973,1
Jammu And Kashmir,Jammu,4396.0,118860.0,0.0200411709950308,0.3417505935368749,0.3645986128123314,1
Jammu And Kashmir,Kargil,512.0,4375.0,0.21528355278355277,0.37691712630833535,0.4019290275378185,1
Jammu And Kashmir,Kathua,2810.0,53402.0,0.10132386517463132,0.3447791072759693,0.36830106150040204,1
Jammu And Kashmir,Kishtwar,1240.0,24692.0,1.3250226017539917,0.4499780529230697,0.37560334242576754,1
Jammu And Kashmir,Kulgam,1154.0,33283.0,0.5897764120312707,0.3882776211078224,0.388372125085071,1
Jammu And Kashmir,Kupwara,2757.0,78085.0,0.8751361468057617,0.3782535233945373,0.4032998746637151,1
Jammu And Kashmir,Leh,199.0,3616.0,0.06884422110552764,0.3800057486778592,0.38883847242766845,1
Jammu And Kashmir,Pulwama,1779.0,48600.0,0.13477084369712164,0.3456346587717893,0.3879897953766823,1
Jammu And Kashmir,Punch,2545.0,60926.0,2.5397890175757403,0.46325810523198574,0.40578951381563333,2
Jammu And Kashmir,Rajouri,2522.0,66258.0,0.11892771360140764,0.35756009666919414,0.35973948138987755,1
Jammu And Kashmir,Ramban,1874.0,35130.0,0.9327336264838293,0.4082177707155125,0.39590594062469364,1
Jammu And Kashmir,Reasi,1658.0,28582.0,0.18365191129046687,0.365022027928366,0.36921220630586826,1
Jammu And Kashmir,Samba,570.0,14712.0,0.16971271153089337,0.37289917587978544,0.37710082412021456,1
Jammu And Kashmir,Shopian,412.0,0.0,0.0,0.0,0.0,0
Jammu And Kashmir,Shupiyan,650.0,21327.0,6.597561422625685,0.553949730779209,0.335958526101525,2
Jammu And Kashmir,Srinagar,3166.0,100155.0,0.07175188489734491,0.3406357464346122,0.36718318360654006,1
Jammu And Kashmir,Udhampur,2746.0,55980.0,0.08938914542629714,0.34717741272086367,0.37130998223711953,1
Jharkhand,Bokaro,5688.0,159423.0,0.03610625750230099,0.3423206838561773,0.36549824618497495,1
Jharkhand,Chatra,6279.0,105377.0,0.8057219442481433,0.35272135981714225,0.39847481243166155,1
Jharkhand,Deoghar,8060.0,113358.0,0.15231162493605965,0.3459366208855773,0.3677385927896364,1
Jharkhand,Dhanbad,10791.0,230283.0,0.0039057932034520667,0.33973450184951953,0.3559176720635239,1
Jharkhand,Dumka,5661.0,120196.0,0.08839093726831758,0.330357699849795,0.36455755438749315,1
Jharkhand,East Singhbhum,7940.0,181170.0,0.15039000168637615,0.3506403015348189,0.36540908118123044,1
Jharkhand,East Singhbum,1447.0,0.0,0.0,0.0,0.0,0
Jharkhand,Garhwa,5971.0,131054.0,0.34051810772599556,0.3658293815232098,0.37978465356450947,1
Jharkhand,Garhwa *,372.0,7294.0,0.5251274018379282,0.3926043221166645,0.4021325199885986,1
Jharkhand,Giridih,14094.0,197666.0,0.17065205404086822,0.34935579058622257,0.37871438485237396,1
Jharkhand,Godda,5160.0,124070.0,0.3362151804441431,0.34696165020662606,0.37356236726062286,1
Jharkhand,Gumla,6652.0,124160.0,0.14652149354221058,0.3456753439016614,0.3686103703840529,1
Jharkhand,Hazaribag,549.0,14248.0,0.06611181753403116,0.34923500772259497,0.3788351677160015,1
Jharkhand,Hazaribagh,6004.0,125130.0,0.09989291658207743,0.3498406488258885,0.37167833851588367,1
Jharkhand,Jamtara,4340.0,65924.0,0.9174011668344263,0.3707560739130028,0.4259472227902939,1
Jharkhand,Khunti,2583.0,59456.0,0.47600395640726795,0.35405279546062196,0.37321993181210533,1
Jharkhand,Kodarma,305.0,7277.0,0.4449049427799043,0.35764125781715145,0.40152104584777004,1
Jharkhand,Koderma,3084.0,55433.0,0.4639872941339777,0.3613159101098255,0.39848801145880197,1
Jharkhand,Latehar,2575.0,75249.0,0.3542621227009122,0.34502101605054225,0.38506747952467896,1
Jharkhand,Lohardaga,2849.0,53263.0,0.1418485736597631,0.3471375194941448,0.36837972188516555,1
Jharkhand,Pakaur,291.0,5585.0,0.5137955182072829,0.3418704937879735,0.4346000944473206,1
Jharkhand,Pakur,6851.0,69220.0,0.30287762373798455,0.33642383973213436,0.38630343299513836,1
Jharkhand,Palamau,276.0,5923.0,0.4699830012919018,0.35703923662761544,0.39688746494306515,1
Jharkhand,Palamu,8401.0,194149.0,0.18291758432034838,0.3402974259577921,0.3739882883279222,1
Jharkhand,Pashchimi Singhbhum,576.0,20218.0,0.4871003179826709,0.35964599045243734,0.4047770864706396,1
Jharkhand,Purbi Singhbhum,971.0,24104.0,0.1035661582414102,0.35940315664976275,0.37251173696725853,1
Jharkhand,Ramgarh,2879.0,63670.0,0.05548777511951786,0.33932248058188846,0.3660717102894808,1
Jharkhand,Ranchi,13902.0,248334.0,0.08856068989825029,0.33156178027109073,0.3680266970951644,1
Jharkhand,Sahebganj,6031.0,115269.0,0.29702727264125633,0.3316359015452954,0.3781855270261332,1
Jharkhand,Sahibganj,345.0,4232.0,0.4836068816310393,0.3747023499280175,0.429645476158939,1
Jharkhand,Seraikela-Kharsawan,2941.0,67241.0,0.23648606694721983,0.3493992257400582,0.37504521870438623,1
Jharkhand,Simdega,1989.0,81551.0,1.2101898097355832,0.37296628194078296,0.39402400932135295,1
Jharkhand,West Singhbhum,6580.0,175836.0,0.17945570148890633,0.35079829086534947,0.3665012871937222,1
Karnataka,Bagalkot,7015.0,117014.0,0.03029848647330926,0.3304733379808317,0.3703463341503158,1
Karnataka,Bagalkot *,243.0,2642.0,0.03477970627503338,0.36883411325099114,0.3928481297396631,1
Karnataka,Ballari,2720.0,54232.0,0.02434502579080892,0.33945235487404163,0.3794231471339905,1
Karnataka,Bangalore,6824.0,237205.0,0.030038781970216057,0.3470136803470137,0.3593355260021927,1
Karnataka,Bangalore Rural,2605.0,70093.0,0.2623176640920285,0.3305148109312102,0.3831604027440035,1
Karnataka,Belagavi,7638.0,119085.0,0.007297040456149878,0.33282557319026446,0.3718988362585544,1
Karnataka,Belgaum,6637.0,158615.0,0.0,0.3433700980392157,0.35466911764705883,1
Karnataka,Bellary,4142.0,88911.0,0.0268547449983802,0.34773968314620013,0.3595773900245316,1
Karnataka,Bengaluru,30657.0,515449.0,0.0,0.3354343424095234,0.36188366525331184,1
Karnataka,Bengaluru Rural,2790.0,71.0,0.023809523809523808,0.1349206349206349,0.7936507936507937,0
Karnataka,Bengaluru South,196.0,2958.0,0.027011689933038246,0.3539325842696629,0.4943820224719101,1
Karnataka,Bengaluru Urban,23074.0,0.0,0.0,0.0,0.0,0
Karnataka,Bidar,4817.0,109412.0,0.1023225858456802,0.34180542652128265,0.3606739123216926,1
Karnataka,Bijapur,4143.0,77834.0,0.019540721723006704,0.33720566087583476,0.3579162903436774,1
Karnataka,Chamarajanagar,243.0,2656.0,0.04586350669299978,0.35876133096382173,0.3785658579762704,1
Karnataka,Chamrajanagar,2182.0,40112.0,0.06414840102470716,0.3458671063795248,0.3744718766713227,1
Karnataka,Chamrajnagar,374.0,3726.0,0.025804375804375803,0.3471013596102412,0.3736193611104795,1
Karnataka,Chickmagalur,1197.0,29644.0,0.017487461055925788,0.3465484534081523,0.37129387024329996,1
Karnataka,Chikkaballapur,3063.0,67239.0,0.12830358280057041,0.33306348179024137,0.3750910246475269,1
Karnataka,Chikkamagaluru,1126.0,22992.0,0.021314484126984126,0.3445601145619961,0.3804398854380039,1
Karnataka,Chikmagalur,150.0,1944.0,0.06405228758169934,0.38361441096333043,0.3712875498209833,1
Karnataka,Chitradurga,4294.0,95075.0,0.0,0.329262839829484,0.370737160170516,1
Karnataka,Dakshina Kannada,6315.0,118206.0,0.0,0.3332504110063165,0.36753699056848665,1
Karnataka,Davanagere,477.0,8531.0,0.011216056670602126,0.34516425249563076,0.3697117805622205,1
Karnataka,Davangere,4722.0,114038.0,0.014409089759158066,0.3386439340813464,0.3683873159186536,1
Karnataka,Dharwad,5016.0,125834.0,0.0,0.33419884093367463,0.36421385747902374,1
Karnataka,Gadag,4354.0,62935.0,0.11138822184346676,0.3418031604975523,0.37853582255329515,1
Karnataka,Gadag *,144.0,2007.0,0.0883248730964467,0.3865259194106376,0.4053522531781949,1
Karnataka,Gulbarga,4271.0,81722.0,0.02092906798633204,0.33654172489284795,0.3626452669770708,1
Karnataka,Hasan,966.0,16057.0,0.004081632653061225,0.34456476468138275,0.3697209496043315,1
Karnataka,Hassan,2457.0,74648.0,0.0,0.34002913445264127,0.3702883258648191,1
Karnataka,Haveri,4155.0,109419.0,0.055222988816738816,0.34129654545013155,0.37298916883558275,1
Karnataka,Haveri *,116.0,2048.0,0.06359649122807016,0.36442251874746157,0.4039985338841174,1
Karnataka,Kalaburagi,4734.0,100428.0,0.038471212690290316,0.3375956643425331,0.37726377340847095,1
Karnataka,Kodagu,1195.0,26249.0,0.05922926702724406,0.34474588726185595,0.3755930957889915,1
Karnataka,Kolar,4051.0,97204.0,0.05098511704802638,0.33697947497235,0.37789655808550127,1
Karnataka,Koppal,5317.0,90457.0,0.14382165571212543,0.3530545694538956,0.3886120972127711,1
Karnataka,Mandya,3545.0,94319.0,0.051300482041481875,0.3416642716474688,0.3773439928153411,1
Karnataka,Mysore,3014.0,70057.0,0.0,0.3369761494771986,0.3606044956840917,1
Karnataka,Mysuru,4301.0,80840.0,0.006517536592101629,0.3355917366946779,0.3663690476190476,1
Karnataka,Raichur,9567.0,143962.0,0.1910136355409321,0.3489813298976179,0.3763405585143993,1
Karnataka,Ramanagar,2913.0,65407.0,0.06964327750371199,0.33560145189464724,0.378684262391067,1
Karnataka,Ramanagara,204.0,0.0,0.0,0.0,0.0,0
Karnataka,Shimoga,2222.0,38443.0,0.005021520803443329,0.3326274418363195,0.3624945093831927,1
Karnataka,Shivamogga,2197.0,51097.0,0.0,0.3346710677435303,0.36932893225646973,1
Karnataka,Tumakuru,2938.0,64042.0,0.01973190851143607,0.33650757554222693,0.37215384178060773,1
Karnataka,Tumkur,2895.0,83596.0,0.013881524684812066,0.34379799628153157,0.36351907688920015,1
Karnataka,Udupi,3562.0,55097.0,0.012355207123609092,0.3413889578304497,0.36306448346509684,1
Karnataka,Uttara Kannada,3385.0,65316.0,0.004382470119521913,0.340192767948171,0.3649865149203549,1
Karnataka,Vijayanagara,2089.0,30730.0,0.07667906785728172,0.34430732460699165,0.3867851123677983,1
Karnataka,Vijayapura,5515.0,77208.0,0.018059138299914325,0.33287068910580153,0.3643404662726845,1
Karnataka,Yadgir,5689.0,71778.0,0.12974703522279177,0.35044356136462523,0.38595811227554216,1
Kerala,Alappuzha,3479.0,114590.0,0.0,0.3434556452097789,0.3605443547902211,1
Kerala,Ernakulam,6224.0,198115.0,0.0,0.34274757221500585,0.3552916434712687,1
Kerala,Idukki,1668.0,59410.0,0.0,0.3472981219065699,0.36290595972608314,1
Kerala,Kannur,5875.0,162570.0,0.0,0.34160066511671483,0.3559799800445755,1
Kerala,Kasaragod,3511.0,92186.0,0.0865912169383614,0.34686184738106585,0.3582663577471393,1
Kerala,Kasargod,310.0,3505.0,0.02252252252252252,0.3515170618598038,0.36469915435641237,1
Kerala,Kollam,4988.0,166502.0,0.0,0.34314605179598817,0.35804916732751785,1
Kerala,Kottayam,3238.0,100057.0,0.0,0.34497293541072344,0.36470448394411525,1
Kerala,Kozhikode,6635.0,218333.0,0.019516483516483517,0.3411090204827071,0.35889097951729293,1
Kerala,Malappuram,14469.0,337466.0,0.02965938864628821,0.3395221637661728,0.36047783623382723,1
Kerala,Palakkad,6652.0,195928.0,0.0,0.3429948161023858,0.35820040302112016,1
Kerala,Pathanamthitta,1916.0,74912.0,0.0,0.3455783209957379,0.3617387521749938,1
Kerala,Thiruvananthapuram,6537.0,197460.0,0.035921463632307006,0.33745235300504534,0.36134282771784626,1
Kerala,Thrissur,6937.0,188956.0,0.0,0.3403064707341954,0.3596935292658046,1
Kerala,Wayanad,1511.0,49560.0,0.023902551137669502,0.33937381982720033,0.35931613650467736,1
Ladakh,Kargil,492.0,4882.0,0.14653082395104242,0.3604436534986066,0.39817703615656586,1
Ladakh,Leh,125.0,5253.0,0.10994623655913978,0.387637990870363,0.4188136220328628,1
Lakshadweep,Lakshadweep,199.0,5658.0,0.04869431643625192,0.37334305306822185,0.37780902066449706,1
Madhya Pradesh,Agar Malwa,2526.0,24047.0,0.537380103939057,0.3903161931266463,0.4350806322701791,1
Madhya Pradesh,Alirajpur,6912.0,77638.0,0.46621353756804956,0.36189609063299555,0.392649363912459,1
Madhya Pradesh,Anuppur,3181.0,90602.0,0.1433210799462184,0.3472298712290707,0.383204911379625,1
Madhya Pradesh,Ashok Nagar,5150.0,103546.0,0.35869878992816295,0.3565075127908122,0.3934924872091878,1
Madhya Pradesh,Ashoknagar,3011.0,0.0,0.0,0.0,0.0,0
Madhya Pradesh,Balaghat,6666.0,178539.0,0.32288902201053044,0.36063357110432187,0.38158865111790036,1
Madhya Pradesh,Barwani,21813.0,200622.0,0.38316023926635856,0.3663627844196894,0.3983430979332518,1
Madhya Pradesh,Betul,8082.0,188322.0,0.17170662918983323,0.3485050036602006,0.3764949963397994,1
Madhya Pradesh,Bhind,13877.0,124821.0,0.1933521278918585,0.34473924844475967,0.3683409203316116,1
Madhya Pradesh,Bhopal,12647.0,249796.0,0.08617294154738847,0.3325633593698286,0.36308881454321484,1
Madhya Pradesh,Burhanpur,9689.0,86139.0,0.5253040240974066,0.38977962651370635,0.37982821662354854,1
Madhya Pradesh,Chhatarpur,17664.0,214113.0,0.20614038587922842,0.3459785670819026,0.38091218922061837,1
Madhya Pradesh,Chhindwara,8866.0,197040.0,0.12816670958362983,0.34890101959894787,0.3742394762688207,1
Madhya Pradesh,Damoh,5926.0,173148.0,0.397165417315695,0.36595486714333453,0.39875101520960665,1
Madhya Pradesh,Datia,5809.0,74950.0,0.7502093716423855,0.3863333852651071,0.4277369664936869,1
Madhya Pradesh,Dewas,10367.0,150949.0,0.1595181618290675,0.3531987106468343,0.38013462268649906,1
Madhya Pradesh,Dhar,12549.0,213293.0,0.15286068116680585,0.34705979192823916,0.38021293534448813,1
Madhya Pradesh,Dindori,2618.0,92268.0,0.39993451075822883,0.3694493148413452,0.400135938614876,1
Madhya Pradesh,East Nimar,3796.0,47393.0,0.06926473023433835,0.35841875797618616,0.36807696851954036,1
Madhya Pradesh,Guna,9699.0,167632.0,0.1659813239632629,0.34774116387613735,0.37494791175411474,1
Madhya Pradesh,Gwalior,18370.0,184725.0,0.1567088177019892,0.3375895478388094,0.3737925659823288,1
Madhya Pradesh,Harda,2102.0,43531.0,1.7952118649219697,0.46719806559813803,0.4188778837689506,1
Madhya Pradesh,Harda *,601.0,11358.0,0.1943807265295689,0.38605498428129215,0.36894501571870786,1
Madhya Pradesh,Hoshangabad,5914.0,104697.0,0.10518710738761035,0.3576931675198392,0.37535767993778796,1
Madhya Pradesh,Indore,22058.0,342697.0,0.037227598812376576,0.33532801418439717,0.36198999347843813,1
Madhya Pradesh,Jabalpur,12383.0,223290.0,0.09062915758942384,0.3427012511011007,0.3750406843827702,1
Madhya Pradesh,Jhabua,13436.0,121377.0,0.23791872627721203,0.3460740632656968,0.37881676642862633,1
Madhya Pradesh,Katni,10786.0,138097.0,0.35859037648107306,0.3618837357452036,0.39811626425479635,1
Madhya Pradesh,Khandwa,4461.0,70565.0,0.1295472136302968,0.3508968136027643,0.37062217373900785,1
Madhya Pradesh,Khargone,14922.0,197600.0,0.09843618059456011,0.3431905890219999,0.36936001826544945,1
Madhya Pradesh,Maihar,400.0,4661.0,0.14465408805031446,0.3296997255793461,0.40143234989235194,1
Madhya Pradesh,Mandla,4859.0,103083.0,0.3564530028471893,0.35695264916606284,0.4064402079767943,1
Madhya Pradesh,Mandsaur,8148.0,129060.0,0.22517156723587464,0.36257377357371573,0.38956297856303645,1
Madhya Pradesh,Mauganj,423.0,4036.0,0.08363325762428901,0.34333567745924115,0.38312172164389785,1
Madhya Pradesh,Morena,22268.0,215822.0,0.4125045442765172,0.36452852575285294,0.3991078378835107,1
Madhya Pradesh,Narmadapuram,726.0,11081.0,0.11133366520790457,0.3425526622858439,0.399528785677957,1
Madhya Pradesh,Narsimhapur,1182.0,13481.0,0.0729317457977343,0.3508455192669837,0.37209820367673924,1
Madhya Pradesh,Narsinghpur,5128.0,81734.0,0.35743992213111,0.3706876549949705,0.38730321258493816,1
Madhya Pradesh,Neemuch,4909.0,85259.0,0.07940573787941584,0.34460682351300786,0.37670465189682817,1
Madhya Pradesh,Niwari,138.0,3620.0,0.08802197802197802,0.3791962900724932,0.4259319150557119,1
Madhya Pradesh,Panna,9300.0,128651.0,0.3019852379094884,0.3584282962969263,0.3872613588754875,1
Madhya Pradesh,Raisen,7470.0,145322.0,0.23563805056849566,0.35323477153061245,0.38269596440012343,1
Madhya Pradesh,Rajgarh,7950.0,194916.0,0.7630054379962578,0.3919831875853998,0.408987686201008,1
Madhya Pradesh,Ratlam,7884.0,185895.0,0.5866740817707715,0.3792038056919864,0.4007005005281093,1
Madhya Pradesh,Rewa,10670.0,255113.0,0.0668804776510862,0.33852769143814887,0.3656389752285178,1
Madhya Pradesh,Sagar,13580.0,251101.0,0.1395451895167066,0.3480048446488222,0.371660427317705,1
Madhya Pradesh,Satna,13104.0,234435.0,0.17046903018132095,0.3489649780726008,0.3786945963954843,1
Madhya Pradesh,Sehore,6415.0,137102.0,0.037202342312399495,0.34229569687814115,0.36309849399322813,1
Madhya Pradesh,Seoni,5999.0,134625.0,0.31333820164449566,0.3535247966083703,0.38869742561385195,1
Madhya Pradesh,Shahdol,5198.0,130485.0,0.08749141913102058,0.34554926624266863,0.3783001061422686,1
Madhya Pradesh,Shajapur,6840.0,147981.0,0.05527862676987631,0.3469452282021297,0.3685359433459875,1
Madhya Pradesh,Sheopur,7143.0,82935.0,1.4605441267870583,0.42340742044094254,0.4596335152315721,1
Madhya Pradesh,Shivpuri,12427.0,213408.0,0.17935186204171405,0.345651940046762,0.36863377423895227,1
Madhya Pradesh,Sidhi,6212.0,158669.0,0.41777646832840437,0.35556191601352494,0.39443808398647506,1
Madhya Pradesh,Singrauli,6265.0,148571.0,0.21443713238886616,0.35371117956899717,0.37962215376433617,1
Madhya Pradesh,Tikamgarh,7130.0,197603.0,0.3140512299513744,0.3568569161682043,0.3712536829101367,1
Madhya Pradesh,Ujjain,14057.0,200575.0,0.33159688407683047,0.3596148496293378,0.3926374026229144,1
Madhya Pradesh,Umaria,5139.0,60709.0,0.46967328504294786,0.37496815224923596,0.4033569709034734,1
Madhya Pradesh,Vidisha,10202.0,159386.0,0.9141627024250908,0.38593509406912424,0.3966736015830497,1
Madhya Pradesh,West Nimar,747.0,11246.0,0.0801239020402016,0.36302948153168413,0.3814639105388004,1
Maharashtra,Ahmadnagar,11657.0,528020.0,0.03203629618488996,0.3417469667476144,0.3542530332523856,1
Maharashtra,Ahmed Nagar,327.0,9884.0,0.01251788268955651,0.35189100499927456,0.3734308834127426,1
Maharashtra,Ahmednagar,368.0,0.0,0.0,0.0,0.0,0
Maharashtra,Akola,4662.0,227860.0,0.036009427734039486,0.34664304961995773,0.368804104851587,1
Maharashtra,Amravati,6816.0,404373.0,0.01931797723385625,0.33417137663481716,0.35752822810826584,1
Maharashtra,Aurangabad,17149.0,421472.0,0.08883931187425884,0.3347415749958575,0.3539743783115355,1
Maharashtra,Beed,10107.0,382673.0,0.7817970067603984,0.3399587990285098,0.37204120097149024,1
Maharashtra,Bhandara,1862.0,128964.0,0.07846261744897222,0.3537935634646813,0.3663710455888166,1
Maharashtra,Bid,555.0,18747.0,0.01161995898838004,0.3497300190349955,0.3645556952507188,1
Maharashtra,Buldana,1062.0,52431.0,0.004421768707482993,0.34813495528426625,0.35798749369532556,1
Maharashtra,Buldhana,6981.0,304112.0,0.22914704338430336,0.3410464744375123,0.36459868685281027,1
Maharashtra,Chandrapur,4422.0,295757.0,0.07346578849589502,0.3388330459272293,0.36982837139560537,1
Maharashtra,Chatrapati Sambhaji Nagar,211.0,6705.0,2.36995894909688,0.4621435578796883,0.4482012697065186,2
Maharashtra,Chhatrapati Sambhajinagar,990.0,15843.0,0.02414496421980385,0.3483606557377049,0.3729508196721312,1
Maharashtra,Dharashiv,143.0,3145.0,0.033928571428571426,0.3523809523809524,0.43333333333333335,1
Maharashtra,Dhule,12511.0,241258.0,0.22898821730585298,0.34670867217477697,0.3611102578663753,1
Maharashtra,Gadchiroli,2341.0,175542.0,0.5106966774179075,0.35668976202083325,0.36528333214957037,1
Maharashtra,Gondiya,2832.0,140449.0,1.2182699564810038,0.348893018344158,0.3799205409778759,1
Maharashtra,Hingoli,8145.0,192537.0,0.7096330180678166,0.34868455451923713,0.36741714039601714,1
Maharashtra,Jalgaon,13129.0,522771.0,0.19286106994240648,0.3353857366288232,0.36461426337117675,1
Maharashtra,Jalna,5512.0,250177.0,0.10150054140064027,0.3495499974061159,0.3601274219487228,1
Maharashtra,Kolhapur,7363.0,365223.0,0.03747184991464168,0.3427530391564242,0.36359616719278215,1
Maharashtra,Latur,7462.0,339156.0,0.3382731982355112,0.3453995827171706,0.35951845006971467,1
Maharashtra,Mumbai,14302.0,496520.0,0.09803382492210079,0.343013402887631,0.356986597112369,1
Maharashtra,Mumbai City,2888.0,83954.0,0.05617203687200624,0.3377169485313367,0.3782830514686633,1
Maharashtra,Mumbai Suburban,17981.0,309217.0,0.13977215120724562,0.33675940761410117,0.3644358115094048,1
Maharashtra,Mumbai( Sub Urban ),411.0,7481.0,0.014401340996168584,0.34375,0.3729166666666667,1
Maharashtra,Nagpur,11659.0,463724.0,0.027683461795831373,0.3351812001147926,0.3613168543599156,1
Maharashtra,Nanded,11767.0,512917.0,0.032346383180775415,0.3391350746632749,0.35530936978116956,1
Maharashtra,Nandurbar,10440.0,225579.0,0.24303876618023185,0.3550087322635617,0.35210423844773536,1
Maharashtra,Nandurbar *,137.0,2037.0,0.08191489361702128,0.39451300135366657,0.3927210411995249,1
Maharashtra,Nashik,22019.0,751651.0,0.19049493983388577,0.33911406153041673,0.3620811575930893,1
Maharashtra,Osmanabad,3885.0,235585.0,0.13153105748934946,0.344474782688592,0.36981093159712225,1
Maharashtra,Palghar,10539.0,246503.0,0.061526693122443986,0.33334335960166234,0.36110108484278214,1
Maharashtra,Parbhani,6159.0,272046.0,1.2156055435377684,0.3490041256451707,0.3670975692700835,1
Maharashtra,Pune,31148.0,919675.0,0.04456852951339804,0.3310840856977283,0.3559388150656305,1
Maharashtra,Raigad,3380.0,43283.0,0.01576346230217408,0.3332216066551904,0.3747783933448096,1
Maharashtra,Raigarh,5119.0,217858.0,0.015342768498448723,0.3438735177865613,0.35968379446640314,1
Maharashtra,Ratnagiri,2512.0,175610.0,0.0,0.3421226507439311,0.3570960992560689,1
Maharashtra,Sangli,7415.0,285001.0,0.012866270103547036,0.33160631649253375,0.35858976193883885,1
Maharashtra,Satara,5865.0,279570.0,0.03666597804185043,0.3466636985920196,0.3552970857217059,1
Maharashtra,Sindhudurg,1163.0,68532.0,0.00732206309895553,0.34007779431252383,0.36111742481098213,1
Maharashtra,Solapur,12027.0,528461.0,0.011678738951466225,0.33578425705935394,0.35147443019933333,1
Maharashtra,Thane,43142.0,886060.0,0.09384025010896553,0.335119935818388,0.3613781186563202,1
Maharashtra,Wardha,1888.0,146798.0,0.24993879480974251,0.3549811896955767,0.3681593061721919,1
Maharashtra,Washim,3313.0,178651.0,0.5990404745511525,0.3556247128219489,0.3580505008532648,1
Maharashtra,Yavatmal,7470.0,472849.0,0.4866790352504638,0.33895763847854044,0.35900154519492894,1
Manipur,Bishnupur,1107.0,62967.0,7.770411404373004,0.33607725669819855,0.42862862565474263,2
Manipur,Chandel,733.0,15115.0,0.28523975945010566,0.3505552616662916,0.3833896924621488,1
Manipur,Churachandpur,4594.0,32467.0,0.4478159916570901,0.3414720534750765,0.366492548294835,1
Manipur,Imphal East,1103.0,101564.0,1.08725651523995,0.346531788425172,0.37141692952354594,1
Manipur,Imphal West,1217.0,105319.0,0.32585211398770714,0.3433840133676571,0.3600058171408174,1
Manipur,Jiribam,145.0,3423.0,1.1068405540819335,0.34745047049142325,0.5008253915775422,1
Manipur,Kakching,109.0,4541.0,1.0453252032520326,0.3648322654185524,0.4522409053131549,1
Manipur,Senapati,1463.0,41194.0,0.05521070216704568,0.3498220041372011,0.3656251503343436,1
Manipur,Tamenglong,945.0,15772.0,0.53285823028646,0.3674207323072786,0.3933448179319558,1
Manipur,Thoubal,1019.0,101442.0,1.5522586598742063,0.3411386279980516,0.38653994343051984,1
Manipur,Ukhrul,754.0,25329.0,0.9815314264889865,0.35919167381427825,0.39200449843452556,1
Meghalaya,East Garo Hills,6041.0,6933.0,0.1622438794217511,0.3287968564102295,0.443689916076543,1
Meghalaya,East Jaintia Hills,5109.0,5694.0,0.8602862920528332,0.3779468294951215,0.45893260312899203,1
Meghalaya,East Khasi Hills,28656.0,33441.0,0.02754196515308058,0.32941176470588235,0.3568627450980392,1
Meghalaya,Eastern West Khasi Hills,818.0,221.0,0.4094494613765905,0.05833333333333333,0.6946078431372549,0
Meghalaya,Kamrup,143.0,0.0,0.0,0.0,0.0,0
Meghalaya,North Garo Hills,3053.0,4274.0,0.23916147896012868,0.3411852623217974,0.4394269825761618,1
Meghalaya,Ri Bhoi,9265.0,10719.0,0.2786268019892173,0.35579103703510223,0.4001898242089169,1
Meghalaya,South Garo Hills,4426.0,3994.0,0.17321080427136756,0.32627246857440667,0.4425136585932234,1
Meghalaya,South West Garo Hills,4934.0,9907.0,0.7450777733888015,0.3780600930397032,0.42667363477094766,1
Meghalaya,South West Khasi Hills,3437.0,6240.0,0.5352913384678529,0.41452789918823846,0.4100335043205335,1
Meghalaya,West Garo Hills,15799.0,44474.0,0.2980099604127149,0.35371376551032346,0.4045800733522358,1
Meghalaya,West Jaintia Hills,11751.0,11225.0,0.3861067803840002,0.35681225321247323,0.3999445035442835,1
Meghalaya,West Khasi Hills,15803.0,13364.0,0.5988928413815079,0.3442501410384526,0.439700476245498,1
Mizoram,Aizawl,1013.0,47013.0,0.07930736993082527,0.35381011578952215,0.36770887155225,1
Mizoram,Champhai,1139.0,19956.0,0.276112966554143,0.34935713640992655,0.38593698123713227,1
Mizoram,Kolasib,273.0,13814.0,0.15967926689576173,0.3740572838959664,0.38367467486692025,1
Mizoram,Lawngtlai,1616.0,16195.0,0.29673462048580673,0.3682953173325666,0.3481225931151946,1
Mizoram,Lunglei,700.0,21229.0,0.147850145137881,0.34906240481383094,0.38678665178994265,1
Mizoram,Mamit,170.0,12252.0,0.15588768115942028,0.39329765676114137,0.3947458214997282,1
Mizoram,Saiha,639.0,7391.0,0.9536822589056598,0.40102332346652864,0.37675445431124915,1
Nagaland,Chumukedima,182.0,2092.0,0.2901898734177215,0.3052368393582094,0.5048897429202716,1
Nagaland,Dimapur,3182.0,31634.0,0.3604007664397315,0.36217599383515037,0.3788954347362782,1
Nagaland,Kiphire,881.0,6045.0,3.5486835443750033,0.5090855392254514,0.37379734365743145,2
Nagaland,Kohima,1609.0,16135.0,0.08921644708100526,0.3646522787605392,0.36929267536790117,1
Nagaland,Longleng,886.0,3310.0,0.8192910365987289,0.4195230453047502,0.4009897752080702,1
Nagaland,Mokokchung,486.0,10173.0,0.41272748287311395,0.38992390711408864,0.3479401705558143,1
Nagaland,Mon,2201.0,17061.0,1.0268973321862072,0.4167551660591932,0.38652352246539695,1
Nagaland,Noklak,342.0,1076.0,1.5342896934414794,0.41425634804755684,0.5088205750293662,1
Nagaland,Peren,1451.0,5845.0,0.687927519073928,0.393399259409407,0.38560626545247145,1
Nagaland,Phek,1038.0,9829.0,0.36903528867568547,0.4050639983624834,0.39598312205636477,1
Nagaland,Shamator,247.0,512.0,1.2432624113475177,0.25416002089969547,0.5649889152705172,1
Nagaland,Tuensang,1546.0,12467.0,0.4383945735156808,0.37834299632325125,0.3520491605394938,1
Nagaland,Wokha,554.0,8081.0,1.034522322797643,0.4568274402689777,0.3556725597310223,1
Nagaland,Zunheboto,750.0,9756.0,0.7309184125938053,0.39300680193751747,0.3923335121986082,1
Odisha,Angul,2932.0,85708.0,0.04224927675988428,0.34656743659630374,0.3542522355348438,1
Odisha,Anugul,196.0,3048.0,0.04877112135176651,0.3616058094113218,0.3895462643213971,1
Odisha,Balangir,4812.0,95031.0,0.02434149600898923,0.3456790698126984,0.3577107606957762,1
Odisha,Baleshwar,1099.0,28560.0,0.0,0.3435152374202693,0.3633120718166785,1
Odisha,Baleswar,5846.0,135345.0,0.021315567676095278,0.3482533287422598,0.3614240906125789,1
Odisha,Bargarh,4881.0,101823.0,0.08826503975597288,0.35388292208429856,0.36221877283095566,1
Odisha,Baudh,172.0,5610.0,0.1628243890148652,0.3781109030791926,0.36792084295255345,1
Odisha,Bhadrak,4317.0,103319.0,0.08151403239843655,0.3491864606879112,0.36568957236994004,1
Odisha,Boudh,1388.0,30928.0,0.28220745056287483,0.35701764084103305,0.37105253459756343,1
Odisha,Cuttack,4938.0,162763.0,0.020850309278350514,0.3445392256749873,0.3594607743250127,1
Odisha,Debagarh,828.0,22277.0,0.4307158706931866,0.3663853982991748,0.3800260849544137,1
Odisha,Dhenkanal,2749.0,91010.0,0.06870168728535377,0.34831337944706753,0.3689861986120042,1
Odisha,Gajapati,1959.0,73029.0,0.1551399522288411,0.35363115526909555,0.3663688447309045,1
Odisha,Ganjam,7501.0,239285.0,0.026870921566679355,0.3424792549397496,0.3579256033598455,1
Odisha,Jagatsinghapur,3066.0,58432.0,0.019576990632318502,0.34393853341727815,0.3568811387138694,1
Odisha,Jagatsinghpur,676.0,15715.0,0.004219409282700422,0.34737250712365986,0.36148825237001103,1
Odisha,Jajapur,2461.0,75383.0,0.018666273485550593,0.34582733121425907,0.3649164704386335,1
Odisha,Jajpur,2416.0,49822.0,0.014577040892830366,0.341859610538626,0.36259383075692053,1
Odisha,Jharsuguda,1123.0,36756.0,0.012345679012345678,0.34539062573986695,0.35831307796383677,1
Odisha,Kalahandi,4399.0,129728.0,0.22460116613328168,0.3529670407877491,0.3655203541702341,1
Odisha,Kandhamal,2967.0,78922.0,0.06756823706470308,0.34047678692048505,0.3644412458664002,1
Odisha,Kendrapara,3827.0,105219.0,0.03602897252090801,0.3462895079830564,0.36338791137178234,1
Odisha,Kendujhar,5228.0,140712.0,0.09584165145727809,0.3508848431424872,0.3681234213203227,1
Odisha,Khorda,4218.0,122414.0,0.0,0.3421585399832823,0.35784146001671774,1
Odisha,Khordha,1091.0,23851.0,0.0,0.342495666920209,0.35911723630559744,1
Odisha,Koraput,4268.0,124856.0,0.02530219583720764,0.34710620148322013,0.35614583103710507,1
Odisha,Malkangiri,2773.0,61571.0,0.24077930735826164,0.3539577493139735,0.37136413909804367,1
Odisha,Mayurbhanj,7976.0,211469.0,0.0457435268883101,0.3452056740023575,0.3587943259976425,1
Odisha,Nabarangapur,6166.0,120410.0,0.3141356327400889,0.3677113554643131,0.3833803475924555,1
Odisha,Nabarangpur,442.0,0.0,0.0,0.0,0.0,0
Odisha,Nayagarh,2290.0,71963.0,0.0443738108930953,0.3459729760158263,0.359421214855543,1
Odisha,Nuapada,1996.0,56123.0,1.1843262717166316,0.391584598658865,0.38852011338301984,1
Odisha,Puri,3387.0,84157.0,0.02672581862395707,0.3476075200084487,0.36140887343417427,1
Odisha,Rayagada,2945.0,78796.0,0.13711073945994187,0.34001475525704683,0.3591377871158345,1
Odisha,Sambalpur,2495.0,74701.0,0.08288640866441696,0.3444304300571584,0.3651131384075719,1
Odisha,Sonapur,1441.0,35164.0,0.28638207420710604,0.36226057292092895,0.36922090856055256,1
Odisha,Subarnapur,393.0,9407.0,0.15763163193395754,0.3466374495721613,0.38359510856737355,1
Odisha,Sundargarh,681.0,20155.0,0.00273224043715847,0.34615623447590665,0.366958519622454,1
Odisha,Sundergarh,3933.0,124762.0,0.011447149140780809,0.3437496837822315,0.3590615611976882,1
Puducherry,Karaikal,463.0,14708.0,0.10604112892845288,0.3515129912082112,0.34801752522371365,1
Puducherry,Pondicherry,1076.0,28862.0,0.016839278864595318,0.34776206921460573,0.36109869027906516,1
Puducherry,Puducherry,1311.0,42960.0,0.027945113788487286,0.3421609332830022,0.3646663759539456,1
Punjab,Amritsar,9544.0,224101.0,0.03257653242792258,0.3298173382601072,0.35915903969264873,1
Punjab,Barnala,1001.0,44927.0,0.3558930560032517,0.3550374429251435,0.3653015401257039,1
Punjab,Bathinda,2657.0,126993.0,0.17766884459868765,0.3538752444418069,0.3718631521826657,1
Punjab,Faridkot,891.0,49884.0,0.14579777031744673,0.35166872174541924,0.36514543754661616,1
Punjab,Fatehgarh Sahib,1032.0,46936.0,0.035500831348582215,0.35230663910246823,0.3577773945109771,1
Punjab,Fazilka,1885.0,85579.0,0.24410054355844119,0.35257215822304466,0.36916697221173794,1
Punjab,Ferozepur,1355.0,75108.0,0.042869249394673126,0.34450709285243475,0.36735731392722626,1
Punjab,Firozpur,393.0,16273.0,0.007936507936507938,0.3460339694455492,0.3769097534981737,1
Punjab,Gurdaspur,5089.0,166539.0,0.06491166904540001,0.3375973175246449,0.36875188882456145,1
Punjab,Hoshiarpur,4086.0,124746.0,0.0479253733785353,0.33109097443486807,0.36694824125140646,1
Punjab,Jalandhar,4034.0,178246.0,0.0,0.344316841467691,0.3604075679811279,1
Punjab,Kapurthala,3681.0,63754.0,0.015230394328754985,0.33561861230945245,0.35290597785448197,1
Punjab,Ludhiana,17457.0,279030.0,0.01104349785891368,0.33339193959683133,0.36009465044148287,1
Punjab,Malerkotla,842.0,22989.0,0.4025344108533976,0.36251408905045884,0.38982235954767197,1
Punjab,Mansa,1101.0,73613.0,0.3608816598235288,0.3574627167507576,0.383765353424681,1
Punjab,Moga,1504.0,77122.0,0.04857480182155506,0.3407707529603181,0.3658408172876158,1
Punjab,Muktsar,331.0,11503.0,0.1417099567099567,0.3720406511816989,0.3825048033637557,1
Punjab,Nawanshahr,191.0,6299.0,0.017226890756302522,0.3661527452511059,0.40051392141556075,1
Punjab,Pathankot,1102.0,36562.0,0.13111592173101125,0.34406261516520786,0.37767651526957474,1
Punjab,Patiala,5087.0,180452.0,0.23784045076439878,0.3478877229199685,0.37388647062841857,1
Punjab,Rupnagar,1228.0,55019.0,0.04008555302726096,0.34494864757677784,0.36044554329459144,1
Punjab,S.A.S Nagar,705.0,0.0,0.0,0.0,0.0,0
Punjab,S.A.S Nagar(Mohali),272.0,4397.0,0.01876876876876877,0.3463077091274023,0.36540400258430944,1
Punjab,Sangrur,2275.0,104133.0,0.048840347406107126,0.3434269005998182,0.3614911321870671,1
Punjab,Sas Nagar (Mohali),2897.0,100206.0,0.07440538129924187,0.3343656758405163,0.37127948544980627,1
Punjab,Shaheed Bhagat Singh Nagar,922.0,34641.0,0.012052953961667653,0.342640184999918,0.37105276105817325,1
Punjab,Sri Muktsar Sahib,1306.0,70631.0,0.1384014169579023,0.3591043860713235,0.3772972875688439,1
Punjab,Tarn Taran,2905.0,100334.0,0.04439201832494515,0.3423435394461623,0.3731036150253824,1
Rajasthan,Ajmer,11895.0,230581.0,0.0447863282223734,0.34298005991656944,0.362902293024607,1
Rajasthan,Alwar,22931.0,323377.0,0.08474414177709455,0.3387222440355418,0.36168261426405335,1
Rajasthan,Banswara,7055.0,158728.0,0.25581339848953866,0.34520086631390967,0.3642008430877997,1
Rajasthan,Baran,6150.0,133919.0,0.46878711891687025,0.3455898369871003,0.3820887344414712,1
Rajasthan,Barmer,15418.0,270665.0,0.12515553510838734,0.3495625235734509,0.36064155805920217,1
Rajasthan,Bharatpur,16763.0,222057.0,0.2640796553128614,0.3459475539044555,0.3646907439678849,1
Rajasthan,Bhilwara,10837.0,191432.0,0.07743847691363362,0.3386771815009856,0.35804412997442425,1
Rajasthan,Bikaner,13038.0,189315.0,0.16752867273637906,0.3418115481523922,0.3670492113412787,1
Rajasthan,Bundi,4800.0,96373.0,0.14715148091938537,0.33837164058590724,0.36996169274742613,1
Rajasthan,Chittaurgarh,341.0,3784.0,0.05319062536257106,0.34705441617206323,0.38145237115825353,1
Rajasthan,Chittorgarh,5888.0,110195.0,0.08847713810823848,0.3374438044214925,0.3658082280988327,1
Rajasthan,Churu,12595.0,185837.0,0.14796565711733836,0.34180413360422673,0.36551293956650494,1
Rajasthan,Dausa,5979.0,142367.0,0.052179160761895604,0.34049187548924087,0.3651532858010817,1
Rajasthan,Dhaulpur,131.0,754.0,0.632387706855792,0.3803579104111019,0.442337125049891,1
Rajasthan,Dholpur,8344.0,129263.0,0.81180398893882,0.3584369812508926,0.3962799998811829,1
Rajasthan,Dungarpur,6430.0,153175.0,0.277390032979021,0.3559090299415136,0.36391855626538294,1
Rajasthan,Ganganagar,5358.0,147420.0,0.03771876055340987,0.34597530174125146,0.37353689338069973,1
Rajasthan,Hanumangarh,4832.0,149074.0,0.22046708267175633,0.3477177900541362,0.38144887661253046,1
Rajasthan,Jaipur,30341.0,544172.0,0.02776016409793178,0.3398459030270846,0.3644342526149387,1
Rajasthan,Jaisalmer,2802.0,59996.0,0.08805897882510205,0.34430566729012285,0.36280730342117423,1
Rajasthan,Jalor,13636.0,145882.0,0.1606683032162948,0.3515011653129542,0.3621740483622594,1
Rajasthan,Jalore,494.0,825.0,0.0,0.18518518518518517,0.7530864197530864,1
Rajasthan,Jhalawar,6871.0,137204.0,0.47411775523932054,0.3602772049464875,0.38411741388759324,1
Rajasthan,Jhunjhunu,296.0,4017.0,0.01074589127686473,0.3420098064341355,0.3792291316189619,1
Rajasthan,Jhunjhunun,7377.0,148600.0,0.0044410889550117695,0.34050631964454475,0.3630509926084197,1
Rajasthan,Jodhpur,21793.0,322726.0,0.11518834882802748,0.34025357046658905,0.36212738191436333,1
Rajasthan,Karauli,8515.0,122091.0,0.05760522614217546,0.33984989910937047,0.3593370927605482,1
Rajasthan,Kota,7327.0,156986.0,0.08485503023817602,0.33641016894295195,0.3680432723525946,1
Rajasthan,Nagaur,16943.0,279033.0,0.0749746797807769,0.34063688424930366,0.35936311575069635,1
Rajasthan,Pali,8906.0,204015.0,0.06249432920021155,0.3404588976717948,0.3635411023282052,1
Rajasthan,Pratapgarh,3720.0,91718.0,0.41247881910234696,0.36219497136286743,0.38016310723975266,1
Rajasthan,Rajsamand,4381.0,100165.0,0.05303414865847456,0.3375531164102438,0.3628517418893513,1
Rajasthan,Sawai Madhopur,6643.0,113824.0,0.13590435449156044,0.3519496823998147,0.3723301529911318,1
Rajasthan,Sikar,11096.0,217675.0,0.08435002397704493,0.33988140733614525,0.36411859266385477,1
Rajasthan,Sirohi,10425.0,100854.0,0.25832306525995824,0.3477857458771511,0.3664999684085632,1
Rajasthan,Tonk,5743.0,121712.0,0.35252372177367364,0.3570849831798819,0.36823690523213526,1
Rajasthan,Udaipur,14423.0,273081.0,0.025930276941346114,0.3374548508913085,0.360584364794966,1
Sikkim,East,360.0,9751.0,0.0666285874619208,0.3532516490509605,0.3828594620601506,1
Sikkim,East Sikkim,337.0,6592.0,0.0689363595905652,0.3463249045947383,0.3826470580220841,1
Sikkim,South,194.0,5544.0,0.18781328320802004,0.34517033291286203,0.4127244039292432,1
Sikkim,South Sikkim,459.0,3173.0,0.14078057359307358,0.3779935578305793,0.4004155330785116,1
Sikkim,West,203.0,5666.0,1.175287631831256,0.38795400367783456,0.46439498961075604,1
Sikkim,West Sikkim,492.0,4947.0,0.6533260233918129,0.3493067978114418,0.4599037285043477,1
Tamil Nadu,Ariyalur,2336.0,94009.0,0.08142361111111111,0.3547224085143844,0.36611092481894897,1
Tamil Nadu,Chengalpattu,1238.0,22734.0,0.017722908093278464,0.3353273338458524,0.37249159619529987,1
Tamil Nadu,Chennai,9859.0,341643.0,0.0549930407780035,0.34109016189457,0.35969723968023315,1
Tamil Nadu,Coimbatore,8734.0,305797.0,0.007660505836575875,0.3405182398494014,0.36376191579262196,1
Tamil Nadu,Cuddalore,8454.0,227073.0,0.03993988929921389,0.3433831790201861,0.35781204010331985,1
Tamil Nadu,Dharmapuri,5576.0,134146.0,0.12663354458592704,0.35959177215471505,0.36768095511801224,1
Tamil Nadu,Dindigul,5959.0,226791.0,0.0,0.34408432974772185,0.3506947867181416,1
Tamil Nadu,Erode,5886.0,195888.0,0.008531212664277182,0.3371990371989543,0.35634934989781997,1
Tamil Nadu,Kallakurichi,1047.0,13159.0,0.0347919024267572,0.34205008184741664,0.3716428642106746,1
Tamil Nadu,Kancheepuram,12707.0,333286.0,0.019818994157406344,0.3391067714663858,0.36244361613051346,1
Tamil Nadu,Kanchipuram,387.0,15.0,0.0,0.4444444444444444,0.3333333333333333,1
Tamil Nadu,Kanniyakumari,2215.0,97387.0,0.0,0.34145289500739734,0.35695980340530103,1
Tamil Nadu,Kanyakumari,1944.0,44207.0,0.004435483870967742,0.3493595825426945,0.36435009487666037,1
Tamil Nadu,Karur,3892.0,77328.0,0.043864067187455585,0.3479639808686607,0.3686352094147401,1
Tamil Nadu,Krishnagiri,4911.0,165787.0,0.062069478608918406,0.3436577476670697,0.3615215352014562,1
Tamil Nadu,Madurai,9698.0,287913.0,0.08319665008951069,0.33818972093642974,0.3606054597864618,1
Tamil Nadu,Mayiladuthurai,493.0,6777.0,0.0208060526698676,0.350210970464135,0.379746835443038,1
Tamil Nadu,Nagapattinam,3935.0,108155.0,0.0,0.34501091775292797,0.3557764838218752,1
Tamil Nadu,Namakkal,4724.0,151668.0,0.04143030303030303,0.3429107981220657,0.36508920187793426,1
Tamil Nadu,Perambalur,2068.0,67156.0,0.026490622616878,0.3452854652066428,0.3579665673136824,1
Tamil Nadu,Pudukkottai,6917.0,166539.0,0.03408206469288005,0.34245641633711216,0.3559562820755862,1
Tamil Nadu,Ramanathapuram,3899.0,126980.0,0.017961876832844573,0.3458731948829233,0.3597719664073993,1
Tamil Nadu,Ranipet,111.0,1709.0,0.04983660130718954,0.356306787911606,0.4231049767942763,1
Tamil Nadu,Salem,9933.0,315213.0,0.08252896990103743,0.34913763748425103,0.36002570912929477,1
Tamil Nadu,Sivaganga,4367.0,119696.0,0.023618742368742368,0.3455802945047675,0.3607689118444388,1
Tamil Nadu,Tenkasi,1224.0,17308.0,0.008747248540530194,0.33921699477255035,0.3686019352686019,1
Tamil Nadu,Thanjavur,7221.0,222911.0,0.07116249891840443,0.3448312258554812,0.35989318359333766,1
Tamil Nadu,The Nilgiris,1666.0,54561.0,0.0,0.3492063492063492,0.3611111111111111,1
Tamil Nadu,Theni,3402.0,114747.0,0.08123619291683741,0.34545707069652903,0.3653863027974469,1
Tamil Nadu,Thiruvallur,596.0,4167.0,0.012811302681992338,0.3539541848793913,0.37880443581026385,1
Tamil Nadu,Thiruvarur,4095.0,98664.0,0.0042758620689655165,0.345361216730038,0.362638783269962,1
Tamil Nadu,Thoothukkudi,5202.0,169175.0,0.032308371420758625,0.3505376344086022,0.3614623655913978,1
Tamil Nadu,Tiruchirappalli,9720.0,243604.0,0.020130846889683262,0.3445888661629275,0.36407255115990717,1
Tamil Nadu,Tirunelveli,9423.0,270246.0,0.01875,0.3433527645292351,0.35860801978449036,1
Tamil Nadu,Tirupattur,1015.0,18870.0,0.027983731749422126,0.3472662586900142,0.37239901327651304,1
Tamil Nadu,Tiruppur,6045.0,209018.0,0.030804205740267123,0.34066900068338324,0.3652133522577932,1
Tamil Nadu,Tiruvallur,11265.0,341430.0,0.004501539063751045,0.3411031659206841,0.3654605406430224,1
Tamil Nadu,Tiruvannamalai,7131.0,188613.0,0.06926470847004514,0.3437136712338797,0.3631136380030681,1
Tamil Nadu,Vellore,9469.0,254966.0,0.0,0.34079256447336537,0.35842618552663463,1
Tamil Nadu,Villupuram,6619.0,147782.0,0.004981425194191151,0.34523809523809523,0.3611111111111111,1
Tamil Nadu,Viluppuram,5036.0,110878.0,0.0,0.33822853527843716,0.3613762078045668,1
Tamil Nadu,Virudhunagar,5283.0,160611.0,0.03879230308475592,0.3410187875781946,0.3692986727392657,1
Telangana,Adilabad,2938.0,109979.0,0.037858821125753395,0.34467535264348015,0.3684720577150856,1
Telangana,Bhadradri Kothagudem,3131.0,46456.0,0.15698226858279848,0.3384171719212415,0.36869579879005554,1
Telangana,Hanumakonda,999.0,23984.0,0.02868522690698423,0.33264269003060715,0.37447028068068994,1
Telangana,Hyderabad,25560.0,377088.0,0.034259702215099,0.33502260213517904,0.3611312440186671,1
Telangana,Jagitial,1553.0,23358.0,0.10260311314030322,0.35257744217848863,0.3788275164991973,1
Telangana,Jangoan,1004.0,19807.0,0.13198480652207834,0.3390546432301767,0.38508328780430606,1
Telangana,Jayashankar Bhupalpally,824.0,16937.0,0.5131982728699404,0.358566782060346,0.4124612553228316,1
Telangana,Jogulamba Gadwal,1765.0,35007.0,0.5203663152302158,0.34716721280307855,0.41809100315936276,1
Telangana,K.V. Rangareddy,17010.0,388857.0,0.07391275651106066,0.3361521947728971,0.3669728052271029,1
Telangana,Kamareddy,1983.0,33347.0,0.16631888833428582,0.3466070027792687,0.39068113281395167,1
Telangana,Karimnagar,5708.0,190028.0,0.0,0.34090706614964605,0.36147388623130633,1
Telangana,Khammam,3819.0,101034.0,0.026150218541522892,0.34523809523809523,0.36507936507936506,1
Telangana,Komaram Bheem,1080.0,30934.0,0.5169163847956418,0.3360008180603475,0.3892244071648777,1
Telangana,Mahabubabad,1450.0,28133.0,0.31078816548511895,0.3459074113315834,0.3941806943952888,1
Telangana,Mahabubnagar,9978.0,261115.0,0.03088365319602642,0.34347889664340314,0.3663250249252243,1
Telangana,Mancherial,1065.0,32964.0,0.05852746504007007,0.3293538248676677,0.3765285280735088,1
Telangana,Medak,7393.0,164165.0,0.0145953118089341,0.3522267206477733,0.3684210526315789,1
Telangana,Medchal Malkajgiri,704.0,0.0,0.0,0.0,0.0,0
Telangana,Medchal-Malkajgiri,4011.0,95229.0,0.06693467502557003,0.33680683885355955,0.37457527496757864,1
Telangana,Medchal−Malkajgiri,516.0,5585.0,0.020923520923520924,0.3427123787549208,0.3629153268727849,1
Telangana,Mulugu,930.0,14813.0,0.10608277591973243,0.3270077992333156,0.3816878529405974,1
Telangana,Nagarkurnool,1339.0,27722.0,0.0900577116240471,0.3390152445784799,0.3728491622011811,1
Telangana,Nalgonda,6530.0,193298.0,0.0206072536387497,0.3416013530729674,0.3591860485018357,1
Telangana,Narayanpet,1294.0,19387.0,0.1926164016487218,0.33387155536878027,0.391792161445379,1
Telangana,Nirmal,1369.0,38344.0,0.2073715709873009,0.32388511014616617,0.3973538279069312,1
Telangana,Nizamabad,6470.0,164488.0,0.03655142073604447,0.3401287917000813,0.3730186186584844,1
Telangana,Peddapalli,582.0,14172.0,0.09293753865182437,0.34334058557145547,0.3839321417012718,1
Telangana,Rajanna Sircilla,866.0,16403.0,0.3171245439463664,0.3437188107117054,0.39288833214543745,1
Telangana,Ranga Reddy,284.0,0.0,0.0,0.0,0.0,0
Telangana,Rangareddy,294.0,7002.0,0.3658597250702514,0.34751648530089574,0.4084643759431234,1
Telangana,Sangareddy,2630.0,51785.0,0.03227217814346818,0.338600098260352,0.37224327523362394,1
Telangana,Siddipet,1834.0,42477.0,0.04566259808195292,0.33691364659977646,0.3727637727550623,1
Telangana,Suryapet,1983.0,54871.0,0.33490353722134214,0.34296609722323357,0.38088327516170367,1
Telangana,Vikarabad,2553.0,59820.0,0.3961450867025376,0.338237317059643,0.39680541798309205,1
Telangana,Wanaparthy,1633.0,29308.0,0.29893845878732617,0.33997769821854495,0.39993261568280036,1
Telangana,Warangal,2869.0,111199.0,0.0075,0.344,0.364,1
Telangana,Warangal Rural,720.0,20607.0,0.025847123719464148,0.3392935769372404,0.3798553592329724,1
Telangana,Warangal Urban,651.0,19110.0,0.059861177916733475,0.339867989581083,0.38029661947241494,1
Telangana,Yadadri.,1540.0,42878.0,0.14318273924656902,0.34446411830892887,0.38319545615915623,1
Tripura,Dhalai,1401.0,47354.0,0.1956807789185253,0.3547287029642273,0.3737195728978417,1
Tripura,Gomati,673.0,22048.0,0.07331573655103067,0.3369056409720001,0.3870762594804886,1
Tripura,Khowai,314.0,11953.0,0.22654320987654322,0.35215310315448545,0.3918082495025194,1
Tripura,North Tripura,1462.0,58067.0,0.14392580115314713,0.34996127228460483,0.3746149989018358,1
Tripura,Sepahijala,1699.0,29918.0,0.1694915315830756,0.3258469992776343,0.399271484134688,1
Tripura,South Tripura,2062.0,77915.0,0.03218465220760622,0.35087737997454627,0.366964943676906,1
Tripura,Unakoti,628.0,18112.0,0.20285689528336587,0.3581708631071818,0.37992437498805626,1
Tripura,West Tripura,2737.0,123580.0,0.0894479350181631,0.3516932628099013,0.362592451475813,1
Uttar Pradesh,Agra,29345.0,371377.0,0.3414383779799673,0.3480496651181855,0.36916344963591285,1
Uttar Pradesh,Aligarh,25851.0,335376.0,0.09162232368369268,0.3329831764086684,0.3542755108500188,1
Uttar Pradesh,Allahabad,12910.0,392864.0,0.07081134226534457,0.34273952543183317,0.3596414269491192,1
Uttar Pradesh,Ambedkar Nagar,7847.0,143955.0,0.14558012682115526,0.3478828174119986,0.3646677898754508,1
Uttar Pradesh,Amethi,7066.0,152038.0,0.04798509554131491,0.346146152616928,0.35949900867339457,1
Uttar Pradesh,Amroha,8010.0,157262.0,0.4748623494091761,0.3578415602836475,0.39433235275983075,1
Uttar Pradesh,Auraiya,3660.0,101365.0,0.22761129738392497,0.3498229616207435,0.3705160214301039,1
Uttar Pradesh,Ayodhya,1680.0,18870.0,0.014735042735042735,0.3414029850746269,0.3625970149253731,1
Uttar Pradesh,Azamgarh,20211.0,295809.0,0.04132785513732618,0.33993024717487635,0.35176935756820665,1
Uttar Pradesh,Baghpat,6741.0,95265.0,0.1771577222549,0.34359983439438035,0.37068587989133395,1
Uttar Pradesh,Bahraich,38897.0,279546.0,0.22539340371074124,0.34442300254859054,0.3580563362943847,1
Uttar Pradesh,Ballia,9724.0,212051.0,0.06447141049269696,0.3351301665709541,0.3562278581204039,1
Uttar Pradesh,Balrampur,12145.0,160045.0,0.744080735488177,0.3699069271272628,0.39372943650910086,1
Uttar Pradesh,Banda,10458.0,145822.0,0.5509201353398018,0.3652858476480023,0.3858058554087662,1
Uttar Pradesh,Bara Banki,8937.0,246941.0,0.06881072079079718,0.33453619339190926,0.3626749619865768,1
Uttar Pradesh,Barabanki,2359.0,8125.0,0.04092737890912333,0.3416872592077468,0.37382998217156355,1
Uttar Pradesh,Bareilly,27357.0,408100.0,0.21008545979752316,0.3352759114710623,0.3703692498192603,1
Uttar Pradesh,Basti,9911.0,171491.0,0.11763285897945171,0.34457577023009867,0.3661680314227939,1
Uttar Pradesh,Bhadohi,533.0,14773.0,0.12394241560908227,0.3376776933072616,0.37599752036795203,1
Uttar Pradesh,Bijnor,16445.0,378399.0,0.18577617492412668,0.34961823937319253,0.3769123728717054,1
Uttar Pradesh,Budaun,15272.0,229858.0,0.14305689370530494,0.3318065245082517,0.36081642631142047,1
Uttar Pradesh,Bulandshahar,181.0,727.0,0.1398176291793313,0.34599797365754814,0.4199594731509625,1
Uttar Pradesh,Bulandshahr,16676.0,301507.0,0.1612934155367051,0.34161377261970866,0.37098465257714175,1
Uttar Pradesh,Chandauli,9404.0,157427.0,0.21998198896643595,0.3368676386558891,0.36606123163699794,1
Uttar Pradesh,Chitrakoot,5286.0,95779.0,1.0542647036493813,0.39469574470978736,0.41748699640696396,1
Uttar Pradesh,Deoria,10113.0,222835.0,0.18665992539275786,0.3493820852395166,0.3660650692320281,1
Uttar Pradesh,Etah,11165.0,134414.0,0.2802153393618203,0.33110195805185133,0.3745257475758543,1
Uttar Pradesh,Etawah,7032.0,124143.0,0.3987312800367416,0.34302514229777276,0.3850450331408237,1
Uttar Pradesh,Faizabad,6768.0,146509.0,0.035465630111293736,0.338103830221243,0.3570181209982692,1
Uttar Pradesh,Farrukhabad,5763.0,130113.0,0.35199285116549983,0.35115447143485395,0.3816041492548012,1
Uttar Pradesh,Fatehpur,12103.0,199990.0,0.14089080925520453,0.3383589799203946,0.35960020375307483,1
Uttar Pradesh,Firozabad,12052.0,214415.0,0.07909044284925174,0.3369509114343046,0.36265383164869935,1
Uttar Pradesh,Gautam Buddha Nagar,18788.0,195473.0,0.04128005112032028,0.3259970788034638,0.3590422912752763,1
Uttar Pradesh,Ghaziabad,22654.0,359211.0,0.27987327486533603,0.34498954402593024,0.37790202223913,1
Uttar Pradesh,Ghazipur,11067.0,238685.0,0.13549725989756942,0.3395961690630212,0.3657980218083481,1
Uttar Pradesh,Gonda,15046.0,244202.0,0.054011860660179684,0.34389756698813684,0.35489761373475476,1
Uttar Pradesh,Gorakhpur,19675.0,296122.0,0.004411764705882353,0.33224280973838405,0.35011013143808656,1
Uttar Pradesh,Hamirpur,3372.0,87408.0,0.2679803769533416,0.35091212716124054,0.37177694846901155,1
Uttar Pradesh,Hapur,7185.0,87646.0,0.21931129749840256,0.3407675073598979,0.3729077063153158,1
Uttar Pradesh,Hardoi,24930.0,315485.0,0.6742222199534306,0.37156575023360544,0.38736282119496596,1
Uttar Pradesh,Hathras,6418.0,125953.0,0.15412628069476017,0.34761193373014304,0.3643222226484578,1
Uttar Pradesh,Jalaun,5480.0,120245.0,0.1369041196839636,0.3338688544338051,0.3603460215992527,1
Uttar Pradesh,Jaunpur,15522.0,301205.0,0.04152260446512702,0.3328490036101607,0.34950393756630993,1
Uttar Pradesh,Jhansi,7005.0,169035.0,0.28646108783628804,0.35208090006415116,0.37249537112228953,1
Uttar Pradesh,Kannauj,6522.0,117738.0,0.35159546462917757,0.3446183784233514,0.3759056390438975,1
Uttar Pradesh,Kanpur Dehat,7912.0,127378.0,0.1766037437296703,0.34281339786026227,0.36912075851833853,1
Uttar Pradesh,Kanpur Nagar,24279.0,309823.0,0.09133311209923121,0.33367652692644484,0.36554222307355516,1
Uttar Pradesh,Kasganj,6225.0,114082.0,0.3950230670067711,0.3476780308336767,0.36536544742719285,1
Uttar Pradesh,Kaushambi,7344.0,152403.0,0.3412114091880167,0.34369595462148467,0.37246125061869,1
Uttar Pradesh,Kheri,24274.0,320394.0,0.4621657910527518,0.3557744162276809,0.37614047738934037,1
Uttar Pradesh,Kushi Nagar,1570.0,0.0,0.0,0.0,0.0,0
Uttar Pradesh,Kushinagar,10436.0,265788.0,0.4610173770981282,0.3510412384699421,0.37428064994207505,1
Uttar Pradesh,Lalitpur,4678.0,107413.0,0.9851689537916988,0.36965006372338827,0.389609195535871,1
Uttar Pradesh,Lucknow,25019.0,367578.0,0.14332383023370532,0.3346763068975953,0.3641653919441035,1
Uttar Pradesh,Maharajganj,17716.0,186795.0,0.5337838792230638,0.36070587638517665,0.378424558397432,1
Uttar Pradesh,Mahoba,2938.0,72547.0,0.6165904544899277,0.3676476042303747,0.3881127644332198,1
Uttar Pradesh,Mainpuri,11500.0,125006.0,0.14349359618643462,0.34239459707642994,0.3629995937949394,1
Uttar Pradesh,Mathura,11483.0,198583.0,0.22445173496326115,0.3368295123716495,0.3692929366079423,1
Uttar Pradesh,Mau,7384.0,154445.0,0.19086439595075363,0.3453372855140898,0.3707644094011644,1
Uttar Pradesh,Meerut,23606.0,289849.0,0.13763038856076973,0.33605245601016986,0.36719957651015533,1
Uttar Pradesh,Mirzapur,7532.0,177618.0,0.27036356305219994,0.34460888804241285,0.37269069001665883,1
Uttar Pradesh,Moradabad,21436.0,286931.0,0.21375396851391187,0.3373494442262098,0.36756858856067537,1
Uttar Pradesh,Muzaffarnagar,11761.0,272871.0,0.10662144035215218,0.3328756064324791,0.36433554894600695,1
Uttar Pradesh,Pilibhit,13423.0,223570.0,0.8299067053349223,0.3443132604735498,0.3837973386047912,1
Uttar Pradesh,Pratapgarh,10098.0,212450.0,0.07710007178513088,0.3470026311478332,0.35864253014248937,1
Uttar Pradesh,Prayagraj,2844.0,41155.0,0.019027217741935484,0.3272036801090181,0.36231244892323994,1
Uttar Pradesh,Rae Bareli,9545.0,208878.0,0.06515066266566641,0.33779350692591853,0.35575488017085566,1
Uttar Pradesh,Rampur,19947.0,231471.0,0.4998581664560256,0.3441016138895445,0.3859868816856767,1
Uttar Pradesh,Saharanpur,18601.0,312802.0,0.16694194511437227,0.33499160895262814,0.3694618323429184,1
Uttar Pradesh,Sambhal,8563.0,176245.0,0.08348147865211193,0.34144584392052346,0.3622578597831803,1
Uttar Pradesh,Sant Kabir Nagar,5967.0,144500.0,0.5204922284856937,0.36024393806633426,0.3798441676605379,1
Uttar Pradesh,Sant Ravidas Nagar,4316.0,104742.0,0.3509386518925726,0.3541692877644572,0.3833872733215156,1
Uttar Pradesh,Shahjahanpur,24054.0,263745.0,0.5066519948914155,0.3397346382983111,0.3770795209937243,1
Uttar Pradesh,Shamli,8038.0,153247.0,0.41863177903031856,0.35526047183035026,0.3827307945451956,1
Uttar Pradesh,Shravasti,2535.0,0.0,0.0,0.0,0.0,0
Uttar Pradesh,Shrawasti,5038.0,100436.0,0.2597477998852388,0.33859087228409745,0.3677921064393068,1
Uttar Pradesh,Siddharth Nagar,4341.0,0.0,0.0,0.0,0.0,0
Uttar Pradesh,Siddharthnagar,13784.0,176857.0,0.1436549015969006,0.3417288766461262,0.36538409406517086,1
Uttar Pradesh,Sitapur,30475.0,385870.0,0.4532841251578213,0.3495580346059633,0.3724150595644403,1
Uttar Pradesh,Sonbhadra,4920.0,158352.0,0.11709520787153774,0.33706712073762823,0.36551908615892353,1
Uttar Pradesh,Sultanpur,11198.0,159789.0,0.10183526991498351,0.338563031100844,0.35691021992796257,1
Uttar Pradesh,Unnao,18960.0,242095.0,0.1378321423982327,0.33160194833352374,0.35665716097821715,1
Uttar Pradesh,Varanasi,23139.0,295011.0,0.06606300758589916,0.32812342744020623,0.35187657255979377,1
Uttarakhand,Almora,1344.0,43463.0,0.038998387601376555,0.3421125140722559,0.3615911896314478,1
Uttarakhand,Bageshwar,723.0,26430.0,0.0544189852700491,0.35133869896291925,0.3635549180583573,1
Uttarakhand,Chamoli,1045.0,36249.0,0.004201680672268907,0.34861978914788666,0.3615842924847664,1
Uttarakhand,Champawat,850.0,33023.0,0.33622687264196016,0.35765717299930383,0.38225314090204143,1
Uttarakhand,Dehradun,9365.0,191245.0,0.14168709296650706,0.3340429117760022,0.3667444897988009,1
Uttarakhand,Hardwar,143.0,1783.0,0.06666666666666667,0.35714395476058763,0.4228560452394124,1
Uttarakhand,Haridwar,5877.0,181145.0,0.40152885776957353,0.3560391023354006,0.367101393532368,1
Uttarakhand,Nainital,3847.0,100186.0,0.05684944152134405,0.3346955833233238,0.36449140854659495,1
Uttarakhand,Pauri Garhwal,1809.0,58582.0,0.0,0.3401647440051579,0.3633925682478066,1
Uttarakhand,Pithoragarh,1204.0,40564.0,0.06424740949011183,0.34674792787287395,0.3675377864128403,1
Uttarakhand,Rudraprayag,939.0,29180.0,0.11831423895253683,0.3532250341090719,0.36592390206114084,1
Uttarakhand,Tehri Garhwal,2722.0,73689.0,0.035426664411856046,0.3394782279394776,0.36052177206052244,1
Uttarakhand,Udham Singh Nagar,5930.0,230583.0,0.20644461232890232,0.34026850499410083,0.3840113303968457,1
Uttarakhand,Uttarkashi,1106.0,31472.0,0.09713207253179293,0.3560641742608526,0.3695995425533067,1
West Bengal,24 Paraganas North,6147.0,0.0,0.0,0.0,0.0,0
West Bengal,24 Paraganas South,490.0,0.0,0.0,0.0,0.0,0
West Bengal,Alipurduar,3657.0,15732.0,0.03433677013735593,0.3382639258676688,0.3712796425970615,1
West Bengal,Bankura,11026.0,217607.0,0.0,0.3321713092664784,0.35830488120971205,1
West Bengal,Barddhaman,15505.0,305888.0,0.005635112918577485,0.3425196850393701,0.36220472440944884,1
West Bengal,Bardhaman,1745.0,31487.0,0.0,0.34034366434745944,0.361269238878347,1
West Bengal,Birbhum,15224.0,222106.0,0.06073297921990048,0.3301711573756976,0.3694335857073064,1
West Bengal,Cooch Behar,10570.0,136504.0,0.06018824427705093,0.3367303762598688,0.3668269359930956,1
West Bengal,Coochbehar,4410.0,0.0,0.0,0.0,0.0,0
West Bengal,Dakshin Dinajpur,6415.0,107596.0,0.12365057352481207,0.33272884736056507,0.3729163139297575,1
West Bengal,Darjeeling,7237.0,79275.0,0.02124984221122175,0.3344853567571504,0.3572142479859326,1
West Bengal,Darjiling,710.0,8800.0,0.09141510997466677,0.34129275381494334,0.3823914567113725,1
West Bengal,Dinajpur Dakshin,997.0,0.0,0.0,0.0,0.0,0
West Bengal,Dinajpur Uttar,11671.0,0.0,0.0,0.0,0.0,0
West Bengal,East Midnapore,2069.0,44918.0,0.06062535370684777,0.34874450146627567,0.3609329178885631,1
West Bengal,Haora,2791.0,57179.0,0.0,0.33859435509214364,0.3589862900691467,1
West Bengal,Hooghly,14959.0,288981.0,0.038248697916666664,0.33984375,0.359375,1
West Bengal,Howrah,11116.0,174995.0,0.06013316090914977,0.3456259121928129,0.35955337067571297,1
West Bengal,Hugli,188.0,1352.0,0.04471153846153846,0.34589642893870837,0.40410357106129163,1
West Bengal,Jalpaiguri,10531.0,221545.0,0.02222842261904762,0.3373582598882201,0.3540479901117799,1
West Bengal,Jhargram,943.0,9074.0,0.0,0.33245175275079814,0.3637507788947715,1
West Bengal,Kalimpong,504.0,2493.0,0.13408435083435083,0.35662587261772044,0.4183741273822795,1
West Bengal,Koch Bihar,3263.0,66503.0,0.014852553240352805,0.33953033851062875,0.3682885915305235,1
West Bengal,Kolkata,10205.0,166891.0,0.0140353680622137,0.332594054853775,0.3539138816541615,1
West Bengal,Malda,15577.0,234964.0,0.13794405379078925,0.3365894953449359,0.370920386077989,1
West Bengal,Maldah,1719.0,30050.0,0.08882679724705758,0.34751232251584385,0.36098970177565415,1
West Bengal,Medinipur West,645.0,0.0,0.0,0.0,0.0,0
West Bengal,Murshidabad,34968.0,478303.0,0.004377443867889728,0.3359073359073359,0.3667953667953668,1
West Bengal,Nadia,17529.0,268940.0,0.026944977891465324,0.3394004959913583,0.35320650789969227,1
West Bengal,North 24 Parganas,28220.0,430081.0,0.0,0.3333333333333333,0.3563218390804598,1
West Bengal,North Dinajpur,338.0,4638.0,0.021834061135371178,0.33178786437671015,0.3800025286363903,1
West Bengal,North Twenty Four Parganas,1597.0,28678.0,0.0,0.33869874971584446,0.3573012502841555,1
West Bengal,Paschim Bardhaman,1266.0,21662.0,0.008960573476702509,0.3403477822580645,0.36126512096774194,1
West Bengal,Paschim Medinipur,17757.0,300870.0,0.0457727810911044,0.34186436374136164,0.3633149191271643,1
West Bengal,Purba Bardhaman,2988.0,30519.0,0.00919144692746563,0.332063930868385,0.36673124985450656,1
West Bengal,Purba Medinipur,14116.0,202688.0,0.0,0.3350027824151363,0.3626716361895148,1
West Bengal,Purulia,775.0,9068.0,0.034768916768032204,0.344053727862697,0.3744336670952862,1
West Bengal,Puruliya,13051.0,202041.0,0.0842759714846795,0.33932570706727716,0.3721367435256082,1
West Bengal,South 24 Parganas,33088.0,521306.0,0.04380526109492268,0.33489570753957354,0.3666546800573257,1
West Bengal,South Dinajpur,434.0,7067.0,0.13690656565656564,0.3408089317966271,0.39100925002155473,1
West Bengal,South Twenty Four Parganas,4048.0,63722.0,0.00968421052631579,0.337350511662769,0.358649488337231,1
West Bengal,Uttar Dinajpur,26445.0,284957.0,0.0991084399891117,0.3399202035244149,0.37895529848361725,1
West Bengal,West Midnapore,2150.0,40896.0,0.0154576524244439,0.33989627133085587,0.36335576118946933,1
