date,year,month,day_of_week,is_weekend,state,district,demo_age_5_17,demo_age_17_,total_demo,active_pincodes,demo_minor_share,zscore,anomaly_type
2025-03-01,2025,3,Saturday,True,Andhra Pradesh,Anantapur,953,19013,19966,37,0.04773114294300287,9.445719328699909,High Spike
2025-03-01,2025,3,Saturday,True,Andhra Pradesh,Ananthapur,2020,7310,9330,56,0.2165058949624843,4.26582550301911,High Spike
2025-03-01,2025,3,Saturday,True,Andhra Pradesh,Ananthapuramu,2499,7891,10390,42,0.24051973051010356,4.782061630813549,High Spike
2025-03-01,2025,3,Saturday,True,Andhra Pradesh,Chittoor,3957,38298,42255,78,0.09364572239971579,20.30080145361522,High Spike
2025-03-01,2025,3,Saturday,True,Andhra Pradesh,Cuddapah,1786,16961,18747,47,0.09526857630554172,8.852047781736303,High Spike
2025-03-01,2025,3,Saturday,True,Andhra Pradesh,East Godavari,3391,37620,41011,85,0.08268513325693086,19.69495452627911,High Spike
2025-03-01,2025,3,Saturday,True,Andhra Pradesh,Guntur,3060,40302,43362,70,0.07056870070568684,20.83992729650998,High Spike
2025-03-01,2025,3,Saturday,True,Andhra Pradesh,Hyderabad,695,6045,6740,29,0.10311572700296583,3.00445609642704,High Spike
2025-03-01,2025,3,Saturday,True,Andhra Pradesh,Krishna,1711,21831,23542,46,0.07267861693993682,11.187285737183787,High Spike
2025-03-01,2025,3,Saturday,True,Andhra Pradesh,Kurnool,3650,31715,35365,58,0.10320938781280897,16.945266622951376,High Spike
2025-03-01,2025,3,Saturday,True,Andhra Pradesh,N. T. R,775,6936,7711,18,0.10050577097652573,3.4773478700953415,High Spike
2025-03-01,2025,3,Saturday,True,Andhra Pradesh,Nellore,944,16115,17059,30,0.05533735857904886,8.029966098984406,High Spike
2025-03-01,2025,3,Saturday,True,Andhra Pradesh,Prakasam,2116,27970,30086,57,0.07033171574818829,14.374313303492093,High Spike
2025-03-01,2025,3,Saturday,True,Andhra Pradesh,Srikakulam,5153,37687,42840,55,0.12028478057889794,20.585705354331964,High Spike
2025-03-01,2025,3,Saturday,True,Andhra Pradesh,Visakhapatnam,3222,36984,40206,68,0.08013729294135183,19.302907278284277,High Spike
2025-03-01,2025,3,Saturday,True,Andhra Pradesh,Vizianagaram,2141,20324,22465,49,0.09530380592032008,10.662770350736041,High Spike
2025-03-01,2025,3,Saturday,True,Andhra Pradesh,Warangal,728,6167,6895,27,0.10558375634517614,3.079943454736604,High Spike
2025-03-01,2025,3,Saturday,True,Andhra Pradesh,West Godavari,2189,27673,29862,67,0.0733038644431047,14.265221895354399,High Spike
2025-03-01,2025,3,Saturday,True,Assam,Barpeta,821,9181,10002,14,0.0820835832833425,4.593099727432188,High Spike
2025-03-01,2025,3,Saturday,True,Assam,Bongaigaon,699,8681,9380,8,0.07452025586353865,4.290176263764131,High Spike
2025-03-01,2025,3,Saturday,True,Assam,Cachar,1234,10000,11234,33,0.10984511304966967,5.193102472189498,High Spike
2025-03-01,2025,3,Saturday,True,Assam,Dhubri,1056,10824,11880,19,0.08888888888888814,5.507714301015165,High Spike
2025-03-01,2025,3,Saturday,True,Assam,Goalpara,768,6461,7229,11,0.10623876054779213,3.242606536513342,High Spike
2025-03-01,2025,3,Saturday,True,Assam,Golaghat,587,8416,9003,14,0.0652004887259795,4.106571527746675,High Spike
2025-03-01,2025,3,Saturday,True,Assam,Karbi Anglong,675,6192,6867,14,0.09829619921362898,3.0663070287193923,High Spike
2025-03-01,2025,3,Saturday,True,Assam,Lakhimpur,577,9766,10343,12,0.05578652228560325,4.759171915713229,High Spike
2025-03-01,2025,3,Saturday,True,Assam,Marigaon,1006,7948,8954,12,0.11235202144292927,4.082707782216555,High Spike
2025-03-01,2025,3,Saturday,True,Assam,Nagaon,1216,16723,17939,20,0.0677852723117227,8.45853948809677,High Spike
2025-03-01,2025,3,Saturday,True,Assam,Sonitpur,802,9796,10598,19,0.07567465559539464,4.883360795512835,High Spike
2025-03-01,2025,3,Saturday,True,Assam,Tinsukia,499,7786,8285,15,0.06022933011466433,3.7568946034481785,High Spike
2025-03-01,2025,3,Saturday,True,Bihar,Araria,2257,25718,27975,16,0.0806791778373545,13.34622418483732,High Spike
2025-03-01,2025,3,Saturday,True,Bihar,Aurangabad,2788,23698,26486,23,0.10526315789473645,12.621058529850604,High Spike
2025-03-01,2025,3,Saturday,True,Bihar,Banka,2042,23089,25131,12,0.08125422784608619,11.961152913660543,High Spike
2025-03-01,2025,3,Saturday,True,Bihar,Begusarai,3168,27349,30517,28,0.10381099059540551,14.58421686111417,High Spike
2025-03-01,2025,3,Saturday,True,Bihar,Bhagalpur,4544,36547,41091,23,0.11058382614197729,19.73391574347114,High Spike
2025-03-01,2025,3,Saturday,True,Bihar,Bhojpur,2688,29327,32015,34,0.08396064344838332,15.31376565303499,High Spike
2025-03-01,2025,3,Saturday,True,Bihar,Buxar,1661,18351,20012,24,0.08300019988007155,9.468122028585327,High Spike
2025-03-01,2025,3,Saturday,True,Bihar,Darbhanga,2612,28348,30960,30,0.08436692506459921,14.799964601315054,High Spike
2025-03-01,2025,3,Saturday,True,Bihar,East Champaran,4063,45056,49119,31,0.08271748203342885,23.643673888691662,High Spike
2025-03-01,2025,3,Saturday,True,Bihar,Gaya,5465,47782,53247,29,0.10263489022855728,25.65407269580057,High Spike
2025-03-01,2025,3,Saturday,True,Bihar,Gopalganj,2104,22709,24813,19,0.0847942610728244,11.806282075322212,High Spike
2025-03-01,2025,3,Saturday,True,Bihar,Jamui,1393,15286,16679,9,0.08351819653456392,7.8449003173222485,High Spike
2025-03-01,2025,3,Saturday,True,Bihar,Jehanabad,988,8898,9886,11,0.09993930811248129,4.5366059625037405,High Spike
2025-03-01,2025,3,Saturday,True,Bihar,Kaimur (Bhabua),825,8728,9553,6,0.08636030566314157,4.374429895941902,High Spike
2025-03-01,2025,3,Saturday,True,Bihar,Katihar,2666,30191,32857,15,0.08113948321514416,15.723832463981138,High Spike
2025-03-01,2025,3,Saturday,True,Bihar,Khagaria,1363,12708,14071,13,0.09686589439272193,6.57476463686197,High Spike
2025-03-01,2025,3,Saturday,True,Bihar,Kishanganj,1543,16974,18517,5,0.08332883296430263,8.740034282309209,High Spike
2025-03-01,2025,3,Saturday,True,Bihar,Lakhisarai,764,7751,8515,7,0.08972401644157264,3.868908102875274,High Spike
2025-03-01,2025,3,Saturday,True,Bihar,Madhepura,1283,16989,18272,13,0.07021672504378246,8.620715554658608,High Spike
2025-03-01,2025,3,Saturday,True,Bihar,Madhubani,3407,41495,44902,36,0.07587635294641647,21.58993072745662,High Spike
2025-03-01,2025,3,Saturday,True,Bihar,Munger,992,13363,14355,9,0.06910484151863414,6.713076957893688,High Spike
2025-03-01,2025,3,Saturday,True,Bihar,Muzaffarpur,4308,42573,46881,34,0.09189223779356222,22.553733837744534,High Spike
2025-03-01,2025,3,Saturday,True,Bihar,Nalanda,2261,21265,23526,23,0.0961064354331374,11.17949349374538,High Spike
2025-03-01,2025,3,Saturday,True,Bihar,Nawada,1429,16428,17857,18,0.08002464019712113,8.418604240474936,High Spike
2025-03-01,2025,3,Saturday,True,Bihar,Patna,4697,41863,46560,47,0.10088058419243964,22.397401953761502,High Spike
2025-03-01,2025,3,Saturday,True,Bihar,Purnia,2025,21982,24007,19,0.08435039780064113,11.41374781211248,High Spike
2025-03-01,2025,3,Saturday,True,Bihar,Rohtas,2121,19596,21717,24,0.0976654234010218,10.298482969990532,High Spike
2025-03-01,2025,3,Saturday,True,Bihar,Saharsa,1584,18727,20311,13,0.07798729752350905,9.613739577840551,High Spike
2025-03-01,2025,3,Saturday,True,Bihar,Samastipur,4173,42649,46822,30,0.08912477040707341,22.524999940065413,High Spike
2025-03-01,2025,3,Saturday,True,Bihar,Saran,3680,40709,44389,34,0.08290342201896847,21.340091922212707,High Spike
2025-03-01,2025,3,Saturday,True,Bihar,Sheohar,707,6635,7342,5,0.09629528738763149,3.2976392557970886,High Spike
2025-03-01,2025,3,Saturday,True,Bihar,Sitamarhi,2977,33806,36783,20,0.08093412717831584,17.63585419768016,High Spike
2025-03-01,2025,3,Saturday,True,Bihar,Siwan,2603,26684,29287,29,0.08887902482330014,13.985188146786662,High Spike
2025-03-01,2025,3,Saturday,True,Bihar,Supaul,1661,29002,30663,20,0.05416952026872761,14.65532108248963,High Spike
2025-03-01,2025,3,Saturday,True,Bihar,Vaishali,3625,38551,42176,32,0.08594935508345958,20.26232725163809,High Spike
2025-03-01,2025,3,Saturday,True,Bihar,West Champaran,3700,38694,42394,16,0.08727650139170616,20.368496568486382,High Spike
2025-03-01,2025,3,Saturday,True,Chandigarh,Chandigarh,1296,8949,10245,14,0.12650073206442045,4.7114444246529885,High Spike
2025-03-01,2025,3,Saturday,True,Chhattisgarh,Balod,827,10913,11740,7,0.07044293015332137,5.439532170929107,High Spike
2025-03-01,2025,3,Saturday,True,Chhattisgarh,Baloda Bazar,369,16044,16413,12,0.022482178760738304,7.7153542701587385,High Spike
2025-03-01,2025,3,Saturday,True,Chhattisgarh,Bastar,878,10394,11272,8,0.07789212207239107,5.2116090503557135,High Spike
2025-03-01,2025,3,Saturday,True,Chhattisgarh,Bemetara,354,10365,10719,7,0.03302546879373045,4.942289636515785,High Spike
2025-03-01,2025,3,Saturday,True,Chhattisgarh,Bilaspur,1027,19013,20040,17,0.05124750499001971,9.481758454602538,High Spike
2025-03-01,2025,3,Saturday,True,Chhattisgarh,Dhamtari,382,9997,10379,7,0.03680508719529784,4.776704463449644,High Spike
2025-03-01,2025,3,Saturday,True,Chhattisgarh,Durg,1399,9968,11367,15,0.12307556963138802,5.257875495771253,High Spike
2025-03-01,2025,3,Saturday,True,Chhattisgarh,Janjgir-Champa,1438,29308,30746,18,0.046770311585246714,14.695743345326365,High Spike
2025-03-01,2025,3,Saturday,True,Chhattisgarh,Jashpur,1352,6992,8344,13,0.16203259827420707,3.785628501127303,High Spike
2025-03-01,2025,3,Saturday,True,Chhattisgarh,Kawardha,637,10357,10994,4,0.057940694924503745,5.0762188206133985,High Spike
2025-03-01,2025,3,Saturday,True,Chhattisgarh,Mungeli,278,11871,12149,5,0.02288254177298524,5.638721393823376,High Spike
2025-03-01,2025,3,Saturday,True,Chhattisgarh,Raigarh,1833,19707,21540,15,0.08509749303621131,10.212281276953158,High Spike
2025-03-01,2025,3,Saturday,True,Chhattisgarh,Raipur,1163,19558,20721,20,0.05612663481492179,9.81341581594972,High Spike
2025-03-01,2025,3,Saturday,True,Chhattisgarh,Rajnandgaon,886,21704,22590,10,0.03922089420097371,10.723647252598592,High Spike
2025-03-01,2025,3,Saturday,True,Chhattisgarh,Surajpur,570,7642,8212,7,0.06941061860691586,3.7213424927604484,High Spike
2025-03-01,2025,3,Saturday,True,Chhattisgarh,Surguja,935,10923,11858,8,0.0788497217068639,5.496999966287356,High Spike
2025-03-01,2025,3,Saturday,True,Delhi,Central Delhi,1049,11805,12854,7,0.08160883771588547,5.982067120328168,High Spike
2025-03-01,2025,3,Saturday,True,Delhi,East Delhi,1012,10944,11956,5,0.08464369354299026,5.544727457347596,High Spike
2025-03-01,2025,3,Saturday,True,Delhi,North Delhi,745,9040,9785,3,0.07613694430250305,4.487417425798799,High Spike
2025-03-01,2025,3,Saturday,True,Delhi,North East Delhi,880,9040,9920,3,0.08870967741935394,4.553164479810354,High Spike
2025-03-01,2025,3,Saturday,True,Delhi,North West Delhi,3872,40584,44456,14,0.08709735468778097,21.372721941611033,High Spike
2025-03-01,2025,3,Saturday,True,Delhi,South Delhi,2161,24744,26905,14,0.08031964318899804,12.825117904893876,High Spike
2025-03-01,2025,3,Saturday,True,Delhi,South West Delhi,2691,27140,29831,19,0.09020817270624489,14.250124423692487,High Spike
2025-03-01,2025,3,Saturday,True,Delhi,West Delhi,1705,17652,19357,8,0.08808183086221993,9.149127062825556,High Spike
2025-03-01,2025,3,Saturday,True,Gujarat,Ahmedabad,8560,54424,62984,63,0.13590753207163703,30.396139843285894,High Spike
2025-03-01,2025,3,Saturday,True,Gujarat,Amreli,1128,7235,8363,23,0.13487982781298416,3.794881790210411,High Spike
2025-03-01,2025,3,Saturday,True,Gujarat,Anand,1001,11416,12417,31,0.08061528549569075,5.769241471416686,High Spike
2025-03-01,2025,3,Saturday,True,Gujarat,Banaskantha,2626,12676,15302,20,0.17161155404522171,7.174280366404379,High Spike
2025-03-01,2025,3,Saturday,True,Gujarat,Bharuch,2611,13952,16563,32,0.1576405240596501,7.788406552393801,High Spike
2025-03-01,2025,3,Saturday,True,Gujarat,Bhavnagar,2399,14481,16880,35,0.1421208530805679,7.942790375517232,High Spike
2025-03-01,2025,3,Saturday,True,Gujarat,Dahod,2055,11658,13713,14,0.14985779916867098,6.400413189927622,High Spike
2025-03-01,2025,3,Saturday,True,Gujarat,Gandhinagar,1631,12335,13966,27,0.11678361735643622,6.523628039297427,High Spike
2025-03-01,2025,3,Saturday,True,Gujarat,Jamnagar,1436,11597,13033,25,0.11018184608301917,6.069242843795341,High Spike
2025-03-01,2025,3,Saturday,True,Gujarat,Junagadh,1663,9295,10958,31,0.15176127030479877,5.058686272876983,High Spike
2025-03-01,2025,3,Saturday,True,Gujarat,Kachchh,2092,10502,12594,35,0.16611084643480892,5.855443164454059,High Spike
2025-03-01,2025,3,Saturday,True,Gujarat,Kheda,3034,17120,20154,39,0.15054083556613998,9.537278189101185,High Spike
2025-03-01,2025,3,Saturday,True,Gujarat,Mahesana,2464,12569,15033,34,0.1639060733053937,7.043273273596168,High Spike
2025-03-01,2025,3,Saturday,True,Gujarat,Navsari,2554,8310,10864,28,0.23508836524300225,5.012906842676345,High Spike
2025-03-01,2025,3,Saturday,True,Gujarat,Panchmahals,878,6690,7568,18,0.1160147991543325,3.407704694364582,High Spike
2025-03-01,2025,3,Saturday,True,Gujarat,Patan,988,6330,7318,13,0.1350095654550405,3.2859508906394788,High Spike
2025-03-01,2025,3,Saturday,True,Gujarat,Rajkot,2036,22447,24483,24,0.08315974349548633,11.645567054405076,High Spike
2025-03-01,2025,3,Saturday,True,Gujarat,Sabarkantha,2777,10632,13409,31,0.20709970915056897,6.252360564597897,High Spike
2025-03-01,2025,3,Saturday,True,Gujarat,Surat,5855,46672,52527,53,0.11146648390351607,25.30342174107227,High Spike
2025-03-01,2025,3,Saturday,True,Gujarat,Surendra Nagar,1653,12061,13714,24,0.12053376112002245,6.400900205142523,High Spike
2025-03-01,2025,3,Saturday,True,Gujarat,Vadodara,3492,27140,30632,52,0.11399843301122972,14.640223610827718,High Spike
2025-03-01,2025,3,Saturday,True,Gujarat,Valsad,3070,11950,15020,25,0.20439414114513846,7.036942075802463,High Spike
2025-03-01,2025,3,Saturday,True,Haryana,Faridabad,1766,16611,18377,10,0.09609838384937643,8.67185215222315,High Spike
2025-03-01,2025,3,Saturday,True,Haryana,Fatehabad,802,7118,7920,8,0.10126262626262499,3.579134050009528,High Spike
2025-03-01,2025,3,Saturday,True,Haryana,Gurgaon,1480,13887,15367,16,0.096310275265178,7.2059363553729066,High Spike
2025-03-01,2025,3,Saturday,True,Haryana,Hisar,858,9522,10380,13,0.08265895953757146,4.777191478664545,High Spike
2025-03-01,2025,3,Saturday,True,Haryana,Kaithal,813,7973,8786,10,0.09253357614386419,4.000889226113285,High Spike
2025-03-01,2025,3,Saturday,True,Haryana,Karnal,893,8258,9151,12,0.09758496339197795,4.178649779551936,High Spike
2025-03-01,2025,3,Saturday,True,Haryana,Mewat,814,7691,8505,4,0.09570840681951681,3.8640379507262694,High Spike
2025-03-01,2025,3,Saturday,True,Haryana,Palwal,897,8673,9570,5,0.09373040752350999,4.38270915459521,High Spike
2025-03-01,2025,3,Saturday,True,Haryana,Sirsa,669,7127,7796,11,0.0858132375577208,3.5187441633618763,High Spike
2025-03-01,2025,3,Saturday,True,Haryana,Sonipat,918,8376,9294,14,0.09877340219496343,4.248292955282696,High Spike
2025-03-01,2025,3,Saturday,True,Haryana,Yamuna Nagar,977,8223,9200,13,0.10619565217391189,4.202513525082057,High Spike
2025-03-01,2025,3,Saturday,True,Himachal Pradesh,Kangra,960,7812,8772,38,0.10943912448700285,3.9940710131046795,High Spike
2025-03-01,2025,3,Saturday,True,Jammu And Kashmir,Anantnag,1210,7828,9038,12,0.13387917680902706,4.12361706026819,High Spike
2025-03-01,2025,3,Saturday,True,Jammu And Kashmir,Jammu,858,9258,10116,25,0.08481613285883664,4.648619461930835,High Spike
2025-03-01,2025,3,Saturday,True,Jammu And Kashmir,Kupwara,1067,6342,7409,6,0.14401403698204693,3.3302692751954166,High Spike
2025-03-01,2025,3,Saturday,True,Jammu And Kashmir,Srinagar,793,7017,7810,20,0.10153649167733544,3.525562376370482,High Spike
2025-03-01,2025,3,Saturday,True,Jharkhand,Bokaro,696,24141,24837,18,0.028022708056528456,11.817970440479822,High Spike
2025-03-01,2025,3,Saturday,True,Jharkhand,Chatra,771,12290,13061,5,0.059030702090191726,6.082879269812553,High Spike
2025-03-01,2025,3,Saturday,True,Jharkhand,Deoghar,839,20624,21463,12,0.0390905278851976,10.174781105405827,High Spike
2025-03-01,2025,3,Saturday,True,Jharkhand,Dhanbad,1576,42966,44542,30,0.03538233577297823,21.414605250092468,High Spike
2025-03-01,2025,3,Saturday,True,Jharkhand,Dumka,1035,22613,23648,13,0.043766914749661524,11.23890934996323,High Spike
2025-03-01,2025,3,Saturday,True,Jharkhand,East Singhbhum,1142,19160,20302,21,0.05625061570288614,9.609356440906447,High Spike
2025-03-01,2025,3,Saturday,True,Jharkhand,Garhwa,422,7424,7846,5,0.053785368340555015,3.543094924106897,High Spike
2025-03-01,2025,3,Saturday,True,Jharkhand,Giridih,2369,44141,46510,15,0.05093528273489561,22.373051193016483,High Spike
2025-03-01,2025,3,Saturday,True,Jharkhand,Godda,702,13507,14209,5,0.049405306495882546,6.641972736518228,High Spike
2025-03-01,2025,3,Saturday,True,Jharkhand,Gumla,502,9841,10343,11,0.048535241225949446,4.759171915713229,High Spike
2025-03-01,2025,3,Saturday,True,Jharkhand,Hazaribagh,1426,25215,26641,17,0.0535265192748018,12.696545888160168,High Spike
2025-03-01,2025,3,Saturday,True,Jharkhand,Jamtara,318,10449,10767,6,0.029534689328503488,4.965666366831004,High Spike
2025-03-01,2025,3,Saturday,True,Jharkhand,Khunti,371,7375,7746,6,0.047895688097081744,3.494393402616856,High Spike
2025-03-01,2025,3,Saturday,True,Jharkhand,Koderma,324,12209,12533,7,0.025851751376366187,5.8257352363451345,High Spike
2025-03-01,2025,3,Saturday,True,Jharkhand,Latehar,627,11862,12489,7,0.05020417967811634,5.804306566889516,High Spike
2025-03-01,2025,3,Saturday,True,Jharkhand,Pakur,832,15670,16502,6,0.050418131135619625,7.758698624284875,High Spike
2025-03-01,2025,3,Saturday,True,Jharkhand,Palamu,2568,34979,37547,15,0.06839427917010661,18.00793382186408,High Spike
2025-03-01,2025,3,Saturday,True,Jharkhand,Ramgarh,625,13945,14570,15,0.04289636238846916,6.817785229097277,High Spike
2025-03-01,2025,3,Saturday,True,Jharkhand,Ranchi,2195,35303,37498,22,0.05853645527761465,17.984070076333957,High Spike
2025-03-01,2025,3,Saturday,True,Jharkhand,Sahebganj,963,16085,17048,7,0.05648756452369747,8.0246089316205,High Spike
2025-03-01,2025,3,Saturday,True,Jharkhand,Seraikela-Kharsawan,418,8451,8869,8,0.0471304543917009,4.0413114889500195,High Spike
2025-03-01,2025,3,Saturday,True,Jharkhand,Simdega,458,8904,9362,5,0.048921170690022976,4.2814099898959235,High Spike
2025-03-01,2025,3,Saturday,True,Jharkhand,West Singhbhum,771,14735,15506,10,0.04972268799174481,7.273631470244064,High Spike
2025-03-01,2025,3,Saturday,True,Karnataka,Bagalkot,5756,9754,15510,33,0.37111540941327936,7.2755795311036655,High Spike
2025-03-01,2025,3,Saturday,True,Karnataka,Ballari,1424,5310,6734,28,0.21146421146420832,3.0015340051376374,High Spike
2025-03-01,2025,3,Saturday,True,Karnataka,Bangalore,756,8034,8790,32,0.08600682593856557,4.002837286972887,High Spike
2025-03-01,2025,3,Saturday,True,Karnataka,Belagavi,6502,11546,18048,84,0.3602615248226931,8.511624146520914,High Spike
2025-03-01,2025,3,Saturday,True,Karnataka,Belgaum,6671,12317,18988,80,0.3513271539919931,8.969418448527303,High Spike
2025-03-01,2025,3,Saturday,True,Karnataka,Bellary,1163,5712,6875,29,0.1691636363636339,3.0702031504385956,High Spike
2025-03-01,2025,3,Saturday,True,Karnataka,Bengaluru,7330,50407,57737,86,0.12695498553786977,27.840771010703424,High Spike
2025-03-01,2025,3,Saturday,True,Karnataka,Bidar,1812,10301,12113,20,0.1495913481383625,5.621188846086961,High Spike
2025-03-01,2025,3,Saturday,True,Karnataka,Bijapur,2894,6420,9314,38,0.3107150526089724,4.258033259580704,High Spike
2025-03-01,2025,3,Saturday,True,Karnataka,Chikkaballapur,1083,7919,9002,16,0.12030659853365785,4.106084512531774,High Spike
2025-03-01,2025,3,Saturday,True,Karnataka,Chitradurga,1400,9013,10413,29,0.1344473254585601,4.793262980756258,High Spike
2025-03-01,2025,3,Saturday,True,Karnataka,Dakshina Kannada,2446,14069,16515,55,0.1481077808053276,7.765029822078581,High Spike
2025-03-01,2025,3,Saturday,True,Karnataka,Davangere,1520,5814,7334,26,0.20725388601035988,3.2937431340778853,High Spike
2025-03-01,2025,3,Saturday,True,Karnataka,Dharwad,4336,9235,13571,29,0.3195048264682019,6.331257029411764,High Spike
2025-03-01,2025,3,Saturday,True,Karnataka,Gadag,3270,5201,8471,21,0.3860229016644979,3.8474794334196556,High Spike
2025-03-01,2025,3,Saturday,True,Karnataka,Hassan,1467,6522,7989,35,0.1836274877957168,3.612738099837656,High Spike
2025-03-01,2025,3,Saturday,True,Karnataka,Haveri,3887,6725,10612,24,0.36628345269505874,4.89017900852144,High Spike
2025-03-01,2025,3,Saturday,True,Karnataka,Kalaburagi,1892,6192,8084,25,0.23404255319148645,3.6590045452531954,High Spike
2025-03-01,2025,3,Saturday,True,Karnataka,Kolar,1094,8671,9765,25,0.11203277009728507,4.47767712150079,High Spike
2025-03-01,2025,3,Saturday,True,Karnataka,Koppal,1920,7737,9657,15,0.1988195091643347,4.425079478291545,High Spike
2025-03-01,2025,3,Saturday,True,Karnataka,Mandya,1103,9607,10710,29,0.10298786181139026,4.937906499581681,High Spike
2025-03-01,2025,3,Saturday,True,Karnataka,Mysuru,1308,7910,9218,33,0.1418962898676487,4.211279798950264,High Spike
2025-03-01,2025,3,Saturday,True,Karnataka,Raichur,1203,7460,8663,22,0.13886644349532334,3.940986354680535,High Spike
2025-03-01,2025,3,Saturday,True,Karnataka,Ramanagar,966,7350,8316,12,0.11616161616161476,3.7719920751100915,High Spike
2025-03-01,2025,3,Saturday,True,Karnataka,Shivamogga,1894,6956,8850,33,0.21401129943502584,4.032058199866912,High Spike
2025-03-01,2025,3,Saturday,True,Karnataka,Tumakuru,1286,6218,7504,39,0.17137526652451798,3.376535720610956,High Spike
2025-03-01,2025,3,Saturday,True,Karnataka,Udupi,1135,6735,7870,41,0.1442185514612434,3.554783289264507,High Spike
2025-03-01,2025,3,Saturday,True,Karnataka,Uttara Kannada,1738,7666,9404,40,0.18481497235218858,4.301864628921741,High Spike
2025-03-01,2025,3,Saturday,True,Karnataka,Vijayapura,4356,5395,9751,31,0.44672341298327917,4.470858908492184,High Spike
2025-03-01,2025,3,Saturday,True,Karnataka,Yadgir,2116,7682,9798,19,0.21596244131455178,4.493748623592504,High Spike
2025-03-01,2025,3,Saturday,True,Kerala,Ernakulam,926,9472,10398,43,0.08905558761300164,4.7859577525327515,High Spike
2025-03-01,2025,3,Saturday,True,Kerala,Kannur,700,6329,7029,31,0.09958742353108409,3.1452034935332596,High Spike
2025-03-01,2025,3,Saturday,True,Kerala,Kozhikode,1741,15244,16985,54,0.10250220783043804,7.993926973081775,High Spike
2025-03-01,2025,3,Saturday,True,Kerala,Malappuram,1981,21196,23177,64,0.08547266686801534,11.009525183745135,High Spike
2025-03-01,2025,3,Saturday,True,Kerala,Thiruvananthapuram,888,8851,9739,40,0.09117979258650692,4.465014725913379,High Spike
2025-03-01,2025,3,Saturday,True,Madhya Pradesh,Alirajpur,504,6836,7340,5,0.06866485013623885,3.296665225367288,High Spike
2025-03-01,2025,3,Saturday,True,Madhya Pradesh,Ashok Nagar,767,7226,7993,5,0.09595896409358068,3.614686160697258,High Spike
2025-03-01,2025,3,Saturday,True,Madhya Pradesh,Balaghat,2715,17133,19848,18,0.1367896009673512,9.38825153334166,High Spike
2025-03-01,2025,3,Saturday,True,Madhya Pradesh,Barwani,1221,11177,12398,9,0.09848362639135265,5.759988182333578,High Spike
2025-03-01,2025,3,Saturday,True,Madhya Pradesh,Betul,1758,9784,11542,18,0.15231329059088414,5.343103158378825,High Spike
2025-03-01,2025,3,Saturday,True,Madhya Pradesh,Bhind,1482,13377,14859,18,0.09973753280839828,6.958532626203496,High Spike
2025-03-01,2025,3,Saturday,True,Madhya Pradesh,Bhopal,1844,15489,17333,22,0.10638666128194713,8.16340826786712,High Spike
2025-03-01,2025,3,Saturday,True,Madhya Pradesh,Chhatarpur,2488,21358,23846,16,0.10433615700746414,11.335338362513513,High Spike
2025-03-01,2025,3,Saturday,True,Madhya Pradesh,Chhindwara,1960,11513,13473,16,0.14547613746010432,6.283529538351523,High Spike
2025-03-01,2025,3,Saturday,True,Madhya Pradesh,Damoh,929,10846,11775,9,0.07889596602972332,5.4565777034506215,High Spike
2025-03-01,2025,3,Saturday,True,Madhya Pradesh,Datia,797,6741,7538,8,0.10573096312018963,3.3930942379175697,High Spike
2025-03-01,2025,3,Saturday,True,Madhya Pradesh,Dewas,910,12399,13309,10,0.06837478398076438,6.203659043107855,High Spike
2025-03-01,2025,3,Saturday,True,Madhya Pradesh,Dhar,1837,14408,16245,14,0.11308094798399437,7.633535714055469,High Spike
2025-03-01,2025,3,Saturday,True,Madhya Pradesh,Dindori,676,6609,7285,7,0.09279341111873586,3.269879388547765,High Spike
2025-03-01,2025,3,Saturday,True,Madhya Pradesh,Guna,688,9919,10607,9,0.06486282643537225,4.887743932446938,High Spike
2025-03-01,2025,3,Saturday,True,Madhya Pradesh,Gwalior,2004,15266,17270,16,0.11603937463810009,8.132726309328394,High Spike
2025-03-01,2025,3,Saturday,True,Madhya Pradesh,Indore,3024,22947,25971,22,0.1164375649763193,12.37024569417689,High Spike
2025-03-01,2025,3,Saturday,True,Madhya Pradesh,Jabalpur,1510,18500,20010,16,0.07546226886556684,9.467147998155525,High Spike
2025-03-01,2025,3,Saturday,True,Madhya Pradesh,Jhabua,870,10571,11441,8,0.07604230399440542,5.293914621673883,High Spike
2025-03-01,2025,3,Saturday,True,Madhya Pradesh,Katni,765,9459,10224,9,0.07482394366197109,4.7012171051400795,High Spike
2025-03-01,2025,3,Saturday,True,Madhya Pradesh,Khargone,1713,10477,12190,13,0.14052502050861246,5.658689017634293,High Spike
2025-03-01,2025,3,Saturday,True,Madhya Pradesh,Mandla,1336,8364,9700,13,0.1377319587628852,4.446021132532263,High Spike
2025-03-01,2025,3,Saturday,True,Madhya Pradesh,Mandsaur,3664,14326,17990,17,0.2036687048360189,8.48337726405669,High Spike
2025-03-01,2025,3,Saturday,True,Madhya Pradesh,Morena,2032,24572,26604,12,0.07637949180574322,12.678526325208852,High Spike
2025-03-01,2025,3,Saturday,True,Madhya Pradesh,Neemuch,915,6505,7420,11,0.12331536388139995,3.335626442559321,High Spike
2025-03-01,2025,3,Saturday,True,Madhya Pradesh,Panna,673,10902,11575,8,0.05814254859611181,5.359174660470538,High Spike
2025-03-01,2025,3,Saturday,True,Madhya Pradesh,Raisen,1156,8260,9416,14,0.1227697536108738,4.307708811500546,High Spike
2025-03-01,2025,3,Saturday,True,Madhya Pradesh,Rajgarh,1822,10399,12221,12,0.14908763603632968,5.673786489296206,High Spike
2025-03-01,2025,3,Saturday,True,Madhya Pradesh,Ratlam,1208,14149,15357,11,0.07866119684834226,7.201066203223903,High Spike
2025-03-01,2025,3,Saturday,True,Madhya Pradesh,Rewa,1868,18520,20388,25,0.0916225230527757,9.651239749387882,High Spike
2025-03-01,2025,3,Saturday,True,Madhya Pradesh,Sagar,1128,16281,17409,17,0.06479407203170737,8.20042142419955,High Spike
2025-03-01,2025,3,Saturday,True,Madhya Pradesh,Satna,1953,19467,21420,22,0.09117647058823487,10.153839451165108,High Spike
2025-03-01,2025,3,Saturday,True,Madhya Pradesh,Seoni,1803,18208,20011,14,0.09010044475538409,9.467635013370426,High Spike
2025-03-01,2025,3,Saturday,True,Madhya Pradesh,Shahdol,971,13078,14049,8,0.06911523951882648,6.564050302134161,High Spike
2025-03-01,2025,3,Saturday,True,Madhya Pradesh,Sheopur,736,7266,8002,4,0.09197700574856171,3.619069297631362,High Spike
2025-03-01,2025,3,Saturday,True,Madhya Pradesh,Shivpuri,2222,21705,23927,14,0.0928658001420985,11.374786594920446,High Spike
2025-03-01,2025,3,Saturday,True,Madhya Pradesh,Sidhi,1141,12329,13470,6,0.08470675575352572,6.282068492706822,High Spike
2025-03-01,2025,3,Saturday,True,Madhya Pradesh,Singrauli,609,6902,7511,8,0.08108108108108,3.3799448271152586,High Spike
2025-03-01,2025,3,Saturday,True,Madhya Pradesh,Tikamgarh,2170,13150,15320,16,0.14164490861618706,7.183046640272587,High Spike
2025-03-01,2025,3,Saturday,True,Madhya Pradesh,Ujjain,1997,15113,17110,16,0.11671537112799465,8.054803874944326,High Spike
2025-03-01,2025,3,Saturday,True,Madhya Pradesh,Umaria,592,7765,8357,6,0.07083881775756766,3.7919596989210085,High Spike
2025-03-01,2025,3,Saturday,True,Madhya Pradesh,Vidisha,989,5752,6741,7,0.1467141373683408,3.0049431116419405,High Spike
2025-03-01,2025,3,Saturday,True,Maharashtra,Ahmadnagar,1274,26768,28042,37,0.04543185222166734,13.378854204235648,High Spike
2025-03-01,2025,3,Saturday,True,Maharashtra,Akola,556,9689,10245,15,0.05427037579306926,4.7114444246529885,High Spike
2025-03-01,2025,3,Saturday,True,Maharashtra,Amravati,1169,13166,14335,30,0.08154865713289096,6.70333665359568,High Spike
2025-03-01,2025,3,Saturday,True,Maharashtra,Aurangabad,1147,19609,20756,22,0.055261129312005906,9.830461348471234,High Spike
2025-03-01,2025,3,Saturday,True,Maharashtra,Beed,1133,27005,28138,19,0.0402658326817825,13.425607664866087,High Spike
2025-03-01,2025,3,Saturday,True,Maharashtra,Buldhana,872,12410,13282,19,0.06565276313808112,6.190509632305544,High Spike
2025-03-01,2025,3,Saturday,True,Maharashtra,Chandrapur,355,8933,9288,13,0.038221360895779086,4.245370863993293,High Spike
2025-03-01,2025,3,Saturday,True,Maharashtra,Dhule,454,6315,6769,9,0.06707046831141872,3.0185795376591518,High Spike
2025-03-01,2025,3,Saturday,True,Maharashtra,Hingoli,390,10091,10481,5,0.037210189867378715,4.8263800153694865,High Spike
2025-03-01,2025,3,Saturday,True,Maharashtra,Jalgaon,1160,16617,17777,29,0.06525285481239768,8.379643023282902,High Spike
2025-03-01,2025,3,Saturday,True,Maharashtra,Jalna,927,11590,12517,15,0.07405927938004254,5.817942992906728,High Spike
2025-03-01,2025,3,Saturday,True,Maharashtra,Kolhapur,868,15179,16047,32,0.05409110737209413,7.537106701505188,High Spike
2025-03-01,2025,3,Saturday,True,Maharashtra,Latur,877,18154,19031,20,0.04608270716199861,8.99036010276802,High Spike
2025-03-01,2025,3,Saturday,True,Maharashtra,Mumbai,1278,23195,24473,34,0.05222081477546663,11.640696902256071,High Spike
2025-03-01,2025,3,Saturday,True,Maharashtra,Mumbai City,984,10942,11926,20,0.08250880429314035,5.530117000900583,High Spike
2025-03-01,2025,3,Saturday,True,Maharashtra,Mumbai Suburban,4048,39957,44005,45,0.09198954664242678,21.153078079690946,High Spike
2025-03-01,2025,3,Saturday,True,Maharashtra,Nagpur,2249,25703,27952,43,0.08045935890097282,13.335022834894609,High Spike
2025-03-01,2025,3,Saturday,True,Maharashtra,Nanded,1084,22465,23549,18,0.04603167862754238,11.190694843688089,High Spike
2025-03-01,2025,3,Saturday,True,Maharashtra,Nashik,2083,31017,33100,47,0.06293051359516597,15.842177161201938,High Spike
2025-03-01,2025,3,Saturday,True,Maharashtra,Osmanabad,614,15327,15941,15,0.0385170315538546,7.4854830887257435,High Spike
2025-03-01,2025,3,Saturday,True,Maharashtra,Palghar,1562,22507,24069,17,0.06489675516224162,11.443942755436304,High Spike
2025-03-01,2025,3,Saturday,True,Maharashtra,Parbhani,723,13719,14442,14,0.05006231823847078,6.7554472815900235,High Spike
2025-03-01,2025,3,Saturday,True,Maharashtra,Pune,5781,74631,80412,82,0.07189225488733016,38.8838410085703,High Spike
2025-03-01,2025,3,Saturday,True,Maharashtra,Raigarh,932,9301,10233,12,0.09107788527313504,4.705600242074183,High Spike
2025-03-01,2025,3,Saturday,True,Maharashtra,Satara,529,10238,10767,19,0.0491316058326363,4.965666366831004,High Spike
2025-03-01,2025,3,Saturday,True,Maharashtra,Solapur,1562,30563,32125,38,0.04862256809338507,15.367337326674035,High Spike
2025-03-01,2025,3,Saturday,True,Maharashtra,Thane,5174,60609,65783,46,0.0786525394098778,31.75929542979215,High Spike
2025-03-01,2025,3,Saturday,True,Maharashtra,Yavatmal,1238,21186,22424,23,0.05520870495897229,10.642802726925124,High Spike
2025-03-01,2025,3,Saturday,True,Odisha,Angul,1105,8037,9142,17,0.12087070662874512,4.174266642617833,High Spike
2025-03-01,2025,3,Saturday,True,Odisha,Balangir,1097,11075,12172,24,0.09012487676634826,5.649922743766085,High Spike
2025-03-01,2025,3,Saturday,True,Odisha,Baleswar,2522,14722,17244,38,0.14625376942704627,8.120063913740982,High Spike
2025-03-01,2025,3,Saturday,True,Odisha,Bargarh,814,7814,8628,16,0.09434399629114401,3.9239408221590204,High Spike
2025-03-01,2025,3,Saturday,True,Odisha,Bhadrak,2025,12398,14423,31,0.14040074880399264,6.746193992506916,High Spike
2025-03-01,2025,3,Saturday,True,Odisha,Cuttack,1830,17706,19536,42,0.0936732186732182,9.23630278629273,High Spike
2025-03-01,2025,3,Saturday,True,Odisha,Dhenkanal,1232,7709,8941,15,0.13779219326697084,4.0763765844228494,High Spike
2025-03-01,2025,3,Saturday,True,Odisha,Gajapati,960,7416,8376,15,0.11461318051575795,3.8012129880041163,High Spike
2025-03-01,2025,3,Saturday,True,Odisha,Ganjam,3639,31723,35362,64,0.10290707539166308,16.943805577306673,High Spike
2025-03-01,2025,3,Saturday,True,Odisha,Jajapur,923,6703,7626,27,0.12103330710726304,3.4359515768288063,High Spike
2025-03-01,2025,3,Saturday,True,Odisha,Jajpur,1028,6712,7740,27,0.13281653746769853,3.4914713113274534,High Spike
2025-03-01,2025,3,Saturday,True,Odisha,Kalahandi,1217,13544,14761,21,0.0824469886864028,6.910805135143256,High Spike
2025-03-01,2025,3,Saturday,True,Odisha,Kandhamal,1029,8549,9578,17,0.10743370223428579,4.3866052763144125,High Spike
2025-03-01,2025,3,Saturday,True,Odisha,Kendrapara,1629,13310,14939,28,0.1090434433362333,6.997493843395529,High Spike
2025-03-01,2025,3,Saturday,True,Odisha,Kendujhar,2478,18143,20621,37,0.1201687600019392,9.76471429445968,High Spike
2025-03-01,2025,3,Saturday,True,Odisha,Khorda,1818,12364,14182,41,0.12819066422225264,6.628823325715916,High Spike
2025-03-01,2025,3,Saturday,True,Odisha,Koraput,965,11547,12512,21,0.07712595907928327,5.8155079168322255,High Spike
2025-03-01,2025,3,Saturday,True,Odisha,Mayurbhanj,2569,20726,23295,57,0.11028117621807208,11.066992979103384,High Spike
2025-03-01,2025,3,Saturday,True,Odisha,Nabarangapur,882,14474,15356,13,0.057436832508465374,7.2005791880090015,High Spike
2025-03-01,2025,3,Saturday,True,Odisha,Nayagarh,1106,7983,9089,20,0.12168555396633159,4.148454836228111,High Spike
2025-03-01,2025,3,Saturday,True,Odisha,Puri,787,7675,8462,18,0.09300401796265548,3.8430962964855517,High Spike
2025-03-01,2025,3,Saturday,True,Odisha,Rayagada,1042,9181,10223,15,0.10192702729140074,4.700730089925179,High Spike
2025-03-01,2025,3,Saturday,True,Odisha,Sambalpur,1093,8218,9311,20,0.11738803565674882,4.2565722139360025,High Spike
2025-03-01,2025,3,Saturday,True,Odisha,Sundergarh,2164,16702,18866,43,0.1147036997773767,8.910002592309453,High Spike
2025-03-01,2025,3,Saturday,True,Punjab,Amritsar,707,10571,11278,16,0.06268841993261161,5.214531141645116,High Spike
2025-03-01,2025,3,Saturday,True,Punjab,Fazilka,366,6544,6910,8,0.05296671490593266,3.08724868296011,High Spike
2025-03-01,2025,3,Saturday,True,Punjab,Ferozepur,489,7846,8335,13,0.05866826634672995,3.7812453641931993,High Spike
2025-03-01,2025,3,Saturday,True,Punjab,Gurdaspur,678,13549,14227,19,0.0476558656076471,6.650739010386435,High Spike
2025-03-01,2025,3,Saturday,True,Punjab,Hoshiarpur,614,8400,9014,17,0.0681162635899704,4.11192869511058,High Spike
2025-03-01,2025,3,Saturday,True,Punjab,Jalandhar,815,12161,12976,22,0.06280826140567153,6.041482976546018,High Spike
2025-03-01,2025,3,Saturday,True,Punjab,Ludhiana,1520,20990,22510,23,0.06752554420257634,10.68468603540656,High Spike
2025-03-01,2025,3,Saturday,True,Punjab,Patiala,792,11815,12607,12,0.06282224161180247,5.861774362247766,High Spike
2025-03-01,2025,3,Saturday,True,Punjab,Sangrur,383,7918,8301,10,0.04613901939525303,3.764686846886585,High Spike
2025-03-01,2025,3,Saturday,True,Punjab,Sas Nagar (Mohali),743,9491,10234,17,0.07260113347664576,4.706087257289084,High Spike
2025-03-01,2025,3,Saturday,True,Punjab,Sri Muktsar Sahib,537,7320,7857,10,0.06834669721267572,3.5484520914708018,High Spike
2025-03-01,2025,3,Saturday,True,Rajasthan,Ajmer,2826,38687,41513,44,0.06807506082431992,19.939436164159115,High Spike
2025-03-01,2025,3,Saturday,True,Rajasthan,Alwar,3775,50064,53839,38,0.07011645832946364,25.942385703021614,High Spike
2025-03-01,2025,3,Saturday,True,Rajasthan,Banswara,1050,31953,33003,11,0.031815289519134524,15.794936685356598,High Spike
2025-03-01,2025,3,Saturday,True,Rajasthan,Baran,2196,27402,29598,13,0.07419420231096671,14.13664987862069,High Spike
2025-03-01,2025,3,Saturday,True,Rajasthan,Barmer,2919,50890,53809,24,0.054247430727201666,25.9277752465746,High Spike
2025-03-01,2025,3,Saturday,True,Rajasthan,Bharatpur,1978,38593,40571,25,0.04875403613418439,19.480667831722926,High Spike
2025-03-01,2025,3,Saturday,True,Rajasthan,Bhilwara,1549,39776,41325,24,0.03748336358136712,19.847877303757837,High Spike
2025-03-01,2025,3,Saturday,True,Rajasthan,Bikaner,2118,21872,23990,21,0.08828678616090001,11.40546855345917,High Spike
2025-03-01,2025,3,Saturday,True,Rajasthan,Bundi,1237,21657,22894,15,0.05403162400628963,10.871699877928318,High Spike
2025-03-01,2025,3,Saturday,True,Rajasthan,Chittorgarh,1470,28055,29525,22,0.049788314987298736,14.10109776793296,High Spike
2025-03-01,2025,3,Saturday,True,Rajasthan,Churu,1756,23074,24830,19,0.07072090213451442,11.814561333975519,High Spike
2025-03-01,2025,3,Saturday,True,Rajasthan,Dausa,1503,19405,20908,22,0.07188635928831036,9.904487661136097,High Spike
2025-03-01,2025,3,Saturday,True,Rajasthan,Dholpur,2178,28479,30657,12,0.0710441334768566,14.652398991200227,High Spike
2025-03-01,2025,3,Saturday,True,Rajasthan,Dungarpur,940,56533,57473,21,0.016355506063716847,27.712198993969714,High Spike
2025-03-01,2025,3,Saturday,True,Rajasthan,Ganganagar,1660,26196,27856,23,0.059592188397472504,13.28826937426417,High Spike
2025-03-01,2025,3,Saturday,True,Rajasthan,Hanumangarh,1696,26537,28233,13,0.0600715474798992,13.471874110281625,High Spike
2025-03-01,2025,3,Saturday,True,Rajasthan,Jaipur,5460,51328,56788,58,0.09614707332535026,27.37859357176293,High Spike
2025-03-01,2025,3,Saturday,True,Rajasthan,Jalor,1471,31520,32991,18,0.04458791791700753,15.789092502777793,High Spike
2025-03-01,2025,3,Saturday,True,Rajasthan,Jhalawar,1904,37826,39730,16,0.047923483513717474,19.07108803599168,High Spike
2025-03-01,2025,3,Saturday,True,Rajasthan,Jhunjhunun,1168,15045,16213,29,0.07204095478936612,7.617951227178656,High Spike
2025-03-01,2025,3,Saturday,True,Rajasthan,Jodhpur,3084,52586,55670,36,0.055397880366445024,26.83411056150427,High Spike
2025-03-01,2025,3,Saturday,True,Rajasthan,Karauli,2255,22830,25085,22,0.08989435917879175,11.938750213775124,High Spike
2025-03-01,2025,3,Saturday,True,Rajasthan,Kota,2431,32707,35138,25,0.0691843588138196,16.83471416916898,High Spike
2025-03-01,2025,3,Saturday,True,Rajasthan,Nagaur,2751,42316,45067,37,0.061042447910888094,21.670288237915187,High Spike
2025-03-01,2025,3,Saturday,True,Rajasthan,Pali,1078,24932,26010,28,0.04144559784698177,12.389239287558008,High Spike
2025-03-01,2025,3,Saturday,True,Rajasthan,Pratapgarh,618,14864,15482,7,0.03991732334323705,7.261943105086454,High Spike
2025-03-01,2025,3,Saturday,True,Rajasthan,Rajsamand,1184,16334,17518,17,0.06758762415800852,8.253506082623696,High Spike
2025-03-01,2025,3,Saturday,True,Rajasthan,Sawai Madhopur,1193,14611,15804,17,0.07548721842571453,7.418762004284387,High Spike
2025-03-01,2025,3,Saturday,True,Rajasthan,Sikar,2628,22158,24786,47,0.10602759622367423,11.7931326645199,High Spike
2025-03-01,2025,3,Saturday,True,Rajasthan,Sirohi,769,12893,13662,17,0.056287512809251525,6.375575413967701,High Spike
2025-03-01,2025,3,Saturday,True,Rajasthan,Tonk,919,15755,16674,13,0.0551157490704087,7.842465241247747,High Spike
2025-03-01,2025,3,Saturday,True,Rajasthan,Udaipur,2312,54962,57274,32,0.040367356915877985,27.615282966204532,High Spike
2025-03-01,2025,3,Saturday,True,Tamil Nadu,Ariyalur,511,7097,7608,15,0.06716614090431036,3.4271853029605985,High Spike
2025-03-01,2025,3,Saturday,True,Tamil Nadu,Chennai,2515,28888,31403,48,0.08008788969206738,15.015712341515936,High Spike
2025-03-01,2025,3,Saturday,True,Tamil Nadu,Coimbatore,1929,24925,26854,54,0.07183287405973013,12.800280128933956,High Spike
2025-03-01,2025,3,Saturday,True,Tamil Nadu,Cuddalore,1129,21316,22445,39,0.05030073513031834,10.653030046438033,High Spike
2025-03-01,2025,3,Saturday,True,Tamil Nadu,Dharmapuri,868,10214,11082,20,0.07832521205558493,5.119076159524635,High Spike
2025-03-01,2025,3,Saturday,True,Tamil Nadu,Dindigul,1276,13938,15214,30,0.0838701196266591,7.131423027493143,High Spike
2025-03-01,2025,3,Saturday,True,Tamil Nadu,Erode,964,15860,16824,31,0.05729909652876809,7.915517523482809,High Spike
2025-03-01,2025,3,Saturday,True,Tamil Nadu,Kancheepuram,2708,33707,36415,60,0.07436495949471351,17.45663259859681,High Spike
2025-03-01,2025,3,Saturday,True,Tamil Nadu,Kanniyakumari,1244,11553,12797,43,0.09721028366023211,5.954307253078844,High Spike
2025-03-01,2025,3,Saturday,True,Tamil Nadu,Kanyakumari,1421,5826,7247,42,0.1960811370222134,3.2513728103815493,High Spike
2025-03-01,2025,3,Saturday,True,Tamil Nadu,Krishnagiri,1565,16002,17567,24,0.08908749359594645,8.277369828153816,High Spike
2025-03-01,2025,3,Saturday,True,Tamil Nadu,Madurai,2197,24984,27181,35,0.08082851992200404,12.95953410420639,High Spike
2025-03-01,2025,3,Saturday,True,Tamil Nadu,Namakkal,675,8153,8828,22,0.07646125962845406,4.0213438651391025,High Spike
2025-03-01,2025,3,Saturday,True,Tamil Nadu,Pudukkottai,782,11725,12507,21,0.06252498600783511,5.813072840757724,High Spike
2025-03-01,2025,3,Saturday,True,Tamil Nadu,Ramanathapuram,765,9136,9901,30,0.07726492273507649,4.543911190727246,High Spike
2025-03-01,2025,3,Saturday,True,Tamil Nadu,Salem,2020,25828,27848,54,0.07253662740591758,13.284373252544967,High Spike
2025-03-01,2025,3,Saturday,True,Tamil Nadu,Thanjavur,1247,19276,20523,37,0.06076109730546187,9.716986803399438,High Spike
2025-03-01,2025,3,Saturday,True,Tamil Nadu,Theni,453,7467,7920,16,0.057196969696968976,3.579134050009528,High Spike
2025-03-01,2025,3,Saturday,True,Tamil Nadu,Thoothukkudi,809,8492,9301,25,0.08697989463498455,4.2517020617869985,High Spike
2025-03-01,2025,3,Saturday,True,Tamil Nadu,Tiruchirappalli,1393,15845,17238,37,0.0808098387283903,8.117141822451579,High Spike
2025-03-01,2025,3,Saturday,True,Tamil Nadu,Tirunelveli,2343,18957,21300,61,0.10999999999999949,10.095397625377059,High Spike
2025-03-01,2025,3,Saturday,True,Tamil Nadu,Tiruppur,1481,16831,18312,32,0.08087592835299214,8.640196163254624,High Spike
2025-03-01,2025,3,Saturday,True,Tamil Nadu,Tiruvallur,2896,33401,36297,45,0.07978620822657498,17.39916480323856,High Spike
2025-03-01,2025,3,Saturday,True,Tamil Nadu,Tiruvannamalai,972,15292,16264,36,0.05976389572060957,7.642789003138577,High Spike
2025-03-01,2025,3,Saturday,True,Tamil Nadu,Vellore,1267,17237,18504,48,0.06847168179852968,8.733703084515504,High Spike
2025-03-01,2025,3,Saturday,True,Tamil Nadu,Villupuram,751,6302,7053,33,0.10647951226428319,3.1568918586908694,High Spike
2025-03-01,2025,3,Saturday,True,Tamil Nadu,Virudhunagar,954,9015,9969,30,0.09569665964489822,4.577028225340475,High Spike
2025-03-01,2025,3,Saturday,True,Telangana,Adilabad,1302,8140,9442,24,0.13789451387417773,4.320371207087956,High Spike
2025-03-01,2025,3,Saturday,True,Telangana,Bhadradri Kothagudem,1083,7541,8624,16,0.1255797773654902,3.921992761299419,High Spike
2025-03-01,2025,3,Saturday,True,Telangana,Hyderabad,5137,27917,33054,41,0.15541235553941987,15.81977446131652,High Spike
2025-03-01,2025,3,Saturday,True,Telangana,K.V. Rangareddy,6871,35518,42389,66,0.16209393946542697,20.36606149241188,High Spike
2025-03-01,2025,3,Saturday,True,Telangana,Karimnagar,2895,17598,20493,60,0.14126774996340147,9.702376346952425,High Spike
2025-03-01,2025,3,Saturday,True,Telangana,Khammam,1381,11374,12755,28,0.10827126617012851,5.933852614053026,High Spike
2025-03-01,2025,3,Saturday,True,Telangana,Mahabubnagar,5648,16116,21764,58,0.259511119279543,10.321372685090852,High Spike
2025-03-01,2025,3,Saturday,True,Telangana,Medak,2501,8887,11388,52,0.21961714085001563,5.268102815284161,High Spike
2025-03-01,2025,3,Saturday,True,Telangana,Medchal-Malkajgiri,2299,14039,16338,18,0.14071489778430565,7.678828129041208,High Spike
2025-03-01,2025,3,Saturday,True,Telangana,Nalgonda,2820,15589,18409,46,0.15318594165897034,8.687436639099964,High Spike
2025-03-01,2025,3,Saturday,True,Telangana,Nizamabad,3372,13865,17237,40,0.19562568892498583,8.11665480723668,High Spike
2025-03-01,2025,3,Saturday,True,Telangana,Sangareddy,1477,5717,7194,28,0.2053099805393355,3.2255610039918277,High Spike
2025-03-01,2025,3,Saturday,True,Telangana,Yadadri.,869,11043,11912,13,0.07295164539959643,5.523298787891978,High Spike
2025-03-01,2025,3,Saturday,True,Tripura,South Tripura,551,9691,10242,10,0.053798086311266806,4.709983379008287,High Spike
2025-03-01,2025,3,Saturday,True,Tripura,West Tripura,677,11859,12536,16,0.05400446713465177,5.827196281989836,High Spike
2025-03-01,2025,3,Saturday,True,Uttar Pradesh,Agra,2847,29588,32435,22,0.08777555110220414,15.518312043293163,High Spike
2025-03-01,2025,3,Saturday,True,Uttar Pradesh,Aligarh,2753,37941,40694,31,0.06765125079864337,19.540570703155677,High Spike
2025-03-01,2025,3,Saturday,True,Uttar Pradesh,Allahabad,3797,47781,51578,32,0.07361665826515167,24.841244302131777,High Spike
2025-03-01,2025,3,Saturday,True,Uttar Pradesh,Ambedkar Nagar,1731,19088,20819,22,0.083145203900283,9.86114330700996,High Spike
2025-03-01,2025,3,Saturday,True,Uttar Pradesh,Amethi,1407,20455,21862,25,0.06435824718689935,10.369100176151091,High Spike
2025-03-01,2025,3,Saturday,True,Uttar Pradesh,Amroha,1126,17346,18472,10,0.06095712429623181,8.71811859763869,High Spike
2025-03-01,2025,3,Saturday,True,Uttar Pradesh,Auraiya,1351,15779,17130,16,0.0788674839462926,8.064544179242334,High Spike
2025-03-01,2025,3,Saturday,True,Uttar Pradesh,Azamgarh,3918,43297,47215,42,0.08298210314518673,22.716396919521273,High Spike
2025-03-01,2025,3,Saturday,True,Uttar Pradesh,Baghpat,1142,12118,13260,11,0.08612368024132665,6.179795297577735,High Spike
2025-03-01,2025,3,Saturday,True,Uttar Pradesh,Bahraich,1829,25389,27218,15,0.06719817767653734,12.977553667157705,High Spike
2025-03-01,2025,3,Saturday,True,Uttar Pradesh,Ballia,2331,25254,27585,31,0.08450244698205517,13.156288251026158,High Spike
2025-03-01,2025,3,Saturday,True,Uttar Pradesh,Balrampur,1246,20022,21268,12,0.05858566861011822,10.079813138500246,High Spike
2025-03-01,2025,3,Saturday,True,Uttar Pradesh,Banda,773,15852,16625,8,0.04649624060150349,7.818601495717626,High Spike
2025-03-01,2025,3,Saturday,True,Uttar Pradesh,Bara Banki,1517,27371,28888,30,0.05251315425089985,13.790869076041396,High Spike
2025-03-01,2025,3,Saturday,True,Uttar Pradesh,Bareilly,3226,37007,40233,17,0.08018293440707856,19.316056689086587,High Spike
2025-03-01,2025,3,Saturday,True,Uttar Pradesh,Basti,1761,21745,23506,17,0.07491704245724465,11.169753189447372,High Spike
2025-03-01,2025,3,Saturday,True,Uttar Pradesh,Bijnor,2401,31201,33602,20,0.0714540801142787,16.086658799081945,High Spike
2025-03-01,2025,3,Saturday,True,Uttar Pradesh,Budaun,3020,40067,43087,22,0.07009074662891343,20.705998112412367,High Spike
2025-03-01,2025,3,Saturday,True,Uttar Pradesh,Bulandshahr,3152,31834,34986,35,0.09009318012919428,16.760687856504116,High Spike
2025-03-01,2025,3,Saturday,True,Uttar Pradesh,Chandauli,2354,23474,25828,14,0.09114139693356013,12.300602518446132,High Spike
2025-03-01,2025,3,Saturday,True,Uttar Pradesh,Chitrakoot,761,14088,14849,7,0.05124924237322344,6.953662474054492,High Spike
2025-03-01,2025,3,Saturday,True,Uttar Pradesh,Deoria,2057,22996,25053,20,0.08210593541691581,11.923165726898311,High Spike
2025-03-01,2025,3,Saturday,True,Uttar Pradesh,Etah,874,13275,14149,12,0.06177114990458646,6.612751823624203,High Spike
2025-03-01,2025,3,Saturday,True,Uttar Pradesh,Etawah,948,11345,12293,12,0.0771170584885701,5.708851584769035,High Spike
2025-03-01,2025,3,Saturday,True,Uttar Pradesh,Faizabad,1317,17446,18763,28,0.07019133400842047,8.85984002517471,High Spike
2025-03-01,2025,3,Saturday,True,Uttar Pradesh,Farrukhabad,1094,16456,17550,19,0.06233618233618199,8.26909056950051,High Spike
2025-03-01,2025,3,Saturday,True,Uttar Pradesh,Fatehpur,1775,26870,28645,19,0.06196543899458872,13.672524378820595,High Spike
2025-03-01,2025,3,Saturday,True,Uttar Pradesh,Firozabad,820,12472,13292,14,0.06169124285284335,6.195379784454548,High Spike
2025-03-01,2025,3,Saturday,True,Uttar Pradesh,Gautam Buddha Nagar,1927,18300,20227,14,0.09526870025213777,9.572830299788915,High Spike
2025-03-01,2025,3,Saturday,True,Uttar Pradesh,Ghaziabad,3634,38564,42198,24,0.08611782548935948,20.2730415863659,High Spike
2025-03-01,2025,3,Saturday,True,Uttar Pradesh,Ghazipur,4115,38708,42823,34,0.09609322093267614,20.577426095678657,High Spike
2025-03-01,2025,3,Saturday,True,Uttar Pradesh,Gonda,2309,40286,42595,27,0.054208240403803135,20.466386626681363,High Spike
2025-03-01,2025,3,Saturday,True,Uttar Pradesh,Gorakhpur,4744,44058,48802,32,0.09720913077332875,23.48929006556823,High Spike
2025-03-01,2025,3,Saturday,True,Uttar Pradesh,Hamirpur,514,10597,11111,9,0.04626046260462563,5.133199600756747,High Spike
2025-03-01,2025,3,Saturday,True,Uttar Pradesh,Hardoi,2118,37149,39267,21,0.05393842157536849,18.845599991492787,High Spike
2025-03-01,2025,3,Saturday,True,Uttar Pradesh,Hathras,1194,15083,16277,12,0.073355040855194,7.649120200932282,High Spike
2025-03-01,2025,3,Saturday,True,Uttar Pradesh,Jalaun,736,15562,16298,14,0.04515891520431927,7.659347520445191,High Spike
2025-03-01,2025,3,Saturday,True,Uttar Pradesh,Jaunpur,3504,39540,43044,34,0.0814050738778922,20.68505645817165,High Spike
2025-03-01,2025,3,Saturday,True,Uttar Pradesh,Jhansi,1181,18441,19622,19,0.0601875445928037,9.278186094774165,High Spike
2025-03-01,2025,3,Saturday,True,Uttar Pradesh,Kannauj,1242,15118,16360,15,0.07591687041564746,7.689542463769017,High Spike
2025-03-01,2025,3,Saturday,True,Uttar Pradesh,Kanpur Dehat,1569,23952,25521,18,0.06147878217938145,12.151088847471705,High Spike
2025-03-01,2025,3,Saturday,True,Uttar Pradesh,Kanpur Nagar,2575,32489,35064,31,0.07343714350901188,16.79867504326635,High Spike
2025-03-01,2025,3,Saturday,True,Uttar Pradesh,Kasganj,678,9513,10191,8,0.06652929055048507,4.685145603048366,High Spike
2025-03-01,2025,3,Saturday,True,Uttar Pradesh,Kaushambi,1834,21212,23046,10,0.07957997049379469,10.94572619059318,High Spike
2025-03-01,2025,3,Saturday,True,Uttar Pradesh,Kheri,2781,50575,53356,24,0.0521215983207136,25.707157354224712,High Spike
2025-03-01,2025,3,Saturday,True,Uttar Pradesh,Kushinagar,4234,43639,47873,18,0.0884423370166898,23.036852930925747,High Spike
2025-03-01,2025,3,Saturday,True,Uttar Pradesh,Lalitpur,895,13116,14011,7,0.06387838127185737,6.5455437239679455,High Spike
2025-03-01,2025,3,Saturday,True,Uttar Pradesh,Lucknow,3168,35346,38514,34,0.0822558030845924,18.478877534672776,High Spike
2025-03-01,2025,3,Saturday,True,Uttar Pradesh,Maharajganj,2295,28576,30871,12,0.07434161510802996,14.756620247188916,High Spike
2025-03-01,2025,3,Saturday,True,Uttar Pradesh,Mahoba,326,6632,6958,6,0.04685254383443451,3.11062541327533,High Spike
2025-03-01,2025,3,Saturday,True,Uttar Pradesh,Mainpuri,1435,19205,20640,15,0.06952519379844928,9.773967583542786,High Spike
2025-03-01,2025,3,Saturday,True,Uttar Pradesh,Mathura,2743,32594,35337,21,0.07762402014885225,16.93163019693416,High Spike
2025-03-01,2025,3,Saturday,True,Uttar Pradesh,Mau,2001,20198,22199,16,0.09013919545925453,10.533224303572531,High Spike
2025-03-01,2025,3,Saturday,True,Uttar Pradesh,Meerut,2080,27653,29733,17,0.06995594121010303,14.202396932632245,High Spike
2025-03-01,2025,3,Saturday,True,Uttar Pradesh,Mirzapur,1397,17929,19326,13,0.072286039532236,9.134029591163642,High Spike
2025-03-01,2025,3,Saturday,True,Uttar Pradesh,Moradabad,1274,17253,18527,13,0.06876450585631744,8.744904434458213,High Spike
2025-03-01,2025,3,Saturday,True,Uttar Pradesh,Muzaffarnagar,2132,25117,27249,22,0.07824140335425125,12.99265113881962,High Spike
2025-03-01,2025,3,Saturday,True,Uttar Pradesh,Pilibhit,1373,15172,16545,8,0.08298579631308503,7.779640278525593,High Spike
2025-03-01,2025,3,Saturday,True,Uttar Pradesh,Pratapgarh,2030,29300,31330,29,0.06479412703479073,14.980160230828206,High Spike
2025-03-01,2025,3,Saturday,True,Uttar Pradesh,Prayagraj,875,7858,8733,22,0.10019466391846903,3.975077419723564,High Spike
2025-03-01,2025,3,Saturday,True,Uttar Pradesh,Rae Bareli,2304,27866,30170,36,0.07636725223732159,14.415222581543727,High Spike
2025-03-01,2025,3,Saturday,True,Uttar Pradesh,Rampur,1405,15590,16995,6,0.08267137393350937,7.998797125230779,High Spike
2025-03-01,2025,3,Saturday,True,Uttar Pradesh,Saharanpur,1691,21939,23630,17,0.07156157426999547,11.230143076095022,High Spike
2025-03-01,2025,3,Saturday,True,Uttar Pradesh,Sambhal,1599,22015,23614,13,0.06771406792580645,11.222350832656616,High Spike
2025-03-01,2025,3,Saturday,True,Uttar Pradesh,Sant Kabir Nagar,2205,26640,28845,14,0.07644305772230864,13.769927421800679,High Spike
2025-03-01,2025,3,Saturday,True,Uttar Pradesh,Sant Ravidas Nagar,904,11113,12017,10,0.07522676208704272,5.574435385456521,High Spike
2025-03-01,2025,3,Saturday,True,Uttar Pradesh,Shahjahanpur,1569,22548,24117,14,0.06505784301530014,11.467319485751524,High Spike
2025-03-01,2025,3,Saturday,True,Uttar Pradesh,Shamli,1183,13339,14522,8,0.08146260845613496,6.794408498782057,High Spike
2025-03-01,2025,3,Saturday,True,Uttar Pradesh,Shrawasti,1216,18948,20164,10,0.06030549494147957,9.54214834125019,High Spike
2025-03-01,2025,3,Saturday,True,Uttar Pradesh,Siddharthnagar,1574,18611,20185,13,0.07797869705226615,9.552375660763099,High Spike
2025-03-01,2025,3,Saturday,True,Uttar Pradesh,Sitapur,2895,48890,51785,21,0.0559042193685429,24.942056451616164,High Spike
2025-03-01,2025,3,Saturday,True,Uttar Pradesh,Sonbhadra,1382,19959,21341,16,0.06475797760179905,10.115365249187976,High Spike
2025-03-01,2025,3,Saturday,True,Uttar Pradesh,Sultanpur,1353,17093,18446,19,0.0733492356066352,8.705456202051279,High Spike
2025-03-01,2025,3,Saturday,True,Uttar Pradesh,Unnao,1592,25423,27015,20,0.058930223949657384,12.878689578532923,High Spike
2025-03-01,2025,3,Saturday,True,Uttar Pradesh,Varanasi,4163,38720,42883,31,0.09707809621528321,20.606647008572683,High Spike
2025-03-01,2025,3,Saturday,True,Uttarakhand,Dehradun,1427,13740,15167,22,0.09408584426715834,7.108533312392824,High Spike
2025-03-01,2025,3,Saturday,True,Uttarakhand,Haridwar,1596,15048,16644,13,0.09589041095890355,7.827854784800734,High Spike
2025-03-01,2025,3,Saturday,True,Uttarakhand,Tehri Garhwal,704,6122,6826,16,0.10313507178435243,3.0463394049084753,High Spike
2025-03-01,2025,3,Saturday,True,Uttarakhand,Udham Singh Nagar,2440,22447,24887,11,0.09804315506087477,11.842321201224843,High Spike
2025-03-01,2025,3,Saturday,True,West Bengal,Bankura,1471,19145,20616,30,0.07135234769111336,9.762279218385176,High Spike
2025-03-01,2025,3,Saturday,True,West Bengal,Barddhaman,983,18621,19604,35,0.050142827994286626,9.269419820905958,High Spike
2025-03-01,2025,3,Saturday,True,West Bengal,Birbhum,1816,22615,24431,32,0.07433179157627574,11.620242263230255,High Spike
2025-03-01,2025,3,Saturday,True,West Bengal,Cooch Behar,1117,14568,15685,20,0.07121453618106426,7.360807193711238,High Spike
2025-03-01,2025,3,Saturday,True,West Bengal,Dakshin Dinajpur,778,12070,12848,12,0.060554171855541246,5.979145029038765,High Spike
2025-03-01,2025,3,Saturday,True,West Bengal,Darjeeling,548,9625,10173,18,0.05386808217831462,4.6763793291801585,High Spike
2025-03-01,2025,3,Saturday,True,West Bengal,Hooghly,1658,30729,32387,51,0.05119338005990042,15.494935312977944,High Spike
2025-03-01,2025,3,Saturday,True,West Bengal,Howrah,1183,21714,22897,32,0.05166615713848954,10.87316092357302,High Spike
2025-03-01,2025,3,Saturday,True,West Bengal,Jalpaiguri,883,19730,20613,31,0.04283704458351505,9.760818172740475,High Spike
2025-03-01,2025,3,Saturday,True,West Bengal,Kolkata,701,19799,20500,26,0.03419512195121935,9.705785453456729,High Spike
2025-03-01,2025,3,Saturday,True,West Bengal,Malda,2398,28010,30408,26,0.0788608260983949,14.531132202690024,High Spike
2025-03-01,2025,3,Saturday,True,West Bengal,Murshidabad,3545,43719,47264,48,0.07500423155043992,22.740260665051395,High Spike
2025-03-01,2025,3,Saturday,True,West Bengal,Nadia,1540,30006,31546,44,0.04881759969568234,15.085355517246695,High Spike
2025-03-01,2025,3,Saturday,True,West Bengal,North 24 Parganas,3445,59814,63259,77,0.05445865410455421,30.530069027383508,High Spike
2025-03-01,2025,3,Saturday,True,West Bengal,Paschim Medinipur,2036,27216,29252,51,0.0696020784903594,13.968142614265147,High Spike
2025-03-01,2025,3,Saturday,True,West Bengal,Purba Bardhaman,998,8127,9125,33,0.10936986301369743,4.165987383964525,High Spike
2025-03-01,2025,3,Saturday,True,West Bengal,Purba Medinipur,2240,22512,24752,53,0.09049773755656072,11.776574147213287,High Spike
2025-03-01,2025,3,Saturday,True,West Bengal,Puruliya,1466,18944,20410,22,0.0718275355218027,9.661954084115692,High Spike
2025-03-01,2025,3,Saturday,True,West Bengal,South 24 Parganas,4006,61587,65593,60,0.06107359016968265,31.666762538961073,High Spike
2025-03-01,2025,3,Saturday,True,West Bengal,Uttar Dinajpur,1488,22063,23551,13,0.06318203048702789,11.191668874117891,High Spike
2025-04-01,2025,4,Tuesday,False,Andhra Pradesh,Guntur,768,6552,7320,5,0.10491803278688382,3.2869249210692795,High Spike
2025-04-01,2025,4,Tuesday,False,Andhra Pradesh,Kurnool,1814,10590,12404,7,0.14624314737181437,5.762910273622981,High Spike
2025-04-01,2025,4,Tuesday,False,Andhra Pradesh,Visakhapatnam,1034,7788,8822,8,0.11720698254363957,4.0184217738497,High Spike
2025-04-01,2025,4,Tuesday,False,Chandigarh,Chandigarh,2535,10968,13503,11,0.18773605865363113,6.298139994798536,High Spike
2025-04-01,2025,4,Tuesday,False,Chhattisgarh,Raipur,933,9415,10348,7,0.09016235021260059,4.7616069917877315,High Spike
2025-04-01,2025,4,Tuesday,False,Chhattisgarh,Surguja,833,7328,8161,4,0.1020708246538402,3.6965047168005274,High Spike
2025-04-01,2025,4,Tuesday,False,Delhi,Central Delhi,941,9698,10639,3,0.08844816242127937,4.903328419323752,High Spike
2025-04-01,2025,4,Tuesday,False,Delhi,East Delhi,1540,15820,17360,4,0.08870967741935434,8.17655767866943,High Spike
2025-04-01,2025,4,Tuesday,False,Delhi,North Delhi,977,9682,10659,3,0.0916596303593199,4.91306872362176,High Spike
2025-04-01,2025,4,Tuesday,False,Delhi,North East Delhi,880,9040,9920,2,0.08870967741935394,4.553164479810354,High Spike
2025-04-01,2025,4,Tuesday,False,Delhi,North West Delhi,3130,30011,33141,9,0.0944449473461872,15.862144785012855,High Spike
2025-04-01,2025,4,Tuesday,False,Delhi,South Delhi,2662,23744,26406,9,0.10081042187381618,12.58209731265857,High Spike
2025-04-01,2025,4,Tuesday,False,Delhi,South West Delhi,2503,22585,25088,8,0.09976881377550981,11.940211259419826,High Spike
2025-04-01,2025,4,Tuesday,False,Delhi,West Delhi,1370,12560,13930,4,0.0983488872936102,6.5060954915610125,High Spike
2025-04-01,2025,4,Tuesday,False,Gujarat,Ahmedabad,2049,18836,20885,7,0.09810869044768927,9.893286311193387,High Spike
2025-04-01,2025,4,Tuesday,False,Gujarat,Rajkot,584,8057,8641,3,0.06758477028121666,3.9302720199527257,High Spike
2025-04-01,2025,4,Tuesday,False,Gujarat,Surat,1569,15696,17265,5,0.09087749782797516,8.13029123325389,High Spike
2025-04-01,2025,4,Tuesday,False,Haryana,Faridabad,1153,10269,11422,5,0.1009455436876195,5.284661332590775,High Spike
2025-04-01,2025,4,Tuesday,False,Haryana,Gurgaon,1706,12498,14204,8,0.12010701210926415,6.639537660443725,High Spike
2025-04-01,2025,4,Tuesday,False,Haryana,Kaithal,844,6602,7446,6,0.11334944936878709,3.3482888381467317,High Spike
2025-04-01,2025,4,Tuesday,False,Haryana,Sonipat,1246,9385,10631,8,0.11720440221992176,4.899432297604548,High Spike
2025-04-01,2025,4,Tuesday,False,Jammu And Kashmir,Kupwara,826,6480,7306,3,0.11305776074459194,3.280106708060674,High Spike
2025-04-01,2025,4,Tuesday,False,Karnataka,Bengaluru,2886,20115,23001,15,0.1254728055301938,10.923810505922663,High Spike
2025-04-01,2025,4,Tuesday,False,Madhya Pradesh,Balaghat,1574,5319,6893,7,0.22834759901348864,3.0789694243068033,High Spike
2025-04-01,2025,4,Tuesday,False,Madhya Pradesh,Barwani,660,6780,7440,2,0.08870967741935365,3.345366746857329,High Spike
2025-04-01,2025,4,Tuesday,False,Madhya Pradesh,Bhopal,1269,9365,10634,8,0.11933421102125147,4.900893343249249,High Spike
2025-04-01,2025,4,Tuesday,False,Madhya Pradesh,Chhindwara,1625,6995,8620,6,0.18851508120649432,3.920044700439817,High Spike
2025-04-01,2025,4,Tuesday,False,Madhya Pradesh,Dindori,1189,5845,7034,4,0.16903611032129415,3.1476385696077616,High Spike
2025-04-01,2025,4,Tuesday,False,Madhya Pradesh,Indore,1814,14843,16657,7,0.10890316383502367,7.834185982594439,High Spike
2025-04-01,2025,4,Tuesday,False,Madhya Pradesh,Mandla,1504,6138,7642,5,0.19680711855534944,3.443743820267213,High Spike
2025-04-01,2025,4,Tuesday,False,Madhya Pradesh,Satna,1039,6018,7057,5,0.14722970100609115,3.158839919550471,High Spike
2025-04-01,2025,4,Tuesday,False,Madhya Pradesh,Singrauli,890,7690,8580,3,0.10372960372960252,3.9005640918438007,High Spike
2025-04-01,2025,4,Tuesday,False,Madhya Pradesh,Ujjain,1085,6260,7345,3,0.14771953710006605,3.29910030144179,High Spike
2025-04-01,2025,4,Tuesday,False,Maharashtra,Pune,1204,11232,12436,5,0.09681569636539002,5.778494760499794,High Spike
2025-04-01,2025,4,Tuesday,False,Maharashtra,Thane,880,9178,10058,3,0.08749254324915404,4.620372579466611,High Spike
2025-04-01,2025,4,Tuesday,False,Punjab,Ludhiana,616,6260,6876,2,0.0895869691681197,3.070690165653496,High Spike
2025-04-01,2025,4,Tuesday,False,Punjab,Patiala,700,7680,8380,3,0.08353221957040473,3.8031610488637178,High Spike
2025-04-01,2025,4,Tuesday,False,Rajasthan,Bikaner,1027,8285,9312,4,0.11028780068728404,4.257059229150903,High Spike
2025-04-01,2025,4,Tuesday,False,Rajasthan,Churu,923,7064,7987,4,0.11556278953298967,3.6117640694078554,High Spike
2025-04-01,2025,4,Tuesday,False,Rajasthan,Hanumangarh,738,6126,6864,3,0.10751748251748094,3.064845983074691,High Spike
2025-04-01,2025,4,Tuesday,False,Rajasthan,Jaipur,2510,21424,23934,13,0.10487173059246217,11.37819570142475,High Spike
2025-04-01,2025,4,Tuesday,False,Rajasthan,Jodhpur,817,7479,8296,8,0.09848119575699013,3.762251770812083,High Spike
2025-04-01,2025,4,Tuesday,False,Rajasthan,Kota,1289,7988,9277,6,0.13894577988573742,4.240013696629388,High Spike
2025-04-01,2025,4,Tuesday,False,Rajasthan,Nagaur,745,6397,7142,5,0.10431251750209879,3.200236212817006,High Spike
2025-04-01,2025,4,Tuesday,False,Tamil Nadu,Kancheepuram,854,7778,8632,6,0.09893419833178754,3.9258888830186223,High Spike
2025-04-01,2025,4,Tuesday,False,Tamil Nadu,Tiruvallur,792,7607,8399,6,0.09429694011191696,3.8124143379468256,High Spike
2025-04-01,2025,4,Tuesday,False,Telangana,Hyderabad,1868,13025,14893,7,0.1254280534479277,6.97509114351011,High Spike
2025-04-01,2025,4,Tuesday,False,Uttar Pradesh,Bareilly,1012,9773,10785,3,0.09383402874362454,4.974432640699212,High Spike
2025-04-01,2025,4,Tuesday,False,Uttar Pradesh,Bulandshahr,880,9040,9920,2,0.08870967741935394,4.553164479810354,High Spike
2025-04-01,2025,4,Tuesday,False,Uttar Pradesh,Gautam Buddha Nagar,1004,9664,10668,3,0.09411323584551842,4.917451860555864,High Spike
2025-04-01,2025,4,Tuesday,False,Uttar Pradesh,Ghaziabad,1320,13560,14880,3,0.08870967741935425,6.968759945716405,High Spike
2025-04-01,2025,4,Tuesday,False,Uttarakhand,Udham Singh Nagar,1595,14240,15835,6,0.10072623934322639,7.4338594759463,High Spike
2025-04-01,2025,4,Tuesday,False,West Bengal,Murshidabad,780,9293,10073,6,0.07743472649657424,4.627677807690118,High Spike
2025-04-01,2025,4,Tuesday,False,West Bengal,South 24 Parganas,563,7228,7791,4,0.07226286741111446,3.5163090872873743,High Spike
2025-04-01,2025,4,Tuesday,False,West Bengal,Uttar Dinajpur,643,8033,8676,3,0.0741124942369747,3.94731755247424,High Spike
2025-05-01,2025,5,Thursday,False,Andhra Pradesh,Ananthapuramu,1512,5976,7488,8,0.20192307692307424,3.3687434771725493,High Spike
2025-05-01,2025,5,Thursday,False,Andhra Pradesh,Chittoor,2712,14340,17052,15,0.15904292751583302,8.026556992480103,High Spike
2025-05-01,2025,5,Thursday,False,Andhra Pradesh,East Godavari,1063,7533,8596,7,0.12366216845044063,3.9083563352822073,High Spike
2025-05-01,2025,5,Thursday,False,Andhra Pradesh,Guntur,1635,10715,12350,9,0.13238866396761026,5.736611452018359,High Spike
2025-05-01,2025,5,Thursday,False,Andhra Pradesh,Krishna,1336,9629,10965,8,0.12184222526219679,5.062095379381287,High Spike
2025-05-01,2025,5,Thursday,False,Andhra Pradesh,Kurnool,3153,16144,19297,16,0.1633932735658384,9.11990614993153,High Spike
2025-05-01,2025,5,Thursday,False,Andhra Pradesh,Srikakulam,2078,8018,10096,12,0.20582408874801697,4.638879157632827,High Spike
2025-05-01,2025,5,Thursday,False,Andhra Pradesh,Visakhapatnam,1637,10214,11851,10,0.13813180322335553,5.493590859783053,High Spike
2025-05-01,2025,5,Thursday,False,Andhra Pradesh,West Godavari,874,5888,6762,9,0.1292517006802702,3.015170431154849,High Spike
2025-05-01,2025,5,Thursday,False,Chandigarh,Chandigarh,2092,9805,11897,7,0.17584264940741215,5.5159935596684715,High Spike
2025-05-01,2025,5,Thursday,False,Chhattisgarh,Bemetara,832,9778,10610,3,0.0784165881244102,4.889204978091639,High Spike
2025-05-01,2025,5,Thursday,False,Chhattisgarh,Raipur,1276,11780,13056,6,0.09773284313725415,6.0804441937380505,High Spike
2025-05-01,2025,5,Thursday,False,Delhi,East Delhi,1760,17188,18948,4,0.09288579269579855,8.949937839931287,High Spike
2025-05-01,2025,5,Thursday,False,Delhi,North Delhi,746,8470,9216,2,0.08094618055555468,4.210305768520463,High Spike
2025-05-01,2025,5,Thursday,False,Delhi,North West Delhi,2781,25570,28351,7,0.09809177806779268,13.529341905639875,High Spike
2025-05-01,2025,5,Thursday,False,Delhi,South Delhi,981,8609,9590,4,0.10229405630865378,4.392449458893218,High Spike
2025-05-01,2025,5,Thursday,False,Delhi,South West Delhi,1164,9483,10647,5,0.10932657086503138,4.907224541042955,High Spike
2025-05-01,2025,5,Thursday,False,Delhi,West Delhi,887,7347,8234,3,0.10772407092542984,3.7320568274882575,High Spike
2025-05-01,2025,5,Thursday,False,Gujarat,Ahmedabad,1848,17430,19278,6,0.09586056644880125,9.110652860848424,High Spike
2025-05-01,2025,5,Thursday,False,Gujarat,Rajkot,1611,18238,19849,5,0.08116277898130848,9.38873854855656,High Spike
2025-05-01,2025,5,Thursday,False,Gujarat,Surat,3006,29052,32058,9,0.09376754632229056,15.334707307275707,High Spike
2025-05-01,2025,5,Thursday,False,Haryana,Faridabad,1492,12602,14094,4,0.10586064992195185,6.58596598680468,High Spike
2025-05-01,2025,5,Thursday,False,Haryana,Karnal,831,6860,7691,7,0.10804836822259643,3.467607565797333,High Spike
2025-05-01,2025,5,Thursday,False,Haryana,Sirsa,771,6778,7549,4,0.10213273281229167,3.3984514052814743,High Spike
2025-05-01,2025,5,Thursday,False,Karnataka,Bengaluru,5312,29444,34756,21,0.1528369202439862,16.648674357077024,High Spike
2025-05-01,2025,5,Thursday,False,Madhya Pradesh,Balaghat,1708,8424,10132,11,0.16857481247532405,4.6564117053692415,High Spike
2025-05-01,2025,5,Thursday,False,Madhya Pradesh,Barwani,1803,12899,14702,6,0.12263637600326403,6.882071237464132,High Spike
2025-05-01,2025,5,Thursday,False,Madhya Pradesh,Bhopal,1255,9262,10517,12,0.119330607587714,4.843912563105901,High Spike
2025-05-01,2025,5,Thursday,False,Madhya Pradesh,Chhindwara,1945,9663,11608,12,0.16755685733976425,5.375246162562252,High Spike
2025-05-01,2025,5,Thursday,False,Madhya Pradesh,Dhar,1132,9142,10274,6,0.11018103951722688,4.7255678658851,High Spike
2025-05-01,2025,5,Thursday,False,Madhya Pradesh,Dindori,1588,5613,7201,6,0.22052492709345617,3.2289701104961304,High Spike
2025-05-01,2025,5,Thursday,False,Madhya Pradesh,Gwalior,768,6172,6940,2,0.1106628242074912,3.1018591394071224,High Spike
2025-05-01,2025,5,Thursday,False,Madhya Pradesh,Indore,2342,19435,21777,12,0.10754465720714466,10.327703882884556,High Spike
2025-05-01,2025,5,Thursday,False,Madhya Pradesh,Jabalpur,1334,11780,13114,7,0.10172334909257205,6.108691076202275,High Spike
2025-05-01,2025,5,Thursday,False,Madhya Pradesh,Mandla,1329,6204,7533,6,0.17642373556351817,3.3906591618430677,High Spike
2025-05-01,2025,5,Thursday,False,Madhya Pradesh,Morena,1276,8260,9536,3,0.13380872483221337,4.366150637288595,High Spike
2025-05-01,2025,5,Thursday,False,Madhya Pradesh,Ratlam,920,6276,7196,3,0.12784880489160466,3.2265350344216284,High Spike
2025-05-01,2025,5,Thursday,False,Madhya Pradesh,Rewa,868,6379,7247,5,0.11977369946184463,3.2513728103815493,High Spike
2025-05-01,2025,5,Thursday,False,Madhya Pradesh,Sagar,1276,9920,11196,7,0.1139692747409779,5.174595894023282,High Spike
2025-05-01,2025,5,Thursday,False,Madhya Pradesh,Shahdol,1077,6122,7199,5,0.149604111682176,3.2279960800663297,High Spike
2025-05-01,2025,5,Thursday,False,Maharashtra,Mumbai Suburban,1156,7982,9138,5,0.12650470562486182,4.172318581758231,High Spike
2025-05-01,2025,5,Thursday,False,Maharashtra,Palghar,756,7220,7976,2,0.09478435305917635,3.606406902043951,High Spike
2025-05-01,2025,5,Thursday,False,Maharashtra,Pune,984,7838,8822,5,0.11153933348446937,4.0184217738497,High Spike
2025-05-01,2025,5,Thursday,False,Maharashtra,Thane,1610,15882,17492,5,0.09204207637777218,8.240843687036286,High Spike
2025-05-01,2025,5,Thursday,False,Punjab,Patiala,1076,6673,7749,4,0.13885662666150292,3.4958544482615572,High Spike
2025-05-01,2025,5,Thursday,False,Rajasthan,Ajmer,857,8278,9135,3,0.0938149972632721,4.170857536113529,High Spike
2025-05-01,2025,5,Thursday,False,Rajasthan,Jaipur,1932,18514,20446,8,0.09449281032964837,9.679486631852106,High Spike
2025-05-01,2025,5,Thursday,False,Tamil Nadu,Tiruvallur,854,5954,6808,3,0.12544065804935187,3.037573131040268,High Spike
2025-05-01,2025,5,Thursday,False,Telangana,Hyderabad,2144,11259,13403,8,0.15996418712228486,6.249438473308494,High Spike
2025-05-01,2025,5,Thursday,False,Uttar Pradesh,Bareilly,1078,10982,12060,3,0.08938640132669909,5.595377039697239,High Spike
2025-05-01,2025,5,Thursday,False,Uttar Pradesh,Bijnor,1030,11300,12330,3,0.08353609083536023,5.726871147720351,High Spike
2025-05-01,2025,5,Thursday,False,Uttar Pradesh,Gautam Buddha Nagar,1424,13986,15410,4,0.09240752757949323,7.226878009613624,High Spike
2025-05-01,2025,5,Thursday,False,Uttar Pradesh,Ghaziabad,1178,11566,12744,3,0.0924356559949773,5.928495446689122,High Spike
2025-05-01,2025,5,Thursday,False,Uttar Pradesh,Lucknow,718,7496,8214,2,0.08741173606038365,3.722316523190249,High Spike
2025-05-01,2025,5,Thursday,False,Uttarakhand,Dehradun,796,7930,8726,4,0.09122163648865354,3.971668313219261,High Spike
2025-05-01,2025,5,Thursday,False,Uttarakhand,Udham Singh Nagar,826,8250,9076,4,0.09100925517849172,4.142123638434406,High Spike
2025-05-01,2025,5,Thursday,False,West Bengal,Malda,996,9752,10748,3,0.09266840342389196,4.9564130777478965,High Spike
2025-05-01,2025,5,Thursday,False,West Bengal,Murshidabad,1253,12746,13999,8,0.08950639331380748,6.53969954138914,High Spike
2025-05-01,2025,5,Thursday,False,West Bengal,South 24 Parganas,1742,16669,18411,6,0.0946173483243708,8.688410669529764,High Spike
2025-05-01,2025,5,Thursday,False,West Bengal,Uttar Dinajpur,1234,13438,14672,3,0.08410577971646617,6.867460781017119,High Spike
2025-06-01,2025,6,Sunday,True,Andhra Pradesh,Chittoor,1672,8992,10664,9,0.15678919729932336,4.915503799696261,High Spike
2025-06-01,2025,6,Sunday,True,Andhra Pradesh,East Godavari,1042,6888,7930,5,0.13139974779318875,3.584004202158532,High Spike
2025-06-01,2025,6,Sunday,True,Andhra Pradesh,Guntur,2312,12925,15237,7,0.15173590601824408,7.142624377435853,High Spike
2025-06-01,2025,6,Sunday,True,Andhra Pradesh,Kurnool,2379,12014,14393,13,0.1652886819981924,6.731583536059904,High Spike
2025-06-01,2025,6,Sunday,True,Andhra Pradesh,Srikakulam,1780,8577,10357,7,0.1718644395095088,4.7659901287218345,High Spike
2025-06-01,2025,6,Sunday,True,Andhra Pradesh,Visakhapatnam,1975,9865,11840,9,0.166807432432431,5.488233692419148,High Spike
2025-06-01,2025,6,Sunday,True,Andhra Pradesh,West Godavari,1094,6640,7734,5,0.14145332298939564,3.488549220038051,High Spike
2025-06-01,2025,6,Sunday,True,Chandigarh,Chandigarh,841,6796,7637,7,0.11012177556632041,3.441308744192711,High Spike
2025-06-01,2025,6,Sunday,True,Chhattisgarh,Balod,1068,9238,10306,4,0.10362895400737333,4.7411523527619135,High Spike
2025-06-01,2025,6,Sunday,True,Chhattisgarh,Baloda Bazar,904,9355,10259,4,0.08811775026805646,4.718262637661595,High Spike
2025-06-01,2025,6,Sunday,True,Chhattisgarh,Balrampur,660,6780,7440,2,0.08870967741935365,3.345366746857329,High Spike
2025-06-01,2025,6,Sunday,True,Chhattisgarh,Bastar,708,6061,6769,3,0.10459447481163976,3.0185795376591518,High Spike
2025-06-01,2025,6,Sunday,True,Chhattisgarh,Bilaspur,1475,15928,17403,5,0.08475550192495498,8.197499332910148,High Spike
2025-06-01,2025,6,Sunday,True,Chhattisgarh,Durg,962,8808,9770,3,0.09846468781985569,4.480112197575292,High Spike
2025-06-01,2025,6,Sunday,True,Chhattisgarh,Janjgir-Champa,586,6234,6820,2,0.08592375366568789,3.0434173136190728,High Spike
2025-06-01,2025,6,Sunday,True,Chhattisgarh,Jashpur,880,9040,9920,3,0.08870967741935394,4.553164479810354,High Spike
2025-06-01,2025,6,Sunday,True,Chhattisgarh,Korba,1307,14573,15880,5,0.08230478589420603,7.4557751606168186,High Spike
2025-06-01,2025,6,Sunday,True,Chhattisgarh,Mahasamund,1100,11300,12400,3,0.08870967741935412,5.7609622127633795,High Spike
2025-06-01,2025,6,Sunday,True,Chhattisgarh,Raipur,2908,24038,26946,11,0.10791954278928187,12.845085528704793,High Spike
2025-06-01,2025,6,Sunday,True,Chhattisgarh,Rajnandgaon,2298,24860,27158,7,0.08461595110096441,12.948332754263681,High Spike
2025-06-01,2025,6,Sunday,True,Chhattisgarh,Surguja,828,8496,9324,2,0.08880308880308785,4.262903411729708,High Spike
2025-06-01,2025,6,Sunday,True,Delhi,East Delhi,1506,14957,16463,4,0.09147785944238541,7.739705030903759,High Spike
2025-06-01,2025,6,Sunday,True,Delhi,North Delhi,680,7236,7916,2,0.08590197069226774,3.577185989149926,High Spike
2025-06-01,2025,6,Sunday,True,Delhi,North East Delhi,1100,10092,11192,3,0.09828448892065673,5.17264783316368,High Spike
2025-06-01,2025,6,Sunday,True,Delhi,North West Delhi,1059,10401,11460,5,0.09240837696334998,5.303167910756991,High Spike
2025-06-01,2025,6,Sunday,True,Delhi,South Delhi,1599,15839,17438,5,0.09169629544672503,8.214544865431662,High Spike
2025-06-01,2025,6,Sunday,True,Delhi,West Delhi,1572,16620,18192,5,0.08641160949868028,8.581754337466574,High Spike
2025-06-01,2025,6,Sunday,True,Gujarat,Ahmedabad,1223,9192,10415,4,0.11742678828612466,4.794237011186059,High Spike
2025-06-01,2025,6,Sunday,True,Gujarat,Rajkot,656,7496,8152,3,0.08047105004906673,3.6921215798664235,High Spike
2025-06-01,2025,6,Sunday,True,Gujarat,Surat,880,9040,9920,3,0.08870967741935394,4.553164479810354,High Spike
2025-06-01,2025,6,Sunday,True,Haryana,Faridabad,1454,13715,15169,5,0.09585338519348609,7.109507342822624,High Spike
2025-06-01,2025,6,Sunday,True,Haryana,Jind,946,7564,8510,5,0.11116333725029247,3.866473026800772,High Spike
2025-06-01,2025,6,Sunday,True,Haryana,Palwal,925,9196,10121,4,0.09139413101472096,4.651054538005337,High Spike
2025-06-01,2025,6,Sunday,True,Haryana,Sonipat,660,6092,6752,2,0.09774881516587533,3.0103002790058446,High Spike
2025-06-01,2025,6,Sunday,True,Karnataka,Bangalore Rural,1302,7924,9226,4,0.14112291350530956,4.215175920669467,High Spike
2025-06-01,2025,6,Sunday,True,Karnataka,Bengaluru,3500,21742,25242,15,0.13865779256794178,12.015211602514489,High Spike
2025-06-01,2025,6,Sunday,True,Karnataka,Haveri,1978,7502,9480,6,0.20864978902953366,4.338877785254172,High Spike
2025-06-01,2025,6,Sunday,True,Madhya Pradesh,Balaghat,2558,9772,12330,11,0.20746147607461307,5.726871147720351,High Spike
2025-06-01,2025,6,Sunday,True,Madhya Pradesh,Chhindwara,2671,8367,11038,11,0.24198224315999056,5.097647490069017,High Spike
2025-06-01,2025,6,Sunday,True,Madhya Pradesh,Damoh,1234,7028,8262,4,0.1493585088356312,3.7456932535054692,High Spike
2025-06-01,2025,6,Sunday,True,Madhya Pradesh,Dindori,2018,6412,8430,5,0.23938315539738744,3.8275118096087386,High Spike
2025-06-01,2025,6,Sunday,True,Madhya Pradesh,Guna,850,6572,7422,4,0.1145243869576918,3.336600472989122,High Spike
2025-06-01,2025,6,Sunday,True,Madhya Pradesh,Gwalior,858,7090,7948,3,0.10795168595873039,3.592770476026739,High Spike
2025-06-01,2025,6,Sunday,True,Madhya Pradesh,Indore,2556,17977,20533,9,0.12448254030097831,9.721856955548443,High Spike
2025-06-01,2025,6,Sunday,True,Madhya Pradesh,Mandla,1588,5158,6746,5,0.23539875481766623,3.0073781877164425,High Spike
2025-06-01,2025,6,Sunday,True,Madhya Pradesh,Ratlam,1060,5948,7008,3,0.15125570776255493,3.1349761740203506,High Spike
2025-06-01,2025,6,Sunday,True,Madhya Pradesh,Shahdol,1285,5471,6756,5,0.19020130254588233,3.0122483398654465,High Spike
2025-06-01,2025,6,Sunday,True,Madhya Pradesh,Sidhi,846,5951,6797,3,0.12446667647491357,3.0322159636763635,High Spike
2025-06-01,2025,6,Sunday,True,Maharashtra,Nagpur,979,6422,7401,5,0.1322794216997685,3.3263731534762133,High Spike
2025-06-01,2025,6,Sunday,True,Maharashtra,Nashik,880,6820,7700,2,0.1142857142857128,3.471990702731437,High Spike
2025-06-01,2025,6,Sunday,True,Maharashtra,Pune,1914,14856,16770,10,0.11413237924865766,7.889218701878186,High Spike
2025-06-01,2025,6,Sunday,True,Maharashtra,Thane,2471,23888,26359,7,0.09374407223339241,12.55920759755825,High Spike
2025-06-01,2025,6,Sunday,True,Rajasthan,Ajmer,946,8354,9300,3,0.1017204301075258,4.2512150465720975,High Spike
2025-06-01,2025,6,Sunday,True,Rajasthan,Jaipur,934,9237,10171,4,0.0918297119260634,4.675405298750358,High Spike
2025-06-01,2025,6,Sunday,True,Telangana,Hyderabad,2566,18094,20660,9,0.12420135527589486,9.783707887840794,High Spike
2025-06-01,2025,6,Sunday,True,Uttar Pradesh,Bijnor,686,7756,8442,2,0.08126036484245343,3.8333559921875437,High Spike
2025-06-01,2025,6,Sunday,True,Uttar Pradesh,Ghaziabad,1248,13292,14540,4,0.08583218707015072,6.803174772650264,High Spike
2025-06-01,2025,6,Sunday,True,Uttar Pradesh,Rampur,660,6780,7440,2,0.08870967741935365,3.345366746857329,High Spike
2025-06-01,2025,6,Sunday,True,Uttarakhand,Udham Singh Nagar,1100,10338,11438,3,0.09617065920615409,5.292453576029182,High Spike
2025-06-01,2025,6,Sunday,True,West Bengal,Malda,1650,15732,17382,6,0.09492578529513236,8.187272013397239,High Spike
2025-06-01,2025,6,Sunday,True,West Bengal,Murshidabad,2191,23304,25495,8,0.08593841929790122,12.138426451884294,High Spike
2025-06-01,2025,6,Sunday,True,West Bengal,South 24 Parganas,1469,14131,15600,6,0.09416666666666607,7.319410900444702,High Spike
2025-06-01,2025,6,Sunday,True,West Bengal,Uttar Dinajpur,1258,12204,13462,4,0.09344822463229763,6.278172370987619,High Spike
2025-07-01,2025,7,Tuesday,False,Andhra Pradesh,Chittoor,1323,8823,10146,7,0.13039621525724296,4.663229918377848,High Spike
2025-07-01,2025,7,Tuesday,False,Andhra Pradesh,Guntur,811,6107,6918,4,0.1172304134142799,3.0911448046793133,High Spike
2025-07-01,2025,7,Tuesday,False,Andhra Pradesh,Kurnool,1962,12045,14007,8,0.1400728207324899,6.543595663108344,High Spike
2025-07-01,2025,7,Tuesday,False,Chandigarh,Chandigarh,1812,9487,11299,7,0.1603681741747043,5.224758461158024,High Spike
2025-07-01,2025,7,Tuesday,False,Chhattisgarh,Baloda Bazar,904,8417,9321,3,0.09698530200622146,4.2614423660850065,High Spike
2025-07-01,2025,7,Tuesday,False,Chhattisgarh,Balrampur,436,6780,7216,2,0.06042128603104129,3.236275338719637,High Spike
2025-07-01,2025,7,Tuesday,False,Chhattisgarh,Bilaspur,1412,12690,14102,7,0.10012764146929443,6.589862108523883,High Spike
2025-07-01,2025,7,Tuesday,False,Chhattisgarh,Janjgir-Champa,708,6924,7632,3,0.09276729559748306,3.438873668118209,High Spike
2025-07-01,2025,7,Tuesday,False,Chhattisgarh,Korba,1200,10937,12137,4,0.09887122023564227,5.632877211244571,High Spike
2025-07-01,2025,7,Tuesday,False,Chhattisgarh,Mahasamund,803,7699,8502,3,0.09444836509056581,3.8625769050815686,High Spike
2025-07-01,2025,7,Tuesday,False,Chhattisgarh,Mungeli,832,9196,10028,3,0.08296769046669243,4.605762123019599,High Spike
2025-07-01,2025,7,Tuesday,False,Chhattisgarh,Raipur,896,7391,8287,5,0.10812115361409307,3.7578686338779796,High Spike
2025-07-01,2025,7,Tuesday,False,Chhattisgarh,Surguja,1190,13152,14342,4,0.08297308604099789,6.706745760099983,High Spike
2025-07-01,2025,7,Tuesday,False,Delhi,East Delhi,2170,20562,22732,6,0.09546014428998727,10.792803413114452,High Spike
2025-07-01,2025,7,Tuesday,False,Delhi,North Delhi,799,7846,8645,3,0.09242336610757557,3.9322200808123275,High Spike
2025-07-01,2025,7,Tuesday,False,Delhi,North West Delhi,3388,28716,32104,14,0.10553202093197077,15.357110007161126,High Spike
2025-07-01,2025,7,Tuesday,False,Delhi,South Delhi,1568,15008,16576,7,0.09459459459459403,7.794737750187506,High Spike
2025-07-01,2025,7,Tuesday,False,Delhi,South West Delhi,1808,16002,17810,6,0.10151600224592869,8.395714525374617,High Spike
2025-07-01,2025,7,Tuesday,False,Delhi,West Delhi,1540,12817,14357,6,0.10726474890297341,6.714050988323489,High Spike
2025-07-01,2025,7,Tuesday,False,Gujarat,Ahmedabad,1068,10390,11458,4,0.09320998429045127,5.30219388032719,High Spike
2025-07-01,2025,7,Tuesday,False,Gujarat,Gandhinagar,744,7078,7822,2,0.09511633853234346,3.5314065589492873,High Spike
2025-07-01,2025,7,Tuesday,False,Gujarat,Kachchh,724,6082,6806,2,0.10637672641786503,3.0365991006104673,High Spike
2025-07-01,2025,7,Tuesday,False,Gujarat,Rajkot,956,11324,12280,4,0.07785016286644887,5.70252038697533,High Spike
2025-07-01,2025,7,Tuesday,False,Gujarat,Surat,2190,21578,23768,7,0.09214069336923557,11.29735117575128,High Spike
2025-07-01,2025,7,Tuesday,False,Haryana,Faridabad,1091,9927,11018,6,0.09901978580504539,5.087907185771008,High Spike
2025-07-01,2025,7,Tuesday,False,Haryana,Fatehabad,902,6701,7603,5,0.11863737998158465,3.4247502268860965,High Spike
2025-07-01,2025,7,Tuesday,False,Haryana,Gurgaon,1822,14693,16515,8,0.11032394792612711,7.765029822078581,High Spike
2025-07-01,2025,7,Tuesday,False,Haryana,Hisar,839,7484,8323,5,0.10080499819776402,3.775401181614394,High Spike
2025-07-01,2025,7,Tuesday,False,Haryana,Mewat,1464,12288,13752,5,0.10645724258289625,6.419406783308738,High Spike
2025-07-01,2025,7,Tuesday,False,Haryana,Palwal,1198,10584,11782,4,0.1016805296214556,5.459986809954924,High Spike
2025-07-01,2025,7,Tuesday,False,Haryana,Yamuna Nagar,949,7828,8777,8,0.10812350461433168,3.9965060891791815,High Spike
2025-07-01,2025,7,Tuesday,False,Karnataka,Bengaluru,3367,23004,26371,16,0.12767813128057287,12.565051780137056,High Spike
2025-07-01,2025,7,Tuesday,False,Madhya Pradesh,Barwani,880,9040,9920,2,0.08870967741935394,4.553164479810354,High Spike
2025-07-01,2025,7,Tuesday,False,Madhya Pradesh,Bhopal,860,6391,7251,5,0.11860433043717944,3.253320871241151,High Spike
2025-07-01,2025,7,Tuesday,False,Madhya Pradesh,Chhindwara,2685,11251,13936,9,0.19266647531572767,6.509017582850415,High Spike
2025-07-01,2025,7,Tuesday,False,Madhya Pradesh,Dewas,660,6464,7124,2,0.09264458169567528,3.191469938948799,High Spike
2025-07-01,2025,7,Tuesday,False,Madhya Pradesh,Dhar,1320,10775,12095,4,0.10913600661430253,5.612422572218754,High Spike
2025-07-01,2025,7,Tuesday,False,Madhya Pradesh,Guna,786,6224,7010,2,0.11212553495006973,3.1359502044501517,High Spike
2025-07-01,2025,7,Tuesday,False,Madhya Pradesh,Indore,3446,27153,30599,11,0.11261805941370596,14.624152108736004,High Spike
2025-07-01,2025,7,Tuesday,False,Madhya Pradesh,Jabalpur,1198,7647,8845,6,0.135443753533068,4.02962312379241,High Spike
2025-07-01,2025,7,Tuesday,False,Madhya Pradesh,Morena,1320,12286,13606,3,0.09701602234308322,6.348302561933278,High Spike
2025-07-01,2025,7,Tuesday,False,Madhya Pradesh,Ratlam,1980,11155,13135,5,0.15074229158736085,6.118918395715183,High Spike
2025-07-01,2025,7,Tuesday,False,Madhya Pradesh,Sagar,2028,11218,13246,7,0.1531028234938838,6.172977084569129,High Spike
2025-07-01,2025,7,Tuesday,False,Madhya Pradesh,Satna,1378,7002,8380,5,0.1644391408114539,3.8031610488637178,High Spike
2025-07-01,2025,7,Tuesday,False,Madhya Pradesh,Seoni,1620,9342,10962,6,0.14778325123152575,5.060634333736585,High Spike
2025-07-01,2025,7,Tuesday,False,Madhya Pradesh,Shivpuri,918,7057,7975,4,0.11510971786833711,3.6059198868290503,High Spike
2025-07-01,2025,7,Tuesday,False,Madhya Pradesh,Singrauli,813,6263,7076,3,0.11489542114188644,3.1680932086335787,High Spike
2025-07-01,2025,7,Tuesday,False,Madhya Pradesh,Ujjain,813,6079,6892,3,0.11796285548461814,3.0784824090919027,High Spike
2025-07-01,2025,7,Tuesday,False,Madhya Pradesh,Vidisha,1676,6743,8419,5,0.19907352417151444,3.822154642244834,High Spike
2025-07-01,2025,7,Tuesday,False,Maharashtra,Mumbai Suburban,2637,23138,25775,9,0.10230843840931096,12.27479071205641,High Spike
2025-07-01,2025,7,Tuesday,False,Maharashtra,Nashik,720,6250,6970,3,0.10329985652797556,3.116469595854135,High Spike
2025-07-01,2025,7,Tuesday,False,Maharashtra,Pune,2806,23831,26637,10,0.1053421931899234,12.694597827300566,High Spike
2025-07-01,2025,7,Tuesday,False,Maharashtra,Thane,1607,15648,17255,7,0.09313242538394616,8.125421081104887,High Spike
2025-07-01,2025,7,Tuesday,False,Punjab,Amritsar,632,7390,8022,3,0.07878334579905162,3.62880960192937,High Spike
2025-07-01,2025,7,Tuesday,False,Punjab,Fazilka,641,7169,7810,3,0.08207426376440356,3.525562376370482,High Spike
2025-07-01,2025,7,Tuesday,False,Punjab,Gurdaspur,1779,13169,14948,9,0.11901257693336821,7.001876980329633,High Spike
2025-07-01,2025,7,Tuesday,False,Punjab,Hoshiarpur,561,6216,6777,6,0.08277999114652379,3.022475659378355,High Spike
2025-07-01,2025,7,Tuesday,False,Punjab,Ludhiana,773,8736,9509,3,0.08129140813965631,4.353001226486284,High Spike
2025-07-01,2025,7,Tuesday,False,Punjab,Patiala,1159,10127,11286,4,0.10269360269360178,5.218427263364319,High Spike
2025-07-01,2025,7,Tuesday,False,Punjab,Sas Nagar (Mohali),633,6437,7070,2,0.08953323903818827,3.165171117344176,High Spike
2025-07-01,2025,7,Tuesday,False,Rajasthan,Barmer,1081,6398,7479,4,0.1445380398448971,3.3643603402384454,High Spike
2025-07-01,2025,7,Tuesday,False,Rajasthan,Bharatpur,1218,9460,10678,4,0.11406630455141305,4.922322012704868,High Spike
2025-07-01,2025,7,Tuesday,False,Rajasthan,Hanumangarh,901,7729,8630,6,0.10440324449594317,3.924914852588821,High Spike
2025-07-01,2025,7,Tuesday,False,Rajasthan,Jaipur,1959,16550,18509,9,0.10584040196661028,8.736138160590006,High Spike
2025-07-01,2025,7,Tuesday,False,Rajasthan,Kota,1033,5783,6816,4,0.1515551643192466,3.0414692527594713,High Spike
2025-07-01,2025,7,Tuesday,False,Tamil Nadu,Tiruvallur,747,6448,7195,3,0.1038220986796372,3.226048019206728,High Spike
2025-07-01,2025,7,Tuesday,False,Telangana,Hyderabad,2921,23881,26802,13,0.10898440414894371,12.774955337759135,High Spike
2025-07-01,2025,7,Tuesday,False,Telangana,K.V. Rangareddy,2626,16292,18918,9,0.13880959932339498,8.935327383484275,High Spike
2025-07-01,2025,7,Tuesday,False,Telangana,Medchal-Malkajgiri,1421,10684,12105,4,0.11738950846757441,5.617292724367758,High Spike
2025-07-01,2025,7,Tuesday,False,Uttar Pradesh,Bareilly,1100,11300,12400,3,0.08870967741935412,5.7609622127633795,High Spike
2025-07-01,2025,7,Tuesday,False,Uttar Pradesh,Bijnor,1534,15637,17171,5,0.08933667229631304,8.084511803053251,High Spike
2025-07-01,2025,7,Tuesday,False,Uttar Pradesh,Gautam Buddha Nagar,1996,19772,21768,6,0.09169423006247662,10.323320745950452,High Spike
2025-07-01,2025,7,Tuesday,False,Uttar Pradesh,Ghaziabad,1052,10352,11404,4,0.09224833391792273,5.2758950587225675,High Spike
2025-07-01,2025,7,Tuesday,False,Uttar Pradesh,Lucknow,1172,12378,13550,3,0.08649446494464881,6.3210297098988555,High Spike
2025-07-01,2025,7,Tuesday,False,Uttar Pradesh,Rampur,880,9040,9920,2,0.08870967741935394,4.553164479810354,High Spike
2025-07-01,2025,7,Tuesday,False,Uttarakhand,Udham Singh Nagar,1778,16048,17826,5,0.09974194996073096,8.403506768813022,High Spike
2025-07-01,2025,7,Tuesday,False,West Bengal,Murshidabad,3083,30350,33433,12,0.09221427930487813,16.004353227763776,High Spike
2025-07-01,2025,7,Tuesday,False,West Bengal,South 24 Parganas,2579,24888,27467,12,0.09389449157170389,13.098820455667909,High Spike
2025-07-01,2025,7,Tuesday,False,West Bengal,Uttar Dinajpur,2452,26254,28706,8,0.08541768271441481,13.702232306929522,High Spike
2025-09-02,2025,9,Tuesday,False,Bihar,Nalanda,167,6924,7091,31,0.02355098011563921,3.175398436857085,High Spike
2025-10-31,2025,10,Friday,False,Maharashtra,Ahmadnagar,125,8162,8287,76,0.015083866296608964,3.7578686338779796,High Spike
2025-10-31,2025,10,Friday,False,Maharashtra,Nanded,98,10739,10837,36,0.009043093106948334,4.999757431874033,High Spike
2025-10-31,2025,10,Friday,False,Maharashtra,Pune,290,6643,6933,114,0.04182893408336879,3.0984500329028197,High Spike
2025-10-31,2025,10,Friday,False,Maharashtra,Solapur,98,8984,9082,58,0.010790574763267884,4.145045729723808,High Spike
2025-10-31,2025,10,Friday,False,Maharashtra,Thane,340,7460,7800,79,0.04358974358974303,3.520692224221478,High Spike
2025-10-31,2025,10,Friday,False,West Bengal,Bankura,243,7265,7508,73,0.032365476824719866,3.3784837814705573,High Spike
2025-10-31,2025,10,Friday,False,West Bengal,Paschim Medinipur,451,10341,10792,70,0.04179021497405447,4.977841747203515,High Spike
2025-10-31,2025,10,Friday,False,West Bengal,South 24 Parganas,525,9079,9604,70,0.0546647230320694,4.399267671901824,High Spike
2025-11-01,2025,11,Saturday,True,West Bengal,Bankura,248,6914,7162,58,0.03462719910639438,3.2099765171150145,High Spike
2025-11-01,2025,11,Saturday,True,West Bengal,Paschim Medinipur,387,8029,8416,76,0.04598384030418196,3.8206935966001327,High Spike
2025-11-01,2025,11,Saturday,True,West Bengal,South 24 Parganas,451,7920,8371,83,0.053876478318001984,3.7987779119296143,High Spike
2025-11-03,2025,11,Monday,False,Maharashtra,Pune,466,6941,7407,144,0.06291346024031237,3.3292952447656154,High Spike
2025-11-03,2025,11,Monday,False,Maharashtra,Solapur,155,6782,6937,71,0.022343952717312637,3.100398093762421,High Spike
2025-11-04,2025,11,Tuesday,False,Maharashtra,Ahmadnagar,131,8002,8133,90,0.016107217508914102,3.6828682907833157,High Spike
2025-11-04,2025,11,Tuesday,False,Maharashtra,Nanded,97,8539,8636,42,0.011232051875868327,3.9278369438782237,High Spike
2025-11-04,2025,11,Tuesday,False,Maharashtra,Solapur,87,6855,6942,53,0.012532411408815723,3.1028331698369236,High Spike
2025-11-04,2025,11,Tuesday,False,Maharashtra,Thane,277,7231,7508,80,0.036893979754927586,3.3784837814705573,High Spike
2025-11-06,2025,11,Thursday,False,Maharashtra,Nanded,202,8230,8432,42,0.0239563567362426,3.8284858400385393,High Spike
2025-11-06,2025,11,Thursday,False,Maharashtra,Nashik,278,6806,7084,75,0.0392433653303213,3.171989330352782,High Spike
2025-11-06,2025,11,Thursday,False,Maharashtra,Pune,542,8658,9200,144,0.05891304347826023,4.202513525082057,High Spike
2025-11-06,2025,11,Thursday,False,Maharashtra,Solapur,129,9965,10094,66,0.01277986922924497,4.637905127203026,High Spike
2025-11-06,2025,11,Thursday,False,Maharashtra,Thane,485,6721,7206,78,0.06730502359145063,3.2314051865706324,High Spike
2025-11-06,2025,11,Thursday,False,West Bengal,South 24 Parganas,633,7871,8504,88,0.07443555973659367,3.8635509355113693,High Spike
2025-11-07,2025,11,Friday,False,Maharashtra,Ahmadnagar,173,8948,9121,91,0.018967218506742475,4.164039323104924,High Spike
2025-11-07,2025,11,Friday,False,Maharashtra,Nanded,134,8262,8396,43,0.015959980943306147,3.8109532923021248,High Spike
2025-11-08,2025,11,Saturday,True,Maharashtra,Nanded,96,8432,8528,35,0.011257035647279418,3.875239300668979,High Spike
2025-11-08,2025,11,Saturday,True,Maharashtra,Solapur,93,6717,6810,58,0.013656387665198038,3.0385471614700688,High Spike
2025-11-10,2025,11,Monday,False,Maharashtra,Nanded,60,7025,7085,44,0.008468595624558808,3.1724763455676825,High Spike
2025-11-10,2025,11,Monday,False,Maharashtra,Solapur,93,7251,7344,71,0.012663398692810284,3.2986132862268898,High Spike
2025-11-12,2025,11,Wednesday,False,Maharashtra,Ahmadnagar,116,8999,9115,69,0.012726275370268648,4.161117231815521,High Spike
2025-11-12,2025,11,Wednesday,False,Maharashtra,Nanded,103,12801,12904,32,0.007982021078735213,6.006417881073188,High Spike
2025-11-12,2025,11,Wednesday,False,Maharashtra,Nashik,210,8658,8868,65,0.02368064952638674,4.040824473735119,High Spike
2025-11-12,2025,11,Wednesday,False,Maharashtra,Pune,369,7985,8354,123,0.04417045726597984,3.790498653276307,High Spike
2025-11-12,2025,11,Wednesday,False,Maharashtra,Solapur,105,11307,11412,59,0.009200841219768583,5.279791180441771,High Spike
2025-11-12,2025,11,Wednesday,False,Maharashtra,Yavatmal,35,7935,7970,22,0.004391468005018766,3.6034848107545483,High Spike
2025-11-14,2025,11,Friday,False,Maharashtra,Ahmadnagar,104,7111,7215,73,0.014414414414414215,3.235788323504736,High Spike
2025-11-15,2025,11,Saturday,True,Maharashtra,Nanded,56,10611,10667,38,0.005249835942626744,4.916964845340963,High Spike
2025-11-15,2025,11,Saturday,True,Maharashtra,Solapur,73,8342,8415,53,0.008674985145573277,3.8202065813852326,High Spike
2025-11-17,2025,11,Monday,False,Maharashtra,Nanded,61,6970,7031,32,0.00867586403072097,3.1461775239630603,High Spike
2025-11-17,2025,11,Monday,False,Maharashtra,Solapur,65,10608,10673,62,0.006090133982947568,4.919886936630365,High Spike
2025-11-17,2025,11,Monday,False,Maharashtra,Yavatmal,43,8449,8492,28,0.005063589260480393,3.857706752932564,High Spike
2025-11-18,2025,11,Tuesday,False,Maharashtra,Ahmadnagar,104,8694,8798,89,0.011820868379176952,4.0067334086920905,High Spike
2025-11-18,2025,11,Tuesday,False,Maharashtra,Nanded,55,9521,9576,35,0.0057435254803675255,4.385631245884612,High Spike
2025-11-18,2025,11,Tuesday,False,Maharashtra,Nashik,167,7398,7565,55,0.022075346992729384,3.406243648719881,High Spike
2025-11-18,2025,11,Tuesday,False,Maharashtra,Pune,259,8704,8963,117,0.028896574807541795,4.087090919150659,High Spike
2025-11-18,2025,11,Tuesday,False,Maharashtra,Solapur,76,10974,11050,54,0.00687782805429858,5.103491672647821,High Spike
2025-11-18,2025,11,Tuesday,False,Maharashtra,Thane,242,7333,7575,77,0.03194719471947152,3.4111138008688853,High Spike
2025-11-18,2025,11,Tuesday,False,Maharashtra,Yavatmal,35,8702,8737,25,0.0040059516996680325,3.9770254805831655,High Spike
2025-11-19,2025,11,Wednesday,False,Maharashtra,Solapur,89,7431,7520,53,0.011835106382978565,3.3843279640493624,High Spike
2025-11-27,2025,11,Thursday,False,Maharashtra,Pune,339,6544,6883,120,0.04925177974720254,3.074099272157799,High Spike
