state,district,demo_age_5_17,demo_age_17_,total_demo,demo_minor_share,cv_volume,cluster
Andaman And Nicobar Islands,Andamans,7,743,750,0.009333333333332089,0.7596460794021919,4
Andaman And Nicobar Islands,Nicobar,58,729,787,0.07369758576873268,3.7926050133709226,2
Andaman And Nicobar Islands,North And Middle Andaman,112,1897,2009,0.05574912891985785,2.7766214438609764,2
Andaman And Nicobar Islands,South Andaman,440,3256,3696,0.11904761904761582,1.3495910459609817,4
Andhra Pradesh,Adilabad,2596,26695,29291,0.08862790618278622,1.4130535789741836,0
Andhra Pradesh,Alluri Sitharama Raju,1569,11302,12871,0.12190195012042482,3.5991493503295504,2
Andhra Pradesh,Anakapalli,1772,11688,13460,0.13164933135215356,2.2747484298720386,1
Andhra Pradesh,Anantapur,8956,59789,68745,0.13027856571386992,2.7425208017312896,1
Andhra Pradesh,Ananthapur,9092,20934,30026,0.3028042363285143,2.930598569519089,3
Andhra Pradesh,Ananthapuramu,11696,44132,55828,0.20950060901339793,2.522255490566001,3
Andhra Pradesh,Annamayya,5107,27845,32952,0.1549830055838791,2.5367279099145907,1
Andhra Pradesh,Bapatla,2008,11506,13514,0.1485866508805672,1.963345652181727,1
Andhra Pradesh,Chittoor,27554,140979,168533,0.1634932031115567,2.6666266685736244,1
Andhra Pradesh,Cuddapah,11074,72593,83667,0.13235803841418942,2.15794578879342,1
Andhra Pradesh,Dr. B. R. Ambedkar Konaseema,1752,12404,14156,0.1237637750777047,1.701269725388148,1
Andhra Pradesh,East Godavari,18844,136935,155779,0.12096624063577241,2.5944242822656753,1
Andhra Pradesh,Eluru,2346,15238,17584,0.13341674249317487,1.7299931290015138,1
Andhra Pradesh,Guntur,22020,155195,177215,0.12425584741697931,2.56827965822917,1
Andhra Pradesh,Hyderabad,4382,31824,36206,0.12102966359166954,1.7506057138299764,1
Andhra Pradesh,K.V. Rangareddy,32,134,166,0.19277108433723328,0.6612114711916713,3
Andhra Pradesh,K.V.Rangareddy,48,470,518,0.09266409266407477,0.6919788888050893,4
Andhra Pradesh,Kakinada,3621,24648,28269,0.12809084155788983,2.3543669957450737,1
Andhra Pradesh,Karim Nagar,82,1069,1151,0.07124239791485046,0.688704555287427,4
Andhra Pradesh,Karimnagar,967,9364,10331,0.09360178104733237,0.8899086181166902,4
Andhra Pradesh,Khammam,4648,27720,32368,0.14359861591695458,1.5835070263775581,1
Andhra Pradesh,Krishna,13459,98390,111849,0.12033187601140813,2.1902878813391036,1
Andhra Pradesh,Kurnool,28482,148267,176749,0.1611437688473484,2.444176563494397,1
Andhra Pradesh,Mahabub Nagar,444,12369,12813,0.03465230625146309,0.5804476580323444,4
Andhra Pradesh,Mahbubnagar,1254,8643,9897,0.12670506214004115,1.2578509640697413,1
Andhra Pradesh,Medak,1711,11252,12963,0.13199105145413767,1.2007532739342326,1
Andhra Pradesh,N. T. R,4718,33352,38070,0.12392960336222715,2.4957355483339105,1
Andhra Pradesh,Nalgonda,1623,28221,29844,0.05438279051065523,0.9406168179544405,0
Andhra Pradesh,Nandyal,4774,22587,27361,0.1744819268301591,2.8866219147906165,1
Andhra Pradesh,Nellore,7111,61012,68123,0.104384715881567,2.3472448491903823,1
Andhra Pradesh,Nizamabad,728,4813,5541,0.13138422667388322,1.1408048327883646,4
Andhra Pradesh,Palnadu,3955,21540,25495,0.15512845656010923,2.871290423831146,1
Andhra Pradesh,Parvathipuram Manyam,1511,7880,9391,0.16089873282930295,2.0073377417850793,3
Andhra Pradesh,Prakasam,15519,104979,120498,0.1287905193447193,2.39165811917232,1
Andhra Pradesh,Rangareddi,3569,18696,22265,0.1602964293734554,1.5122361238367457,1
Andhra Pradesh,Sri Potti Sriramulu Nellore,3045,19020,22065,0.13800135961930599,2.090177816710491,1
Andhra Pradesh,Sri Sathya Sai,3953,18154,22107,0.17881214095082926,1.8265749760441201,3
Andhra Pradesh,Srikakulam,23929,111384,135313,0.1768418407691795,3.1903224398559873,1
Andhra Pradesh,Tirupati,4395,28462,32857,0.13376145113674365,2.463656938328509,1
Andhra Pradesh,Visakhapatnam,19864,137329,157193,0.12636695018225996,2.6545784180285783,1
Andhra Pradesh,Vizianagaram,11069,67818,78887,0.14031462725163824,2.8007995413076254,1
Andhra Pradesh,Warangal,3605,31161,34766,0.10369326353333687,1.8809837486711511,0
Andhra Pradesh,West Godavari,14258,112548,126806,0.11243947447281666,2.387571316332935,1
Andhra Pradesh,Y. S. R,4161,24025,28186,0.1476264812318167,2.3735772809272477,1
Arunachal Pradesh,Anjaw,128,632,760,0.16842105263155677,2.530270209597601,3
Arunachal Pradesh,Changlang,690,4969,5659,0.12192966955292239,2.10576595272388,1
Arunachal Pradesh,Dibang Valley,28,132,160,0.17499999999989063,0.7811570699182973,3
Arunachal Pradesh,East Kameng,292,1130,1422,0.2053445850914061,1.0394815954676409,3
Arunachal Pradesh,East Siang,423,2080,2503,0.16899720335596607,0.8771619090289894,3
Arunachal Pradesh,Kamle,64,254,318,0.20125786163515685,2.1511136263789132,3
Arunachal Pradesh,Kra Daadi,145,369,514,0.2821011673151202,2.1909073160291954,3
Arunachal Pradesh,Kurung Kumey,106,229,335,0.31641791044766676,0.8698677297795908,3
Arunachal Pradesh,Lohit,212,1654,1866,0.11361200428723936,1.4804157265373719,4
Arunachal Pradesh,Longding,263,1222,1485,0.17710437710436516,2.0963131744975265,3
Arunachal Pradesh,Lower Dibang Valley,186,971,1157,0.16076058772686597,1.9267347135281854,3
Arunachal Pradesh,Lower Siang,70,269,339,0.2064896755161633,2.1338922582109476,3
Arunachal Pradesh,Lower Subansiri,198,1323,1521,0.13017751479289086,1.853208264855782,3
Arunachal Pradesh,Namsai,221,1914,2135,0.10351288056205604,2.5782924481059384,2
Arunachal Pradesh,Papum Pare,770,4152,4922,0.15644047135310532,2.8018728160299604,3
Arunachal Pradesh,Shi-Yomi,43,195,238,0.1806722689074871,0.8482323786111372,3
Arunachal Pradesh,Siang,175,602,777,0.22522522522519622,2.0889012903857993,3
Arunachal Pradesh,Tawang,209,742,951,0.21976866456359412,1.4300300106001338,3
Arunachal Pradesh,Tirap,96,894,990,0.09696969696968717,2.3167955871037322,4
Arunachal Pradesh,Upper Siang,199,1122,1321,0.15064345193034437,1.3016338279916477,3
Arunachal Pradesh,Upper Subansiri,347,1202,1549,0.2240154938669965,3.553029171174772,3
Arunachal Pradesh,West Kameng,375,1484,1859,0.20172135556749857,0.8833779147737731,3
Arunachal Pradesh,West Siang,521,3031,3552,0.1466779279279238,3.2253017395617767,3
Assam,Bajali,57,787,844,0.06753554502368868,0.6768291750529959,4
Assam,Baksa,1346,15666,17012,0.07912062073830192,2.6646456899486717,2
Assam,Barpeta,4906,54164,59070,0.08305400372439464,1.8182461932539555,0
Assam,Biswanath,844,10181,11025,0.07655328798185872,2.5182155168738674,2
Assam,Bongaigaon,3318,35806,39124,0.08480727941928207,2.8962070212639364,2
Assam,Cachar,5078,52941,58019,0.0875230527930504,1.8407623057455065,0
Assam,Charaideo,763,9150,9913,0.07696963583173533,2.0028496977449586,0
Assam,Chirang,1175,12222,13397,0.08770620288124141,1.3428671992048602,0
Assam,Darrang,3187,25132,28319,0.11253928457925735,2.1475783612295882,1
Assam,Dhemaji,1927,20422,22349,0.08622309723030075,2.7460080809780356,2
Assam,Dhubri,7163,73614,80777,0.08867623209576972,1.558771318365723,0
Assam,Dibrugarh,1874,24645,26519,0.07066631471774927,2.0983906110340578,0
Assam,Dima Hasao,16,264,280,0.057142857142836734,0.8537189800518505,4
Assam,Goalpara,4191,36242,40433,0.103652956743254,2.232857783863429,1
Assam,Golaghat,1998,25926,27924,0.07155135367425845,3.0354864901204985,2
Assam,Hailakandi,2253,19049,21302,0.1057647169279875,0.9971832123497127,0
Assam,Hojai,2371,22937,25308,0.09368579105421174,1.8446503237936156,0
Assam,Jorhat,1266,18522,19788,0.06397816858702211,2.635831388459863,0
Assam,Kamrup,3266,41318,44584,0.07325497936479437,1.3136024122916883,0
Assam,Kamrup Metro,2308,23883,26191,0.08812187392615752,2.104813203233357,0
Assam,Karbi Anglong,2438,28683,31121,0.07833938498120216,2.168883509660876,0
Assam,Karimganj,4135,37279,41414,0.09984546288694619,1.37880661235742,0
Assam,Kokrajhar,1928,20741,22669,0.08505006837531394,1.6851175224245276,0
Assam,Lakhimpur,2993,32419,35412,0.08451937196430565,2.7539980987189483,2
Assam,Majuli,290,2991,3281,0.08838768668088728,1.858699986559005,4
Assam,Marigaon,4499,39311,43810,0.10269344898424994,1.9537047144953432,0
Assam,Nagaon,7028,90077,97105,0.07237526388960396,1.7751293177248226,0
Assam,Nalbari,2083,18878,20961,0.09937502981727925,2.3133510854829744,1
Assam,North Cachar Hills,300,3299,3599,0.08335648791330694,1.976967734990217,4
Assam,Sibsagar,1031,12039,13070,0.07888293802601316,1.1949904305113415,0
Assam,Sonitpur,3162,40414,43576,0.07256287864879733,2.2759100490014834,0
Assam,South Salmara Mankachar,1188,19449,20637,0.05756650675970317,2.647229751344994,0
Assam,Sribhumi,192,4895,5087,0.037743267151562065,0.6572784700598099,4
Assam,Tamulpur District,54,1214,1268,0.042586750788640174,0.5805570476174753,4
Assam,Tinsukia,2000,33249,35249,0.05673919827512821,2.216268997524626,0
Assam,Udalguri,1380,18400,19780,0.06976744186046477,2.483767375571485,0
Assam,West Karbi Anglong,152,1299,1451,0.10475534114403137,2.6768723307719773,2
Bihar,Araria,8484,139325,147809,0.05739839928556444,1.8017212539983471,0
Bihar,Arwal,2232,25538,27770,0.0803745048613609,2.21330881372651,0
Bihar,Aurangabad,10545,95295,105840,0.09963151927437632,2.3491431916778334,0
Bihar,Aurangabad(Bh),26,668,694,0.037463976945239556,0.7283348478378427,4
Bihar,Banka,7376,90422,97798,0.07542076525082304,2.417129464000863,0
Bihar,Begusarai,12837,118587,131424,0.09767622352081805,2.179127419039637,0
Bihar,Bhabua,5,127,132,0.03787878787875919,0.6870102535081409,4
Bihar,Bhagalpur,14490,138835,153325,0.09450513614870368,2.535993565923431,0
Bihar,Bhojpur,10707,131634,142341,0.07522077265159015,2.1448826740662392,0
Bihar,Buxar,7052,66850,73902,0.09542366918351317,2.5376903710615313,1
Bihar,Darbhanga,12298,141391,153689,0.08001873914203354,1.8957808253306174,0
Bihar,East Champaran,18115,227827,245942,0.07365557733124067,1.873716919532369,0
Bihar,Gaya,19582,173087,192669,0.10163544732157219,2.6033141445187575,1
Bihar,Gopalganj,8000,97842,105842,0.0755843615955858,2.1937089428437817,0
Bihar,Jamui,5423,61497,66920,0.08103705917513436,2.3387173813155817,0
Bihar,Jehanabad,4393,41968,46361,0.09475636849938505,2.0175811578417235,0
Bihar,Kaimur (Bhabua),5441,61555,66996,0.08121380380918251,1.4049719875323716,0
Bihar,Katihar,10834,161352,172186,0.06292033034044577,1.8154803726021416,0
Bihar,Khagaria,7283,68254,75537,0.0964163257741238,1.7768961342974674,0
Bihar,Kishanganj,5933,127454,133387,0.04447959696222267,1.5224624996451734,0
Bihar,Lakhisarai,4068,44635,48703,0.0835266821345706,1.6694348064124398,0
Bihar,Madhepura,6595,84606,91201,0.07231280358767989,1.9013332985609455,0
Bihar,Madhubani,13587,168104,181691,0.07478080917601859,2.3168316243482163,0
Bihar,Monghyr,2,280,282,0.007092198581557769,0.7155043319181703,4
Bihar,Munger,4129,51818,55947,0.07380199117021453,2.4202338413598232,0
Bihar,Muzaffarpur,15791,190733,206524,0.07646084716546257,2.121234684427496,0
Bihar,Nalanda,11763,140932,152695,0.07703592128098492,1.589809063107937,0
Bihar,Nawada,6895,79623,86518,0.0796943988534177,1.9530553516359757,0
Bihar,Pashchim Champaran,23,1097,1120,0.02053571428571245,0.788245001800148,4
Bihar,Patna,20821,222733,243554,0.08548822848321108,1.8010490377135273,0
Bihar,Purba Champaran,19,915,934,0.020342612419698036,0.6442248483323972,4
Bihar,Purnea,102,2704,2806,0.036350677120454866,0.8743436456565994,4
Bihar,Purnia,9278,129795,139073,0.06671316502843826,1.6311437731617877,0
Bihar,Rohtas,10462,107283,117745,0.08885302985264759,1.7344522104564448,0
Bihar,Saharsa,6443,74734,81177,0.07936977222612307,2.3587820093049627,0
Bihar,Samastipur,15236,185111,200347,0.07604805662176121,2.1913516314322745,0
Bihar,Samstipur,10,438,448,0.02232142857142359,0.687123390810677,4
Bihar,Saran,14773,154689,169462,0.087175886039348,2.450437688782991,0
Bihar,Sheikhpura,2326,25762,28088,0.08281116491028168,1.8963387531781244,0
Bihar,Sheikpura,1,177,178,0.005617977528086732,0.7288948904002043,4
Bihar,Sheohar,2411,27836,30247,0.07971038450094198,2.273974875398052,0
Bihar,Sitamarhi,12250,149409,161659,0.07577678941475571,2.154509160445528,0
Bihar,Siwan,10566,113122,123688,0.08542461677769865,2.2113785166786846,0
Bihar,Supaul,6449,100144,106593,0.06050115861266681,2.7049157982286647,0
Bihar,Vaishali,12427,142674,155101,0.08012198502911001,2.5476713974224143,0
Bihar,West Champaran,16694,212047,228741,0.0729821063998146,1.7572626096257358,0
Chandigarh,Chandigarh,11223,70204,81427,0.13782897564689828,2.8353117793524776,1
Chhattisgarh,Balod,5704,54030,59734,0.0954900056919006,2.641529588518595,1
Chhattisgarh,Baloda Bazar,7933,101218,109151,0.07267913257780499,1.8583385881598118,0
Chhattisgarh,Balrampur,3280,43779,47059,0.06969973862598,2.2595781513400888,0
Chhattisgarh,Bastar,9024,69409,78433,0.11505361263753762,1.7266913250215497,0
Chhattisgarh,Bemetara,4165,52977,57142,0.0728885933288998,2.5116288334402057,0
Chhattisgarh,Bijapur,1137,11910,13047,0.08714647045297703,2.6825131974487286,2
Chhattisgarh,Bilaspur,11322,124031,135353,0.08364794278663933,2.0786941256309173,0
Chhattisgarh,Dakshin Bastar Dantewada,1408,4488,5896,0.23880597014924967,1.8329408822409814,3
Chhattisgarh,Dantewada,699,1699,2398,0.2914929107589536,1.6338744727466081,3
Chhattisgarh,Dhamtari,3068,41364,44432,0.06904933381346762,2.6787606732280156,0
Chhattisgarh,Durg,8674,62390,71064,0.1220589890802655,2.1970360381015728,1
Chhattisgarh,Gariyaband,1307,26292,27599,0.04735678828943061,1.8270080813859173,0
Chhattisgarh,Gaurela-Pendra-Marwahi,439,2986,3425,0.12817518248174808,2.2767921798883695,1
Chhattisgarh,Janjgir - Champa,11,204,215,0.051162790697650624,0.6329331221442887,4
Chhattisgarh,Janjgir Champa,5,231,236,0.021186440677957125,1.0440300612374975,4
Chhattisgarh,Janjgir-Champa,7061,101966,109027,0.06476377411099997,2.8356869093381727,0
Chhattisgarh,Jashpur,8466,57509,65975,0.12832133383857502,2.050239611729667,1
Chhattisgarh,Kabeerdham,2690,23437,26127,0.10295862517701955,2.7766297023758932,1
Chhattisgarh,Kanker,2867,25973,28840,0.09941054091539495,1.7705877427459067,0
Chhattisgarh,Kawardha,4023,45741,49764,0.0808415722208824,2.259112295671818,0
Chhattisgarh,Khairagarh Chhuikhadan Gandai,641,5462,6103,0.10503031296083722,2.432176233996883,1
Chhattisgarh,Kondagaon,3081,29959,33040,0.09325060532687622,1.5857391868852069,0
Chhattisgarh,Korba,5580,71636,77216,0.07226481558226265,2.6413794294279342,0
Chhattisgarh,Koriya,2301,26754,29055,0.07919463087248295,1.5883388515071497,0
Chhattisgarh,Mahasamund,5791,68304,74095,0.07815642081112074,2.0864882441889563,0
Chhattisgarh,Manendragarh–Chirmiri–Bharatpur,395,4718,5113,0.07725405828280701,0.6817293674015031,4
Chhattisgarh,Mohalla-Manpur-Ambagarh Chowki,32,149,181,0.17679558011039959,2.5461382136310093,3
Chhattisgarh,Mohla-Manpur-Ambagarh Chouki,2751,15902,18653,0.1474829786093382,1.7141086006368111,1
Chhattisgarh,Mungeli,3719,58822,62541,0.05946499096592626,2.5441769411015533,0
Chhattisgarh,Narayanpur,1515,10384,11899,0.1273216236658532,3.7640138845658475,2
Chhattisgarh,Raigarh,5194,78242,83436,0.0622513063905268,2.497330783764788,0
Chhattisgarh,Raipur,11953,118804,130757,0.09141384400070353,2.764720439722844,1
Chhattisgarh,Rajnandgaon,8836,105159,113995,0.07751217158647303,2.9817963480171654,2
Chhattisgarh,Sakti,967,8718,9685,0.09984512132163036,0.9453759662740737,4
Chhattisgarh,Sarangarh-Bilaigarh,622,7433,8055,0.07721911855989973,0.7495824246844939,4
Chhattisgarh,Sukma,1509,11237,12746,0.11839008316334443,1.3250924901142036,0
Chhattisgarh,Surajpur,3394,38673,42067,0.08068081869398797,1.8987153047596135,0
Chhattisgarh,Surguja,8603,99640,108243,0.07947858060105496,1.928698910022225,0
Chhattisgarh,Uttar Bastar Kanker,1113,12455,13568,0.08203124999999939,1.1632305165142134,0
Dadra And Nagar Haveli,Dadra & Nagar Haveli,32,203,235,0.1361702127658995,0.7032996654287312,4
Dadra And Nagar Haveli,Dadra And Nagar Haveli,1310,4723,6033,0.2171390684568172,1.986319625311157,3
Dadra And Nagar Haveli And Daman And Diu,Dadra And Nagar Haveli,145,1544,1689,0.08584961515689249,0.7281952123359052,4
Dadra And Nagar Haveli And Daman And Diu,Daman,107,1580,1687,0.06342620035565717,3.194460043681319,2
Dadra And Nagar Haveli And Daman And Diu,Diu,54,310,364,0.1483516483516076,3.947605629894917,3
Daman And Diu,Daman,187,1294,1481,0.12626603646184156,1.3073411983648444,4
Daman And Diu,Diu,88,627,715,0.12307692307690586,0.823141236018616,4
Delhi,Central Delhi,4056,40973,45029,0.09007528481645141,3.5866658089571852,2
Delhi,East Delhi,12349,118527,130876,0.09435649011277844,2.8380342492214425,1
Delhi,Najafgarh,9,186,195,0.04615384615382249,0.7022508032473395,4
Delhi,New Delhi,547,3514,4061,0.1346958877123828,3.869762961008584,2
Delhi,North Delhi,6032,60337,66369,0.09088580511986004,2.86928718921419,1
Delhi,North East,360,10819,11179,0.03220323821450906,1.9010654602651993,0
Delhi,North East Delhi,8748,69402,78150,0.11193857965451041,2.2533189740718838,1
Delhi,North West Delhi,23852,209616,233468,0.10216389398118796,2.8352327986310195,1
Delhi,Shahdara,3496,23863,27359,0.12778244818889534,3.3221375458345883,2
Delhi,South Delhi,14136,146980,161116,0.0877380272598624,2.634478359783448,0
Delhi,South East Delhi,124,1045,1169,0.10607356715140238,0.7291204863897766,4
Delhi,South West Delhi,15014,128894,143908,0.1043305445145509,2.8990274065657653,1
Delhi,West Delhi,12936,122758,135694,0.09533214438368676,2.3216508653029773,0
Goa,North Goa,1713,17130,18843,0.09090909090909044,2.0973518415789942,0
Goa,South Goa,1560,14678,16238,0.09607094469762227,1.930241735238309,0
Gujarat,Ahmadabad,320,7440,7760,0.04123711340206132,0.5753347776530462,4
Gujarat,Ahmedabad,30037,233786,263823,0.11385284831117828,2.5068556993371933,1
Gujarat,Amreli,2578,25310,27888,0.09244119334480748,2.816896933600271,2
Gujarat,Anand,3523,35626,39149,0.08998952719098804,2.9805514038982603,2
Gujarat,Arvalli,1810,6286,8096,0.22356719367588657,2.4189755413916822,3
Gujarat,Banas Kantha,33,440,473,0.06976744186045036,0.6681927692361828,4
Gujarat,Banaskantha,8808,65429,74237,0.1186470358446595,2.159336088799873,1
Gujarat,Bharuch,6811,42831,49642,0.13720236896176596,3.275031778624894,1
Gujarat,Bhavnagar,6520,51332,57852,0.11270137592477336,2.76171804279131,1
Gujarat,Botad,1463,6082,7545,0.1939032471835627,3.2916706630180292,3
Gujarat,Chhotaudepur,1857,7774,9631,0.19281486865330502,3.1625170925962864,3
Gujarat,Dahod,4780,31140,35920,0.1330734966592424,3.5755030199820577,2
Gujarat,Devbhumi Dwarka,835,5751,6586,0.12678408745824282,2.3816352189078556,1
Gujarat,Dohad,315,4897,5212,0.06043745203376707,1.7403486920249445,4
Gujarat,Gandhinagar,6320,57021,63341,0.09977739536792898,2.65314369420707,1
Gujarat,Gir Somnath,2323,9743,12066,0.19252444886457656,2.4835446902385123,3
Gujarat,Jamnagar,4166,41553,45719,0.0911218530589031,2.7172922476697563,1
Gujarat,Junagadh,3875,34170,38045,0.1018530687343932,2.707720288688417,1
Gujarat,Kachchh,7573,58471,66044,0.11466598025558701,2.243280919218737,1
Gujarat,Kheda,5909,46628,52537,0.11247311418619237,3.615807753070041,2
Gujarat,Mahesana,6404,43687,50091,0.12784731788145548,2.9279737885555734,1
Gujarat,Mahisagar,918,6589,7507,0.12228586652457543,2.4233129179965593,1
Gujarat,Morbi,3034,16755,19789,0.1533174996210008,3.1856633094251743,1
Gujarat,Narmada,2642,12028,14670,0.18009543285616783,2.8489136785650278,3
Gujarat,Navsari,4795,24517,29312,0.1635848799126632,3.486974879019674,1
Gujarat,Panch Mahals,15,402,417,0.03597122302157411,0.6952057292918372,4
Gujarat,Panchmahals,3200,29270,32470,0.098552510009239,2.1973344137472384,1
Gujarat,Patan,3100,26459,29559,0.10487499577116918,2.356129235158604,1
Gujarat,Porbandar,1801,12822,14623,0.1231621418313607,2.6591131505945618,1
Gujarat,Rajkot,10009,124603,134612,0.07435444091165716,2.467518302569345,0
Gujarat,Sabar Kantha,41,602,643,0.06376360808708184,0.5758466716665602,4
Gujarat,Sabarkantha,5607,38270,43877,0.12778904665314372,2.879815546276485,1
Gujarat,Surat,26746,256874,283620,0.09430223538537476,2.2416646067539414,0
Gujarat,Surendra Nagar,3636,35123,38759,0.09381046982636267,3.3593220204596017,2
Gujarat,Surendranagar,19,894,913,0.020810514786416122,0.686782754267787,4
Gujarat,Tapi,2645,9545,12190,0.21698113207546993,3.236086937746633,3
Gujarat,The Dangs,1477,5104,6581,0.22443397659929762,3.001790236437495,3
Gujarat,Vadodara,10926,88974,99900,0.10936936936936925,2.8970013023821006,1
Gujarat,Valsad,8265,39602,47867,0.17266592851024679,3.159328600217996,1
Haryana,Ambala,3958,29284,33242,0.11906624150171434,2.1029071977022573,1
Haryana,Bhiwani,4004,30276,34280,0.11680280046674411,1.985914677057307,1
Haryana,Charkhi Dadri,1698,10397,12095,0.14038859032658008,2.1906571868513462,1
Haryana,Faridabad,13008,113225,126233,0.10304753907456837,2.325265691053745,0
Haryana,Fatehabad,4592,37378,41970,0.10941148439361423,2.962215220103299,1
Haryana,Gurgaon,11527,93566,105093,0.10968380386895406,2.4267024689913526,1
Haryana,Hisar,6266,55220,61486,0.10190937774452705,2.4056833828622004,1
Haryana,Jhajjar,3201,28499,31700,0.10097791798107224,2.574418345986913,1
Haryana,Jind,4847,39090,43937,0.1103170448596852,2.686740647474446,1
Haryana,Kaithal,4397,34820,39217,0.11211974398857609,3.15118498411159,2
Haryana,Karnal,5568,39610,45178,0.12324582761521066,2.7503527291681786,1
Haryana,Kurukshetra,3517,25192,28709,0.12250513776167711,2.623760356831474,1
Haryana,Mahendragarh,3104,25430,28534,0.1087825050816566,2.446448160587986,1
Haryana,Mewat,5993,59665,65658,0.09127600597033096,2.581532373830458,1
Haryana,Palwal,6310,58339,64649,0.09760398459372906,2.761858583853814,1
Haryana,Panchkula,5387,29001,34388,0.15665348377340887,2.623946018378664,1
Haryana,Panipat,5107,40603,45710,0.11172609932181117,2.259173556936915,1
Haryana,Rewari,5201,37840,43041,0.12083827048628024,2.478250132186275,1
Haryana,Rohtak,3747,22379,26126,0.14342034754650484,2.279477949688433,1
Haryana,Sirsa,4906,50018,54924,0.08932342873789219,2.3606144756707272,0
Haryana,Sonipat,6437,50391,56828,0.11327162666291245,2.6871154885375788,1
Haryana,Yamuna Nagar,6117,46202,52319,0.11691737227393467,2.6085352298593527,1
Haryana,Yamunanagar,27,401,428,0.06308411214951798,0.6706053042270512,4
Himachal Pradesh,Bilaspur,932,5828,6760,0.13786982248520507,1.5569580243917922,1
Himachal Pradesh,Chamba,3354,16304,19658,0.17061756028080086,2.383593118991808,1
Himachal Pradesh,Hamirpur,883,6437,7320,0.1206284153005448,1.2151335176185722,4
Himachal Pradesh,Kangra,3693,30434,34127,0.10821343804026105,2.411535541672853,1
Himachal Pradesh,Kinnaur,141,1028,1169,0.12061591103506239,0.6741986114495603,4
Himachal Pradesh,Kullu,1211,8391,9602,0.12611955842532674,1.689610511489387,1
Himachal Pradesh,Lahul & Spiti,6,271,277,0.021660649819486767,0.6529938768933946,4
Himachal Pradesh,Lahul And Spiti,70,163,233,0.3004291845492273,0.966871671443892,3
Himachal Pradesh,Mandi,2289,14016,16305,0.14038638454461735,2.3670749950579073,1
Himachal Pradesh,Shimla,1841,13901,15742,0.11694829119552715,1.9251371769122985,1
Himachal Pradesh,Sirmaur,2634,16784,19418,0.13564733752188624,2.8278943975045285,1
Himachal Pradesh,Solan,1260,7723,8983,0.14026494489591293,1.9185610778982527,1
Himachal Pradesh,Una,1095,8466,9561,0.11452776906181242,1.3299176121180638,0
Jammu And Kashmir,Anantnag,5246,30320,35566,0.1475004217511102,2.682164121551754,1
Jammu And Kashmir,Badgam,892,11227,12119,0.07360343262645372,3.305925679039394,2
Jammu And Kashmir,Bandipore,2518,13294,15812,0.1592461421705024,2.791567797995755,1
Jammu And Kashmir,Baramula,5160,31635,36795,0.1402364451691802,2.3960793291359357,1
Jammu And Kashmir,Budgam,4793,12884,17677,0.2711432935452833,3.5300038574956445,3
Jammu And Kashmir,Doda,1109,10268,11377,0.09747736661685771,2.2200387031757267,1
Jammu And Kashmir,Ganderbal,1034,6495,7529,0.13733563554256692,2.310807382070972,1
Jammu And Kashmir,Jammu,2486,32630,35116,0.07079394008429185,2.747284479918174,2
Jammu And Kashmir,Kargil,508,1548,2056,0.24708171206224477,2.0026764087275417,3
Jammu And Kashmir,Kathua,1775,18703,20478,0.0866783865611872,2.589390754348369,1
Jammu And Kashmir,Kishtwar,967,4901,5868,0.16479209270620032,2.812909399263239,3
Jammu And Kashmir,Kulgam,2267,10078,12345,0.18363710004050074,3.3206180406251904,3
Jammu And Kashmir,Kupwara,6299,35711,42010,0.14994049035943788,2.848256614677434,1
Jammu And Kashmir,Leh,291,1136,1427,0.20392431674840897,2.364774698721618,3
Jammu And Kashmir,Pulwama,3397,18055,21452,0.158353533470072,2.452527449503231,1
Jammu And Kashmir,Punch,4032,19388,23420,0.17216054654141688,3.175005000659549,1
Jammu And Kashmir,Rajouri,2395,13413,15808,0.15150556680161847,2.587353420065476,1
Jammu And Kashmir,Ramban,1857,5897,7754,0.23948929584730153,2.726038686164015,3
Jammu And Kashmir,Reasi,1119,7281,8400,0.13321428571428412,3.8043602076400176,2
Jammu And Kashmir,Samba,628,4492,5120,0.12265624999999761,2.3005856992762213,1
Jammu And Kashmir,Shupiyan,1515,6363,7878,0.19230769230768988,2.9088080354858175,3
Jammu And Kashmir,Srinagar,3495,36221,39716,0.08799979856984567,2.012681224991091,0
Jammu And Kashmir,Udhampur,1172,15681,16853,0.06954251468581221,3.0278143674731135,2
Jharkhand,Bokaro,4424,59966,64390,0.06870632085727586,3.6352525065640275,2
Jharkhand,Chatra,3989,40247,44236,0.09017542273261576,2.7874574254239124,1
Jharkhand,Deoghar,4022,50909,54931,0.07321912945331402,3.682252499159349,2
Jharkhand,Dhanbad,5776,93536,99312,0.05816014177541479,4.232927760459037,2
Jharkhand,Dumka,4019,54675,58694,0.06847377926193467,3.7959505656778765,2
Jharkhand,East Singhbhum,4140,55562,59702,0.06934441057251002,3.196206541823209,2
Jharkhand,Garhwa,3459,34719,38178,0.09060191733459036,1.9429388258570601,0
Jharkhand,Garhwa *,44,2072,2116,0.02079395085066064,0.7537142381455928,4
Jharkhand,Giridih,9644,94869,104513,0.09227560207821027,4.200103308126445,2
Jharkhand,Godda,3785,49905,53690,0.0704972993108585,2.4937607354937237,0
Jharkhand,Gumla,3800,42678,46478,0.0817591118378586,2.123981883620926,0
Jharkhand,Hazaribag,391,9335,9726,0.040201521694426895,3.350604791203396,2
Jharkhand,Hazaribagh,5791,58652,64443,0.08986235898390811,3.8993503740342725,2
Jharkhand,Jamtara,1682,29948,31630,0.0531773632627251,3.185034844312038,2
Jharkhand,Khunti,1410,20011,21421,0.06582325755100105,3.411954451992841,2
Jharkhand,Kodarma,221,2782,3003,0.07359307359307114,1.7884336668483147,4
Jharkhand,Koderma,1672,22513,24185,0.0691337605954101,4.903244822774443,2
Jharkhand,Latehar,3017,35035,38052,0.07928623988226616,3.0994091782278543,2
Jharkhand,Lohardaga,1511,14928,16439,0.09191556664030603,3.068996963222754,2
Jharkhand,Pakaur,227,3451,3678,0.061718325176724806,3.382673711200076,2
Jharkhand,Pakur,2597,35625,38222,0.06794516247187465,4.079534173769456,2
Jharkhand,Palamau,140,3546,3686,0.03798155181768752,3.300495591381053,2
Jharkhand,Palamu,9256,87284,96540,0.09587735653615072,3.6693221754084417,2
Jharkhand,Pashchimi Singhbhum,235,8922,9157,0.025663426886534613,2.7626102204473537,2
Jharkhand,Purbi Singhbhum,86,4780,4866,0.01767365392519487,0.6528382910893215,4
Jharkhand,Ramgarh,2377,32627,35004,0.06790652496857483,3.926235477729194,2
Jharkhand,Ranchi,8306,95054,103360,0.08035990712074295,3.4955920978953023,2
Jharkhand,Sahebganj,4673,54760,59433,0.0786263523631651,2.697864976312536,0
Jharkhand,Sahibganj,150,2506,2656,0.0564759036144557,2.35337045290074,4
Jharkhand,Seraikela-Kharsawan,2229,32472,34701,0.06423446010201417,2.4062242822234063,0
Jharkhand,Simdega,1750,24335,26085,0.06708836496070514,3.3988342206376494,2
Jharkhand,West Singhbhum,4033,55272,59305,0.06800438411601034,2.48759413084092,0
Karnataka,Bagalkot,13682,37873,51555,0.26538648045776303,2.938393148904586,3
Karnataka,Bagalkot *,164,1032,1196,0.13712374581938652,0.9868373768489932,4
Karnataka,Ballari,4732,19615,24347,0.19435659424158955,3.139740428119162,3
Karnataka,Bangalore,3869,47973,51842,0.07463060838702196,1.5908562806487372,0
Karnataka,Bangalore Rural,5562,42521,48083,0.11567497868269426,2.5975866813276443,1
Karnataka,Belagavi,12961,41358,54319,0.23860895819142428,3.220657723908802,3
Karnataka,Belgaum,12122,50900,63022,0.19234553013233444,2.8244468270934036,1
Karnataka,Bellary,3524,23856,27380,0.12870708546384177,2.339730735088813,1
Karnataka,Bengaluru,38380,265383,303763,0.12634850195711783,2.4322201137269626,1
Karnataka,Bengaluru South,326,3388,3714,0.08777598276790285,0.5775672406019858,4
Karnataka,Bidar,6398,36661,43059,0.14858682273160048,2.747905721879433,1
Karnataka,Bijapur,5441,24941,30382,0.17908630109933454,2.8785233022539605,1
Karnataka,Chamarajanagar,85,1025,1110,0.07657657657656967,0.6887505418793627,4
Karnataka,Chamrajanagar,2226,12985,15211,0.1463414634146332,3.0660170502158075,1
Karnataka,Chamrajnagar,147,1789,1936,0.07592975206611177,0.6726128852986771,4
Karnataka,Chickmagalur,886,9598,10484,0.08450972911102551,1.4715936358081463,0
Karnataka,Chikkaballapur,4231,31990,36221,0.11681068993125503,2.719298907515814,1
Karnataka,Chikkamagaluru,1805,9284,11089,0.16277392010099953,2.8180908357205183,1
Karnataka,Chikmagalur,42,670,712,0.058988764044935534,0.6921662331360006,4
Karnataka,Chitradurga,6123,41218,47341,0.12933820578357,2.376795053597221,1
Karnataka,Dakshina Kannada,7839,48563,56402,0.13898443317612824,2.7884887788850796,1
Karnataka,Davanagere,182,3004,3186,0.0571249215316994,1.0518459379353962,4
Karnataka,Davangere,5404,28314,33718,0.16027047867607758,2.3210191811221867,1
Karnataka,Dharwad,11195,43366,54561,0.20518318945767083,2.746963044909848,3
Karnataka,Gadag,7408,20755,28163,0.2630401590739614,2.9543559957960186,3
Karnataka,Gadag *,149,698,847,0.1759149940967915,1.5335475054137775,3
Karnataka,Gulbarga,2688,21011,23699,0.11342250727878767,1.5368811431643772,0
Karnataka,Hasan,466,8102,8568,0.05438842203548022,0.5850849129008647,4
Karnataka,Hassan,5817,33029,38846,0.14974514750553428,2.4756628386705017,1
Karnataka,Haveri,11864,43341,55205,0.2149080699212024,2.7402622076772762,3
Karnataka,Haveri *,150,814,964,0.1556016597510212,2.644932638405826,3
Karnataka,Kalaburagi,8155,32020,40175,0.2029869321717481,2.5599785189465516,3
Karnataka,Kodagu,1140,10341,11481,0.0992944865429832,2.1264386875888364,1
Karnataka,Kolar,6031,41076,47107,0.12802768166089937,2.5571050246436435,1
Karnataka,Koppal,7821,35331,43152,0.18124304783092282,2.5194965618834826,1
Karnataka,Mandya,4101,36160,40261,0.10186036114353815,2.7173121268212035,1
Karnataka,Mysore,1542,19689,21231,0.07262964532994173,1.3568303308366543,0
Karnataka,Mysuru,4695,32490,37185,0.12626058894715578,2.7187657467149036,1
Karnataka,Raichur,7159,40787,47946,0.14931381137112554,2.0403154473409226,1
Karnataka,Ramanagar,3637,31197,34834,0.10440948498593298,2.7026741838274737,1
Karnataka,Shimoga,1163,14351,15514,0.07496454815005753,1.5458644256127665,0
Karnataka,Shivamogga,4526,20225,24751,0.18286129853339186,3.4540842896696877,1
Karnataka,Tumakuru,4312,24113,28425,0.15169744942831961,2.645086516748454,1
Karnataka,Tumkur,2750,23550,26300,0.10456273764258515,2.3171604829255967,1
Karnataka,Udupi,3944,23431,27375,0.1440730593607301,2.692919801188734,1
Karnataka,Uttara Kannada,4134,26497,30631,0.13496131370180492,2.9194955312209054,1
Karnataka,Vijayanagara,2066,12626,14692,0.14062074598420812,2.8280912113993963,1
Karnataka,Vijayapura,8639,23026,31665,0.2728248855202897,2.9590906080216652,3
Karnataka,Yadgir,7220,28213,35433,0.20376485197414781,2.7114449186883096,3
Kerala,Alappuzha,2640,34195,36835,0.07167096511470049,0.8469957480709297,0
Kerala,Ernakulam,5733,60474,66207,0.0865920521999183,1.4901244727544214,0
Kerala,Idukki,1528,13964,15492,0.09863155176865415,1.0094933427080968,0
Kerala,Kannur,4639,53071,57710,0.08038468203084373,1.1823570931713563,0
Kerala,Kasaragod,2451,25907,28358,0.08643063685732391,1.5739865722901318,0
Kerala,Kasargod,34,1835,1869,0.01819154628143295,0.5938637261506318,4
Kerala,Kollam,4498,48602,53100,0.08470809792843675,1.1978772241028837,0
Kerala,Kottayam,2352,27858,30210,0.07785501489572964,0.6179535348683082,0
Kerala,Kozhikode,9275,80652,89927,0.10313921291714379,1.7807795087641178,0
Kerala,Malappuram,10011,142379,152390,0.06569328696108664,1.4584832385553994,0
Kerala,Palakkad,3894,46102,49996,0.07788623089847171,1.1798088749865163,0
Kerala,Pathanamthitta,1955,19080,21035,0.09294033753268319,0.5814605274501106,0
Kerala,Thiruvananthapuram,5373,59565,64938,0.08274046013120194,1.421856571841562,0
Kerala,Thrissur,4994,53826,58820,0.08490309418565099,0.9566986155005374,0
Kerala,Wayanad,1687,16378,18065,0.093384998616108,2.3639503775677086,1
Ladakh,Kargil,701,1788,2489,0.28163921253514335,3.547038430582034,3
Ladakh,Leh,674,2572,3246,0.20764017252001823,4.621394045858351,3
Lakshadweep,Lakshadweep,170,1006,1176,0.1445578231292394,0.6693443359940936,4
Madhya Pradesh,Agar Malwa,965,8919,9884,0.09763253743423617,2.414696002031321,1
Madhya Pradesh,Alirajpur,2001,19593,21594,0.09266462906362836,3.201747730223501,2
Madhya Pradesh,Anuppur,3743,22348,26091,0.1434594304549456,2.495992980547158,1
Madhya Pradesh,Ashok Nagar,5921,38925,44846,0.13202961245150038,2.8367626431837083,1
Madhya Pradesh,Balaghat,12940,66256,79196,0.1633920905096215,3.2215019727626224,1
Madhya Pradesh,Barwani,8576,64300,72876,0.1176793457379657,2.9637779450891,1
Madhya Pradesh,Betul,10483,37304,47787,0.21936928453345006,2.6667699836475562,3
Madhya Pradesh,Bhind,6996,49359,56355,0.12414160234229416,2.721523848271143,1
Madhya Pradesh,Bhopal,10589,80164,90753,0.116679338424074,2.521183761552557,1
Madhya Pradesh,Burhanpur,2875,13295,16170,0.17779839208410528,2.7768258506440544,3
Madhya Pradesh,Chhatarpur,10914,68037,78951,0.13823764106851066,3.0333460799900767,1
Madhya Pradesh,Chhindwara,15058,72447,87505,0.17208159533740908,2.828720944457779,1
Madhya Pradesh,Damoh,6616,48440,55056,0.1201685556524264,2.7947153737864605,1
Madhya Pradesh,Datia,4182,30114,34296,0.1219384184744573,2.507150409418229,1
Madhya Pradesh,Dewas,4506,41116,45622,0.09876813817894853,3.3021864554980147,2
Madhya Pradesh,Dhar,9540,75428,84968,0.11227756331795485,2.586946340772689,1
Madhya Pradesh,Dindori,8217,38909,47126,0.17436234774858853,3.17263128878903,1
Madhya Pradesh,East Nimar,1078,8529,9607,0.11220984698657112,2.8276595538816305,1
Madhya Pradesh,Guna,5040,45764,50804,0.09920478702464353,2.8031003777094368,1
Madhya Pradesh,Gwalior,10338,69581,79919,0.12935597292258394,2.4639208072934236,1
Madhya Pradesh,Harda,1551,8616,10167,0.15255237533195481,3.127053239802402,1
Madhya Pradesh,Harda *,163,1931,2094,0.07784145176694948,3.2714338981771727,2
Madhya Pradesh,Hoshangabad,2118,10285,12403,0.17076513746674055,1.9735970879382738,3
Madhya Pradesh,Indore,20950,161390,182340,0.11489525063068987,2.6851177450834203,1
Madhya Pradesh,Jabalpur,8799,80224,89023,0.09883962571470283,2.7130929894095765,1
Madhya Pradesh,Jhabua,3897,36313,40210,0.0969161900024867,2.704412245038307,1
Madhya Pradesh,Katni,7286,45819,53105,0.1371998870162882,2.317759521981218,1
Madhya Pradesh,Khandwa,3674,13559,17233,0.21319561306794982,3.360241994097714,3
Madhya Pradesh,Khargone,5377,35585,40962,0.13126800449196785,2.960401965174789,1
Madhya Pradesh,Maihar,195,3822,4017,0.04854368932038714,2.3380941138295483,4
Madhya Pradesh,Mandla,9340,46610,55950,0.16693476318141168,2.8001288019882127,1
Madhya Pradesh,Mandsaur,9772,43947,53719,0.18190956644762526,3.506535532653891,1
Madhya Pradesh,Mauganj,169,3917,4086,0.0413607440039148,2.2098799994830083,4
Madhya Pradesh,Morena,10704,86329,97033,0.11031298630362854,3.104514887704841,1
Madhya Pradesh,Narmadapuram,489,5420,5909,0.08275511930952643,1.8417493325504708,4
Madhya Pradesh,Narsimhapur,298,3988,4286,0.06952869808679259,1.2360872109222083,4
Madhya Pradesh,Narsinghpur,3917,22260,26177,0.14963517591778985,2.600332865272349,1
Madhya Pradesh,Neemuch,5037,31762,36799,0.13687871953042163,2.668998281754557,1
Madhya Pradesh,Niwari,154,1585,1739,0.08855664174812601,2.9239003051686097,2
Madhya Pradesh,Pandhurna,60,761,821,0.07308160779536259,0.662182065175597,4
Madhya Pradesh,Panna,4984,37787,42771,0.11652755371630283,2.910532074259713,1
Madhya Pradesh,Raisen,6174,36639,42813,0.1442085347908342,2.4731256542306923,1
Madhya Pradesh,Rajgarh,7219,34777,41996,0.17189732355462384,3.0721462224604785,1
Madhya Pradesh,Ratlam,8381,62598,70979,0.11807717775680114,3.0513048533789484,1
Madhya Pradesh,Rewa,9422,73712,83134,0.11333509755334747,2.4816477834020927,1
Madhya Pradesh,Sagar,9742,78003,87745,0.11102626930309406,2.6787641573696934,1
Madhya Pradesh,Satna,10853,75356,86209,0.12589172824183076,2.705543990598459,1
Madhya Pradesh,Sehore,4560,23303,27863,0.16365789757025387,2.468910530783357,1
Madhya Pradesh,Seoni,9191,63519,72710,0.12640627148947858,3.188035492199536,1
Madhya Pradesh,Shahdol,6515,47894,54409,0.11974121928357419,3.043133890429772,1
Madhya Pradesh,Shajapur,4159,26910,31069,0.1338633364446872,2.2594660594786298,1
Madhya Pradesh,Sheopur,4554,33271,37825,0.12039656311962955,2.925395247064004,1
Madhya Pradesh,Shivpuri,6626,59710,66336,0.09988543174143738,3.5785945771998042,2
Madhya Pradesh,Sidhi,5348,46867,52215,0.10242267547639547,2.8030587450644893,1
Madhya Pradesh,Singrauli,6344,46455,52799,0.12015379079149204,2.385753287374221,1
Madhya Pradesh,Tikamgarh,6949,43127,50076,0.13876907101206137,3.082673426358066,1
Madhya Pradesh,Ujjain,9486,66440,75926,0.12493743908542511,2.5678796292271557,1
Madhya Pradesh,Umaria,2689,25366,28055,0.09584744252361399,3.236100113424655,2
Madhya Pradesh,Vidisha,8097,40335,48432,0.16718285431119886,2.458272137460007,1
Madhya Pradesh,West Nimar,210,1849,2059,0.10199125789217571,0.60506714793426,4
Maharashtra,Ahilyanagar,200,2218,2418,0.08271298593878897,0.6001697416096685,4
Maharashtra,Ahmadnagar,8400,218350,226750,0.037045203969128984,1.4216178845606198,0
Maharashtra,Ahmed Nagar,114,5481,5595,0.020375335120643066,1.0812551733398972,4
Maharashtra,Akola,2889,59168,62057,0.04655397457176459,1.7685234559732141,0
Maharashtra,Amravati,5961,90217,96178,0.061978830917673415,1.5715295600062704,0
Maharashtra,Aurangabad,7661,146103,153764,0.049823105538357455,1.450754957189131,0
Maharashtra,Beed,8424,160482,168906,0.049873894355440276,1.766242430831201,0
Maharashtra,Bhandara,1658,36236,37894,0.043753628542777104,1.5449058512626468,0
Maharashtra,Bid,122,11796,11918,0.0102366168820271,1.1967508085344607,4
Maharashtra,Buldana,240,22701,22941,0.010461618935530229,1.165489091124068,0
Maharashtra,Buldhana,4282,109890,114172,0.037504817293206705,1.4978248668559768,0
Maharashtra,Chandrapur,3249,108822,112071,0.02899055063308079,1.2323092488337395,0
Maharashtra,Chatrapati Sambhaji Nagar,770,6870,7640,0.1007853403141348,3.6418742251333955,2
Maharashtra,Chhatrapati Sambhajinagar,1424,13314,14738,0.09662097978015947,1.1620583187837528,0
Maharashtra,Dharashiv,239,2949,3188,0.07496863237139037,0.7010634896936309,4
Maharashtra,Dhule,3645,58263,61908,0.0588776894747043,1.2450305019845693,0
Maharashtra,Gadchiroli,2371,50327,52698,0.044992219818588856,1.1645900610552287,0
Maharashtra,Gondia,18,957,975,0.01846153846153657,0.8775043847180932,4
Maharashtra,Gondiya,3464,60154,63618,0.05444999842811774,1.2219563208741677,0
Maharashtra,Gondiya *,27,1981,2008,0.013446215139441562,0.8423198883261919,4
Maharashtra,Hingoli,2729,93822,96551,0.028264854843554153,1.4343263203709218,0
Maharashtra,Jalgaon,7782,143294,151076,0.05151049802748282,1.3388199114584594,0
Maharashtra,Jalna,4102,75438,79540,0.051571536333919976,1.5871813890713262,0
Maharashtra,Kolhapur,5819,124115,129934,0.04478427509350898,1.352987249870148,0
Maharashtra,Latur,5731,119338,125069,0.04582270586636173,1.6584853513156557,0
Maharashtra,Mumbai,7094,128389,135483,0.052360812795701275,1.7080732318750682,0
Maharashtra,Mumbai City,4950,46925,51875,0.09542168674698777,2.366868773888785,1
Maharashtra,Mumbai Suburban,19294,173108,192402,0.10027962287294306,2.5469483410182234,1
Maharashtra,Mumbai( Sub Urban ),51,3590,3641,0.014007140895358034,0.727244147847362,4
Maharashtra,Nagpur,13044,145857,158901,0.08208884777314172,1.7685971428854923,0
Maharashtra,Nanded,7187,229602,236789,0.030351916685318985,1.4039351544997154,0
Maharashtra,Nandurbar,2966,38078,41044,0.07226391189942483,1.6145937350990136,0
Maharashtra,Nandurbar *,0,600,600,0.0,0.7984400375043315,4
Maharashtra,Nashik,14344,231035,245379,0.05845651013330397,1.4427787310660494,0
Maharashtra,Osmanabad,3015,105818,108833,0.027702994496154633,1.6727138179541825,0
Maharashtra,Palghar,8770,111337,120107,0.07301822541567096,1.986963144359461,0
Maharashtra,Parbhani,4432,112397,116829,0.037935786491367696,1.4864730025870034,0
Maharashtra,Pune,32264,405834,438098,0.07364562266890054,1.8742065122698919,0
Maharashtra,Raigad,3578,38777,42355,0.08447644906150376,2.0111755714441135,0
Maharashtra,Raigarh,4027,81818,85845,0.04691012872036805,1.2815710922569856,0
Maharashtra,Raigarh(Mh),8,845,853,0.009378663540444386,1.005578026524597,4
Maharashtra,Ratnagiri,2652,50357,53009,0.05002924031768181,0.9737645377510776,0
Maharashtra,Sangli,3462,86422,89884,0.038516309910551334,1.0813614063270465,0
Maharashtra,Satara,3951,94272,98223,0.04022479460004272,1.2668582228859975,0
Maharashtra,Sindhudurg,1069,26823,27892,0.03832640183565166,1.0202580110719166,0
Maharashtra,Solapur,7735,256409,264144,0.029283269731661506,1.4436880084880968,0
Maharashtra,Thane,29844,372589,402433,0.07415892831850268,1.7381647311537178,0
Maharashtra,Wardha,2320,28022,30342,0.07646167029200424,1.6842054246716376,0
Maharashtra,Washim,1584,52290,53874,0.029401937854994932,1.2726700491825547,0
Maharashtra,Washim *,6,989,995,0.006030150753768238,1.3949368161182671,4
Maharashtra,Yavatmal,5104,191008,196112,0.026025944358325843,1.4203395595090855,0
Manipur,Bishnupur,5147,36872,42019,0.12249220590685136,1.4530524183138953,0
Manipur,Chandel,1247,7742,8989,0.13872510846590122,1.9011872173477287,1
Manipur,Churachandpur,2388,16539,18927,0.12616896497067615,2.244736957903141,1
Manipur,Imphal East,7534,48486,56020,0.13448768297036748,1.0791026994900283,0
Manipur,Imphal West,7316,52034,59350,0.12326874473462489,1.4107996106434506,0
Manipur,Jiribam,305,1692,1997,0.15272909364045303,1.401817908728662,3
Manipur,Kakching,600,2725,3325,0.18045112781954345,0.8156975652613306,3
Manipur,Pherzawl,14,162,176,0.07954545454540936,1.1193332732843873,4
Manipur,Senapati,4776,20734,25510,0.1872206977655814,1.5254700944279858,3
Manipur,Tamenglong,2211,8220,10431,0.21196433707218665,1.8185695242295767,3
Manipur,Thoubal,7633,51605,59238,0.12885310105000147,1.0882226518255154,0
Manipur,Ukhrul,1903,13273,15176,0.1253953610964673,1.67353683749657,1
Meghalaya,East Garo Hills,251,6094,6345,0.039558707643813404,4.613768907352709,2
Meghalaya,East Jaintia Hills,445,2949,3394,0.13111373011195843,3.492570295809289,2
Meghalaya,East Khasi Hills,1876,14484,16360,0.11466992665036604,3.3996833442660708,2
Meghalaya,Eastern West Khasi Hills,49,257,306,0.16013071895419603,1.8236169605944785,3
Meghalaya,North Garo Hills,182,3650,3832,0.047494780793318175,3.602724161740665,2
Meghalaya,Ri Bhoi,866,7350,8216,0.10540408958130348,3.9118133820346825,2
Meghalaya,South Garo Hills,250,3754,4004,0.06243756243756088,4.943502449617143,2
Meghalaya,South West Garo Hills,493,6689,7182,0.06864383180172558,4.435491247165726,2
Meghalaya,South West Khasi Hills,643,4097,4740,0.1356540084388157,6.0833359647054674,2
Meghalaya,West Garo Hills,1141,13829,14970,0.076219104876419,3.545237462552789,2
Meghalaya,West Jaintia Hills,898,6562,7460,0.12037533512064182,4.798084038177554,2
Meghalaya,West Khasi Hills,1263,9213,10476,0.1205612829324158,4.414004781003683,2
Mizoram,Aizawl,1533,11359,12892,0.11891095252869904,4.412871587516546,2
Mizoram,Champhai,576,5893,6469,0.08904003710001408,3.7158842010668063,2
Mizoram,Kolasib,678,3189,3867,0.17532971295577512,3.1056557486060146,3
Mizoram,Lawngtlai,391,4004,4395,0.08896473265073745,2.85052467411138,2
Mizoram,Lunglei,1029,6236,7265,0.1416379903647606,5.638085066600848,2
Mizoram,Mamit,330,1479,1809,0.1824212271973365,4.311726922348902,3
Mizoram,Mammit,35,601,636,0.055031446540871845,2.288054967113461,4
Mizoram,Saiha,215,1636,1851,0.11615343057805963,3.8173772639817742,2
Mizoram,Saitual,8,119,127,0.06299212598420237,0.6811463911284724,4
Mizoram,Serchhip,437,2018,2455,0.17800407331974835,5.016328990448651,2
Nagaland,Chumukedima,254,1583,1837,0.13826891671202296,2.5298239904493434,3
Nagaland,Dimapur,817,7398,8215,0.09945222154595132,2.6059461709862397,1
Nagaland,Kiphire,261,1697,1958,0.13329928498467145,3.1634922789233344,2
Nagaland,Kohima,276,3032,3308,0.08343409915356459,2.691495951706324,2
Nagaland,Longleng,132,688,820,0.16097560975607791,0.9278084989765669,3
Nagaland,Mokokchung,189,2507,2696,0.07010385756676298,2.7072514420628067,2
Nagaland,Mon,837,3825,4662,0.17953667953667568,2.7030800495843685,3
Nagaland,Niuland,57,316,373,0.15281501340478476,3.1238052035411847,3
Nagaland,Noklak,62,385,447,0.13870246085008084,0.652500380792312,4
Nagaland,Peren,391,1413,1804,0.21674057649666204,2.5442132960253883,3
Nagaland,Phek,155,1313,1468,0.1055858310626631,2.0440858914468065,4
Nagaland,Shamator,51,382,433,0.11778290993068874,0.8193321771739172,4
Nagaland,Tuensang,464,3775,4239,0.10945977824958458,2.8450357417141676,2
Nagaland,Wokha,132,1773,1905,0.06929133858267353,4.957199365181042,2
Nagaland,Zunheboto,221,2218,2439,0.09061090610905738,2.132491581804119,4
Odisha,Angul,4008,25459,29467,0.13601656089863193,2.9103135638392783,1
Odisha,Anugul,94,1719,1813,0.05184776613347756,0.5745744688290042,4
Odisha,Balangir,5240,37354,42594,0.12302202188101581,2.7234008309399758,1
Odisha,Baleshwar,1008,11279,12287,0.08203792626352989,0.6433939019714319,4
Odisha,Baleswar,8027,35187,43214,0.18574998842967513,3.7562146685384734,1
Odisha,Bargarh,4584,30887,35471,0.12923233063629408,2.279803611667747,1
Odisha,Baudh,59,1071,1130,0.05221238938052635,0.679483734218676,4
Odisha,Bhadrak,7114,35536,42650,0.16679953106682258,3.176664583132046,1
Odisha,Boudh,1352,7835,9187,0.1471644715358643,2.025881446700017,1
Odisha,Cuttack,5928,44743,50671,0.11698999427680504,3.6259182697145462,2
Odisha,Debagarh,1020,6969,7989,0.12767555388659246,2.677012687043234,1
Odisha,Dhenkanal,4482,25501,29983,0.1494847080012002,2.7969719819308527,1
Odisha,Gajapati,3255,18133,21388,0.1521881428838594,3.693324486768521,2
Odisha,Ganjam,12890,85949,98839,0.1304141077914587,3.3603111771238114,1
Odisha,Jagatsinghapur,2502,13187,15689,0.15947479125501843,3.9726313865461957,2
Odisha,Jagatsinghpur,230,4943,5173,0.04446162768219516,0.5400448978883243,4
Odisha,Jajapur,3869,22864,26733,0.1447274903677098,2.6732370294837886,1
Odisha,Jajpur,2609,16362,18971,0.13752569711665102,3.8413128263294545,2
Odisha,Jharsuguda,1836,14950,16786,0.10937686167043902,3.6256699259697363,2
Odisha,Kalahandi,5491,41904,47395,0.11585610296444748,2.924444697744305,1
Odisha,Kandhamal,4729,27316,32045,0.14757372444999176,3.0805468213902043,1
Odisha,Kendrapara,5340,34579,39919,0.13377088604423926,3.5179245385171742,2
Odisha,Kendujhar,7205,47233,54438,0.13235240089643238,3.5637891932098595,2
Odisha,Khorda,5724,31874,37598,0.15224214053938998,3.5451277672897623,1
Odisha,Khordha,384,8272,8656,0.04436229205175549,0.49383638039747607,4
Odisha,Koraput,4951,37309,42260,0.11715570279223825,2.7869134912283995,1
Odisha,Malkangiri,3382,17690,21072,0.1604973424449499,2.829956094477887,1
Odisha,Mayurbhanj,9770,61751,71521,0.1366032354133749,3.055025110337864,1
Odisha,Nabarangapur,4235,37601,41836,0.10122860694138994,3.4615553382915647,2
Odisha,Nayagarh,3446,20066,23512,0.14656345695814843,3.6367476958458353,2
Odisha,Nuapada,2473,15772,18245,0.13554398465332895,2.628498942344229,1
Odisha,Puri,3976,28887,32863,0.12098712838146206,2.4094523581215603,1
Odisha,Rayagada,4179,28192,32371,0.12909703129344127,2.968782553571826,1
Odisha,Sambalpur,3690,26630,30320,0.12170184696569881,2.8801783039869595,1
Odisha,Sonapur,2183,11084,13267,0.1645436044320482,3.46305448627665,1
Odisha,Subarnapur,294,4066,4360,0.06743119266054891,3.1420826538625652,2
Odisha,Sundargarh,417,7243,7660,0.05443864229764942,0.6454886755762612,4
Odisha,Sundergarh,5523,37153,42676,0.1294170025306961,4.1682181922833905,2
Puducherry,Karaikal,1371,4951,6322,0.21686175260993013,1.8697376593198782,3
Puducherry,Pondicherry,578,5776,6354,0.09096632042807537,0.5842014889225546,4
Puducherry,Puducherry,2736,17038,19774,0.13836350763628938,1.7329064976594197,1
Puducherry,Yanam,11,302,313,0.03514376996803989,0.6866907973922143,4
Punjab,Amritsar,4692,69929,74621,0.06287774219053609,1.9040688473974212,0
Punjab,Barnala,677,12827,13504,0.05013329383886219,2.9982061526167945,2
Punjab,Bathinda,2019,34910,36929,0.054672479623060315,1.8802562326306125,0
Punjab,Faridkot,826,13896,14722,0.05610650726803385,2.636952379040953,2
Punjab,Fatehgarh Sahib,932,14414,15346,0.060732438420434895,3.1399459277252064,2
Punjab,Fazilka,2036,29626,31662,0.06430421325247912,3.1093450331263015,2
Punjab,Ferozepur,1875,26320,28195,0.06650115268664633,3.4802801702800092,2
Punjab,Firozpur,159,6365,6524,0.024371551195585157,0.7252583791561166,4
Punjab,Gurdaspur,4657,66299,70956,0.06563222278595177,2.827356379166322,0
Punjab,Hoshiarpur,3118,43431,46549,0.06698317901566077,2.446097838895111,0
Punjab,Jalandhar,2995,48136,51131,0.058575032758991494,2.4301122651359277,0
Punjab,Kapurthala,771,13101,13872,0.05557958477508611,0.8817715320115224,4
Punjab,Ludhiana,7346,110371,117717,0.06240390088092623,2.0813388168105065,0
Punjab,Malerkotla,1037,14062,15099,0.06868004503609465,3.951555443659065,2
Punjab,Mansa,1368,22187,23555,0.05807684143493926,2.938979170193469,2
Punjab,Moga,1304,22742,24046,0.05422939366214733,2.2467109016136235,0
Punjab,Muktsar,102,3449,3551,0.0287243030132349,0.6259430561624286,4
Punjab,Nawanshahr,27,2931,2958,0.009127789046652835,0.5793260373527999,4
Punjab,Pathankot,1276,13220,14496,0.0880242825607058,2.238565061140389,0
Punjab,Patiala,6032,70543,76575,0.0787724453150505,2.5695835760676657,0
Punjab,Rupnagar,1006,12699,13705,0.07340386720175066,2.3808812987790393,0
Punjab,S.A.S Nagar(Mohali),50,2271,2321,0.02154243860404905,0.6033930803392081,4
Punjab,Sangrur,1404,28511,29915,0.04693297676750779,2.6078746786297495,0
Punjab,Sas Nagar (Mohali),4590,53392,57982,0.07916249870649499,2.3568353832535647,0
Punjab,Shaheed Bhagat Singh Nagar,569,5775,6344,0.08969104665825836,1.4010220242300049,4
Punjab,Sri Muktsar Sahib,1544,20147,21691,0.07118159605366249,3.459683770704168,2
Punjab,Tarn Taran,1156,26259,27415,0.042166697063651136,1.9199696238121837,0
Rajasthan,Ajmer,11443,107029,118472,0.09658822337767566,3.530093582560813,2
Rajasthan,Alwar,14310,120858,135168,0.10586825284090902,3.8293235304482645,2
Rajasthan,Balotra,26,477,503,0.051689860834979784,0.7536440512722605,4
Rajasthan,Banswara,4993,75281,80274,0.06219946682612046,3.90416501343455,2
Rajasthan,Baran,6336,60352,66688,0.09500959692898259,4.330683136858821,2
Rajasthan,Barmer,9738,95849,105587,0.09222726282591598,4.957173527799796,2
Rajasthan,Beawar,24,486,510,0.047058823529402535,0.6944219142776965,4
Rajasthan,Bharatpur,9509,92614,102123,0.09311320662338543,3.899552056742713,2
Rajasthan,Bhilwara,7046,86886,93932,0.07501171059915676,4.19358013358662,2
Rajasthan,Bikaner,8430,70559,78989,0.1067237210244463,3.172336921484487,1
Rajasthan,Bundi,4316,44385,48701,0.08862241021744915,4.530433532643088,2
Rajasthan,Chittaurgarh,86,1979,2065,0.041646489104114205,0.6745440178796708,4
Rajasthan,Chittorgarh,5357,55893,61250,0.08746122448979578,4.608288972597622,2
Rajasthan,Churu,8045,65900,73945,0.10879707891000052,3.435491092499646,2
Rajasthan,Dausa,6047,44220,50267,0.1202976107585491,3.990667951181408,2
Rajasthan,Deeg,117,1182,1299,0.0900692840646582,0.6668925002484973,4
Rajasthan,Dhaulpur,15,473,488,0.03073770491802649,0.6561800505873893,4
Rajasthan,Dholpur,8511,63328,71839,0.11847325269004284,4.204991141040276,2
Rajasthan,Didwana-Kuchaman,66,654,720,0.09166666666665393,0.7694362635958072,4
Rajasthan,Dungarpur,4330,87048,91378,0.04738558515178703,5.964860856411305,2
Rajasthan,Ganganagar,5528,62004,67532,0.08185748978262145,4.023815405552146,2
Rajasthan,Hanumangarh,6592,67864,74456,0.08853551090576973,3.924769152227112,2
Rajasthan,Jaipur,27133,231983,259116,0.10471371895212951,2.4470705176791787,1
Rajasthan,Jaisalmer,2080,19280,21360,0.09737827715355761,2.926163826695619,2
Rajasthan,Jalor,4029,55911,59940,0.0672172172172171,5.2089031643003905,2
Rajasthan,Jalore,57,979,1036,0.055019305019299705,0.7604068991789766,4
Rajasthan,Jhalawar,6231,67143,73374,0.08492108921416294,5.197283719710084,2
Rajasthan,Jhunjhunu,140,2602,2742,0.05105762217359405,0.6423445327603216,4
Rajasthan,Jhunjhunun,5831,48821,54652,0.10669325916709341,2.8881501259067996,1
Rajasthan,Jodhpur,11242,122432,133674,0.0841001241827131,4.080204295715527,2
Rajasthan,Karauli,7231,50863,58094,0.12447068544083704,4.11417093753326,2
Rajasthan,Khairthal-Tijara,73,984,1057,0.0690633869441751,0.6405170752067292,4
Rajasthan,Kota,9075,83799,92874,0.09771303055752945,3.78960691781686,2
Rajasthan,Kotputli-Behror,49,480,529,0.09262759924383882,0.7254656209459074,4
Rajasthan,Nagaur,10274,91894,102168,0.10055986218776906,4.2810686575584995,2
Rajasthan,Pali,5392,60939,66331,0.08128929158312088,3.8304761457035594,2
Rajasthan,Phalodi,14,190,204,0.06862745098035852,0.8481541221884299,4
Rajasthan,Pratapgarh,3343,42346,45689,0.07316859637987246,3.4160423460625586,2
Rajasthan,Rajsamand,4623,42075,46698,0.0989978157522804,3.6763902080606523,2
Rajasthan,Salumbar,20,193,213,0.0938967136149794,0.7688264249284376,4
Rajasthan,Sawai Madhopur,4617,40538,45155,0.10224781308825134,3.404397171537834,2
Rajasthan,Sikar,9013,69303,78316,0.11508504009397809,3.099021418797655,1
Rajasthan,Sirohi,3803,37335,41138,0.09244494141669479,3.3564896893757115,2
Rajasthan,Tonk,5025,49417,54442,0.09230006245178338,3.188978048934054,2
Rajasthan,Udaipur,8934,115459,124393,0.07182076161841898,4.4506369868236915,2
Sikkim,East,406,5461,5867,0.06920061360149873,2.564857942663719,2
Sikkim,East Sikkim,349,3164,3513,0.09934528892684033,2.663826097817374,2
Sikkim,Namchi,6,276,282,0.021276595744673308,0.7774852039927477,4
Sikkim,North,46,397,443,0.10383747178327228,1.0091800467172807,4
Sikkim,North Sikkim,59,387,446,0.13228699551566542,0.9620921535532222,4
Sikkim,South,156,3583,3739,0.04172238566461509,3.0664349587785407,2
Sikkim,South Sikkim,133,1276,1409,0.094393186657197,2.558848004560637,4
Sikkim,West,194,2359,2553,0.07598903251076866,1.9882243962514838,4
Sikkim,West Sikkim,206,1815,2021,0.10192973775358229,2.8814727440023717,2
Tamil Nadu,Ariyalur,4536,18815,23351,0.19425292278703185,3.0608089409439527,3
Tamil Nadu,Chengalpattu,2251,19282,21533,0.10453722193841962,1.351169179477113,0
Tamil Nadu,Chennai,17927,130441,148368,0.1208279413350587,2.0056845430773995,1
Tamil Nadu,Coimbatore,13326,104412,117738,0.11318350914742895,2.1605745239557006,1
Tamil Nadu,Cuddalore,11218,70377,81595,0.13748391445554245,2.576011650157852,1
Tamil Nadu,Dharmapuri,7202,34178,41380,0.17404543257612332,2.507092645108737,1
Tamil Nadu,Dindigul,8508,49069,57577,0.14776733765218725,2.470625788290968,1
Tamil Nadu,Erode,7821,60588,68409,0.11432706222865395,2.3238481186544044,1
Tamil Nadu,Kallakurichi,1585,9205,10790,0.14689527340129613,2.302870630694346,1
Tamil Nadu,Kancheepuram,19692,121601,141293,0.13936996171077115,2.5326493414658646,1
Tamil Nadu,Kanniyakumari,6227,32451,38678,0.16099591499043342,3.10604862971753,1
Tamil Nadu,Kanyakumari,4020,16676,20696,0.19424043293389934,3.2852829164574784,3
Tamil Nadu,Karur,3590,23754,27344,0.13129022820362737,1.7747798134139765,1
Tamil Nadu,Krishnagiri,9066,52627,61693,0.14695346311575033,2.724068952287441,1
Tamil Nadu,Madurai,15130,90922,106052,0.14266586202994744,2.444416122687578,1
Tamil Nadu,Mayiladuthurai,470,3132,3602,0.13048306496390533,1.5404890627337215,4
Tamil Nadu,Nagapattinam,3961,34068,38029,0.10415735359856923,1.0138948897281723,0
Tamil Nadu,Namakkal,9009,36807,45816,0.19663436354112057,1.8068653002249215,3
Tamil Nadu,Perambalur,3307,12354,15661,0.2111614839409986,1.928462600065588,3
Tamil Nadu,Pudukkottai,7347,44710,52057,0.14113375722765403,2.249364289793578,1
Tamil Nadu,Ramanathapuram,5157,33134,38291,0.13467916742837707,2.4170175282519755,1
Tamil Nadu,Ranipet,190,1200,1390,0.13669064748200455,0.8613428414994138,4
Tamil Nadu,Salem,15487,90884,106371,0.1455941939062337,2.449158738059933,1
Tamil Nadu,Sivaganga,5391,28905,34296,0.15719034289713038,1.7532111994062316,1
Tamil Nadu,Tenkasi,1825,8195,10020,0.18213572854291235,2.135022111657669,3
Tamil Nadu,Thanjavur,11625,65210,76835,0.1512982364807703,2.5121246584215244,1
Tamil Nadu,The Nilgiris,2420,12853,15273,0.1584495514961032,1.5573944260775563,1
Tamil Nadu,Theni,4918,33858,38776,0.12683102950278488,1.9345535685062094,1
Tamil Nadu,Thiruvallur,104,1719,1823,0.05704882062533971,0.661748811948049,4
Tamil Nadu,Thiruvarur,5041,32739,37780,0.13343038644785565,1.6219913320669737,1
Tamil Nadu,Thoothukkudi,6827,37868,44695,0.15274639221389383,1.9451290554446192,1
Tamil Nadu,Tiruchirappalli,11294,62387,73681,0.15328239301855273,2.2118952478357947,1
Tamil Nadu,Tirunelveli,14714,65176,79890,0.18417824508699437,2.506264817858866,1
Tamil Nadu,Tirupattur,1189,8163,9352,0.12713857998289,2.26307878762354,1
Tamil Nadu,Tiruppur,12517,73372,85889,0.145734610951344,2.1594825484688385,1
Tamil Nadu,Tiruvallur,18268,130089,148357,0.12313540985595549,2.4402472168974536,1
Tamil Nadu,Tiruvannamalai,9251,55967,65218,0.14184734275813404,2.362604378273927,1
Tamil Nadu,Vellore,11895,77505,89400,0.13305369127516764,1.9559275080828673,1
Tamil Nadu,Villupuram,9988,29580,39568,0.2524262029923164,1.669183843928078,3
Tamil Nadu,Viluppuram,2249,33539,35788,0.06284229350620302,0.5688281043721213,0
Tamil Nadu,Virudhunagar,8725,48681,57406,0.15198759711528384,1.8261776010047555,1
Telangana,Adilabad,6293,39597,45890,0.1371322728263235,2.095455477738043,1
Telangana,Bhadradri Kothagudem,5559,28170,33729,0.16481366183402957,2.408817941606733,1
Telangana,Hanumakonda,1914,17061,18975,0.10086956521739078,1.8469849196401462,0
Telangana,Hyderabad,30226,183523,213749,0.1414088486963681,2.2029791716076033,1
Telangana,Jagitial,1965,14334,16299,0.12055954353027719,1.8046213370769004,1
Telangana,Jangaon,93,709,802,0.11596009975060897,0.905878682707015,4
Telangana,Jangoan,1561,15339,16900,0.0923668639053249,1.381104990576644,0
Telangana,Jayashankar Bhupalpally,1380,14881,16261,0.08486562942008434,2.976838654277572,2
Telangana,Jogulamba Gadwal,5891,26733,32624,0.1805725846002937,2.2702553978714324,1
Telangana,K.V. Rangareddy,31473,165711,197184,0.15961234177215183,2.2312029999535055,1
Telangana,Kamareddy,3541,20904,24445,0.14485579873184642,1.492620348254217,1
Telangana,Karimnagar,9151,68602,77753,0.11769320797911319,2.488541949458634,1
Telangana,Khammam,8152,45656,53808,0.1515016354445433,2.2520334227573438,1
Telangana,Komaram Bheem,3729,23729,27458,0.1358074149610309,1.7093579366343135,1
Telangana,Mahabubabad,2613,20797,23410,0.11161896625373725,1.894186410371081,1
Telangana,Mahabubnagar,22073,73557,95630,0.23081668932343383,2.2347269475682094,3
Telangana,Mancherial,3062,24061,27123,0.11289311654315484,1.4710986480412267,0
Telangana,Medak,8929,46040,54969,0.16243700995106303,1.9441184134250948,1
Telangana,Medchal-Malkajgiri,12533,71470,84003,0.14919705248622056,2.2762799931575963,1
Telangana,Medchal?Malkajgiri,89,261,350,0.2542857142856416,2.188163893422089,3
Telangana,Medchal−Malkajgiri,425,1252,1677,0.2534287418008197,0.6257811885902015,3
Telangana,Mulugu,1318,10380,11698,0.1126688322790211,2.392048587742242,1
Telangana,Nagarkurnool,2811,17359,20170,0.13936539414972665,2.204102923971079,1
Telangana,Nalgonda,10745,66588,77333,0.13894456441622574,2.2656552601293485,1
Telangana,Narayanpet,2346,14386,16732,0.14021037532871064,1.3831149127717894,1
Telangana,Nirmal,4519,29327,33846,0.13351651598416317,1.0229853960905109,0
Telangana,Nizamabad,10888,55895,66783,0.16303550304718242,2.509277876165573,1
Telangana,Peddapalli,919,9008,9927,0.09257580336456037,1.1320999186061493,4
Telangana,Rajanna Sircilla,1426,9739,11165,0.12772055530676105,1.8635490425297874,1
Telangana,Rangareddy,734,4828,5562,0.131966918374683,2.389228554647788,1
Telangana,Sangareddy,6136,30851,36987,0.165896125665774,2.2317863700635456,1
Telangana,Siddipet,4466,31495,35961,0.1241900948249489,1.20795260684405,0
Telangana,Suryapet,4565,41224,45789,0.09969643364126733,1.308893492084027,0
Telangana,Vikarabad,8170,51190,59360,0.13763477088948764,1.0893108183123812,0
Telangana,Wanaparthy,4167,21013,25180,0.16548848292295407,2.4316173047621366,1
Telangana,Warangal,5476,23625,29101,0.18817222775849562,2.058287224828293,3
Telangana,Warangal (Urban),11,110,121,0.09090909090901578,0.6192327655391547,4
Telangana,Warangal Rural,1082,16618,17700,0.06112994350282452,1.4470340328791902,0
Telangana,Warangal Urban,1821,13757,15578,0.11689562203106871,3.0647490923101874,2
Telangana,Yadadri.,3489,36383,39872,0.08750501605136414,2.9019865553728597,2
Tripura,Dhalai,1334,14091,15425,0.08648298217179846,2.234253624189667,0
Tripura,Dhalai  *,14,378,392,0.0357142857142766,0.8760748942458614,4
Tripura,Gomati,1461,8300,9761,0.14967728716319895,3.7290887799892647,2
Tripura,Khowai,514,2997,3511,0.14639703788094144,2.364116727868542,3
Tripura,North Tripura,1058,13873,14931,0.07085928604915899,2.6609495094246403,2
Tripura,Sepahijala,1094,14231,15325,0.07138662316476299,2.497720763325523,0
Tripura,South Tripura,2536,28143,30679,0.08266240751002288,3.129668619065709,2
Tripura,Unakoti,499,3144,3643,0.1369750205874242,2.145208044292793,3
Tripura,West Tripura,3281,41065,44346,0.07398637983132622,2.6552672809918407,0
Uttar Pradesh,Agra,17540,152092,169632,0.10340030182984337,1.8233757963610968,0
Uttar Pradesh,Aligarh,12971,141966,154937,0.08371789824251143,2.5114712760605284,0
Uttar Pradesh,Allahabad,18792,167503,186295,0.10087227247108077,2.5948212372661135,1
Uttar Pradesh,Ambedkar Nagar,8036,67720,75756,0.10607740641005318,2.5758749674264574,1
Uttar Pradesh,Amethi,7282,68998,76280,0.09546407970634492,2.6893000097111193,1
Uttar Pradesh,Amroha,6671,77007,83678,0.07972226869667047,2.1572702984986534,0
Uttar Pradesh,Auraiya,5621,46178,51799,0.10851560840942855,3.1081412750075392,1
Uttar Pradesh,Ayodhya,1751,13526,15277,0.11461674412515471,3.1702031608881027,2
Uttar Pradesh,Azamgarh,17779,141977,159756,0.11128846490898614,2.770254719909282,1
Uttar Pradesh,Baghpat,4916,49498,54414,0.09034439666262342,2.4276087854177337,0
Uttar Pradesh,Bahraich,10357,116222,126579,0.08182241920065723,2.0188003819870493,0
Uttar Pradesh,Ballia,12782,92140,104922,0.12182383103638882,2.464121044376847,1
Uttar Pradesh,Balrampur,5318,71598,76916,0.06914036091320393,2.593400750162776,0
Uttar Pradesh,Banda,5285,63364,68649,0.07698582645049443,2.2758996444568202,0
Uttar Pradesh,Bara Banki,8729,99860,108589,0.0803856744237445,2.5487614163026766,0
Uttar Pradesh,Barabanki,161,4799,4960,0.03245967741935418,0.5966237149004823,4
Uttar Pradesh,Bareilly,19929,205357,225286,0.08846088971351967,1.8536713750499836,0
Uttar Pradesh,Basti,8964,75552,84516,0.10606275734772101,2.6003498923082335,1
Uttar Pradesh,Bhadohi,1463,10317,11780,0.12419354838709572,4.903752684224635,2
Uttar Pradesh,Bijnor,15681,193445,209126,0.07498350276866575,1.8049998760850243,0
Uttar Pradesh,Budaun,13392,137926,151318,0.08850235926988193,2.6936280120275073,0
Uttar Pradesh,Bulandshahar,28,635,663,0.0422322775263888,0.7193909784403407,4
Uttar Pradesh,Bulandshahr,16302,138442,154744,0.10534818797497797,2.2552357084338674,0
Uttar Pradesh,Chandauli,10009,81748,91757,0.10908159595453196,2.6431215171901203,1
Uttar Pradesh,Chitrakoot,3931,40182,44113,0.08911205313626348,3.1524659083539004,2
Uttar Pradesh,Deoria,12264,94726,106990,0.11462753528367126,2.18546368384819,1
Uttar Pradesh,Etah,6180,55711,61891,0.09985296731350261,2.1436581192809316,0
Uttar Pradesh,Etawah,6191,55440,61631,0.10045269426100485,2.1045349597950436,0
Uttar Pradesh,Faizabad,6794,63185,69979,0.09708626873776405,2.509026151870028,1
Uttar Pradesh,Farrukhabad,6288,63850,70138,0.08965182925090523,2.3469838701948618,0
Uttar Pradesh,Fatehpur,9379,92126,101505,0.09239938919265052,2.6415299071994918,1
Uttar Pradesh,Firozabad,8547,91991,100538,0.08501263203962672,1.3868555079626832,0
Uttar Pradesh,Gautam Buddha Nagar,12207,117961,130168,0.09377880892385218,2.492789649139127,0
Uttar Pradesh,Ghaziabad,16772,185858,202630,0.0827715540640576,2.2840587899682783,0
Uttar Pradesh,Ghazipur,16388,111342,127730,0.12830188679245272,3.1478557397996387,1
Uttar Pradesh,Gonda,10986,114710,125696,0.08740134928716897,3.1796020207808446,2
Uttar Pradesh,Gorakhpur,18071,140786,158857,0.11375639726294712,2.875925107190831,1
Uttar Pradesh,Hamirpur,2986,39454,42440,0.07035815268614498,2.4594978976245447,0
Uttar Pradesh,Hapur,3770,34395,38165,0.09878160618367587,1.9096189111273114,0
Uttar Pradesh,Hardoi,11669,129414,141083,0.08271017769681671,2.620200467301247,0
Uttar Pradesh,Hathras,5892,53137,59029,0.09981534499991512,2.5890701586039606,1
Uttar Pradesh,Jalaun,4466,55430,59896,0.0745625751302256,2.5552714344653316,0
Uttar Pradesh,Jaunpur,18850,134576,153426,0.12286053211320108,2.622599119633059,1
Uttar Pradesh,Jhansi,5591,65235,70826,0.07893993731115681,2.6131172585587823,0
Uttar Pradesh,Jyotiba Phule Nagar,6,599,605,0.009917355371899186,0.7985466590905745,4
Uttar Pradesh,Kannauj,6283,53404,59687,0.10526580327374452,2.563883131057684,1
Uttar Pradesh,Kanpur Dehat,7310,64779,72089,0.10140243310352466,3.3296951024757906,2
Uttar Pradesh,Kanpur Nagar,12869,144749,157618,0.08164676623228306,2.131392738199885,0
Uttar Pradesh,Kasganj,4352,45355,49707,0.08755306093709117,1.9356916765524783,0
Uttar Pradesh,Kaushambi,8126,65184,73310,0.11084435956895361,3.023450144080523,1
Uttar Pradesh,Kheri,12160,159850,172010,0.07069356432765533,2.9073708002951313,0
Uttar Pradesh,Kushinagar,16130,131476,147606,0.10927740064767008,3.066450606777578,1
Uttar Pradesh,Kushinagar *,6,134,140,0.04285714285711225,0.7769345288884253,4
Uttar Pradesh,Lalitpur,3958,41304,45262,0.08744642304803127,2.91995696226304,2
Uttar Pradesh,Lucknow,15008,183203,198211,0.07571729116951124,1.973574624059873,0
Uttar Pradesh,Maharajganj,11394,91360,102754,0.11088619421141745,2.8136299845398938,1
Uttar Pradesh,Mahoba,2633,29671,32304,0.0815069341258046,2.017520453927167,0
Uttar Pradesh,Mainpuri,6534,60953,67487,0.09681864655415102,2.8628184230783877,1
Uttar Pradesh,Mathura,11182,97381,108563,0.1030001013236553,3.099251941757398,1
Uttar Pradesh,Mau,9929,76762,86691,0.11453322720928341,2.3982296145958917,1
Uttar Pradesh,Meerut,11695,132015,143710,0.08137916637673087,2.005862360334077,0
Uttar Pradesh,Mirzapur,8520,73007,81527,0.10450525592748401,2.236759969283671,1
Uttar Pradesh,Moradabad,9077,105612,114689,0.07914446895517435,1.5732456530379588,0
Uttar Pradesh,Muzaffarnagar,11171,117687,128858,0.086692327988949,2.058911855348041,0
Uttar Pradesh,Pilibhit,8213,87457,95670,0.08584718302498162,1.8126950890095301,0
Uttar Pradesh,Pratapgarh,10372,94358,104730,0.09903561539196018,2.8028791479756365,1
Uttar Pradesh,Prayagraj,3121,25906,29027,0.10752058428359766,2.879478645516442,1
Uttar Pradesh,Rae Bareli,10271,94686,104957,0.09785912326000162,2.689704385100401,1
Uttar Pradesh,Rampur,9305,101106,110411,0.08427602322232379,1.7611565048745965,0
Uttar Pradesh,Saharanpur,10316,122743,133059,0.07752951698118875,1.7600237698071026,0
Uttar Pradesh,Sambhal,8057,83485,91542,0.08801424482751077,2.415305830382992,0
Uttar Pradesh,Sant Kabir Nagar,7660,70462,78122,0.09805176518778308,3.4717661753500946,2
Uttar Pradesh,Sant Ravidas Nagar,5889,43274,49163,0.11978520432032194,2.288478147425017,1
Uttar Pradesh,Sant Ravidas Nagar Bhadohi,20,277,297,0.06734006734004466,0.7764628399170759,4
Uttar Pradesh,Shahjahanpur,11617,111417,123034,0.09442105434270194,1.8756038986702206,0
Uttar Pradesh,Shamli,6398,65464,71862,0.08903175530878615,2.173866736070057,0
Uttar Pradesh,Shrawasti,4345,55248,59593,0.07291124796536494,3.1802279650276737,2
Uttar Pradesh,Siddharthnagar,9218,82639,91857,0.10035163351731484,2.054034858675581,0
Uttar Pradesh,Sitapur,12130,153762,165892,0.07311986111445998,2.9253154310359135,0
Uttar Pradesh,Sonbhadra,6821,63530,70351,0.0969566886042841,2.849608270899464,1
Uttar Pradesh,Sultanpur,9419,73082,82501,0.11416831311135608,2.092178864412094,1
Uttar Pradesh,Unnao,8809,106352,115161,0.07649290992610339,2.2081925816021655,0
Uttar Pradesh,Varanasi,15006,141904,156910,0.09563444012491232,2.5580789224606173,0
Uttarakhand,Almora,1843,13943,15786,0.1167490181173184,2.504620059380511,1
Uttarakhand,Bageshwar,934,5994,6928,0.13481524249422439,3.158022049140276,2
Uttarakhand,Chamoli,1179,10611,11790,0.09999999999999915,3.567009888103648,2
Uttarakhand,Champawat,1372,11133,12505,0.10971611355457729,2.561963441665247,1
Uttarakhand,Dehradun,7093,68407,75500,0.09394701986754954,2.270086774585768,0
Uttarakhand,Garhwal,16,388,404,0.0396039603960298,0.8089568326842066,4
Uttarakhand,Hardwar,32,1155,1187,0.02695871946082334,0.5730466654862072,4
Uttarakhand,Haridwar,6477,60525,67002,0.09666875615653249,2.3778678912500837,0
Uttarakhand,Nainital,4397,36713,41110,0.10695694478229115,2.1965216501383393,1
Uttarakhand,Pauri Garhwal,2138,18992,21130,0.10118315191670564,1.9264761004089672,0
Uttarakhand,Pithoragarh,1538,13164,14702,0.10461161746701057,2.6080347081107402,1
Uttarakhand,Rudraprayag,830,7004,7834,0.10594842992085644,3.823112125995552,2
Uttarakhand,Tehri Garhwal,2715,23151,25866,0.1049640454650889,2.6040293768466443,1
Uttarakhand,Udham Singh Nagar,12450,113374,125824,0.09894773652085445,2.7698847209156523,1
Uttarakhand,Uttarkashi,1396,8625,10021,0.13930745434587227,2.173843419232393,1
West  Bengal,Hooghly,6,101,107,0.05607476635508778,0.7799343997198056,4
West Bengal,Alipurduar,1375,9459,10834,0.12691526675281403,1.887241038834532,1
West Bengal,Bankura,9441,136386,145827,0.06474109732765533,1.4950571482042287,0
West Bengal,Barddhaman,9917,160484,170401,0.05819801526986341,1.1462587848015442,0
West Bengal,Bardhaman,305,22944,23249,0.013118843821239567,0.5802079761357538,0
West Bengal,Birbhum,11252,140111,151363,0.07433785006903929,1.5736900818827935,0
West Bengal,Cooch Behar,10281,112568,122849,0.0836881049092788,1.3565277726709855,0
West Bengal,Dakshin Dinajpur,4998,79280,84278,0.0593037328840266,1.5399336328614057,0
West Bengal,Darjeeling,2757,50880,53637,0.05140108507187193,1.7830899107101008,0
West Bengal,Darjiling,58,8213,8271,0.007012453149558614,0.6642701287550064,4
West Bengal,East Midnapore,653,24598,25251,0.025860361965862638,0.678059911528524,0
West Bengal,Haora,354,39541,39895,0.008873292392530369,0.8046386560045149,0
West Bengal,Hooghly,9396,172437,181833,0.051673788586230195,1.6888329529542991,0
West Bengal,Howrah,6395,101389,107784,0.059331626215393694,2.0129826724808444,0
West Bengal,Hugli,16,1248,1264,0.012658227848100265,0.6355999824504043,4
West Bengal,Jalpaiguri,8504,179007,187511,0.04535200601564706,1.1179160728009934,0
West Bengal,Jhargram,835,6423,7258,0.11504546707081682,2.794462979132161,1
West Bengal,Kalimpong,204,2177,2381,0.08567828643426771,1.4509754359276672,4
West Bengal,Koch Bihar,427,70660,71087,0.006006724154908765,0.9675221288248903,0
West Bengal,Kolkata,3616,102883,106499,0.03395337045418263,1.8114021007565435,0
West Bengal,Malda,16529,175121,191650,0.08624576050091308,1.7818153480087706,0
West Bengal,Maldah,568,21998,22566,0.025170610653194963,0.6145351667002591,0
West Bengal,Medinipur,11,167,178,0.061797752808954054,0.6965432030265115,4
West Bengal,Murshidabad,30085,334565,364650,0.08250377073906483,1.6407414290342657,0
West Bengal,Nadia,9451,182892,192343,0.04913617859760946,1.5521468272184475,0
West Bengal,North 24 Parganas,15020,275457,290477,0.05170805261690252,2.0575687922237185,0
West Bengal,North Dinajpur,86,4815,4901,0.01754743929810207,0.7143961771806107,4
West Bengal,North Twenty Four Parganas,279,19456,19735,0.014137319483151691,0.5822161126908033,4
West Bengal,Paschim Bardhaman,1400,15281,16681,0.08392782207301672,2.5632339248398943,1
West Bengal,Paschim Medinipur,14645,199535,214180,0.06837706601923613,1.4284889882405274,0
West Bengal,Purba Bardhaman,2464,21987,24451,0.1007729745204691,3.565948621506569,2
West Bengal,Purba Medinipur,9860,93569,103429,0.09533109669435062,2.2785701353252885,0
West Bengal,Purulia,385,6924,7309,0.05267478451224446,0.6413924199730884,4
West Bengal,Puruliya,12343,142695,155038,0.07961274010242646,1.3300538180920831,0
West Bengal,South 24 Parganas,26794,365977,392771,0.06821786740874451,1.781522246458164,0
West Bengal,South Dinajpur,79,6740,6819,0.011585276433494477,0.6588425330506883,4
West Bengal,South Twenty Four Parganas,814,41252,42066,0.019350544382636763,0.5834214821428303,0
West Bengal,Uttar Dinajpur,16220,229834,246054,0.06592048899834993,1.607654084987004,0
West Bengal,West Midnapore,455,30225,30680,0.014830508474576223,0.8493127520537854,0
Westbengal,Hooghly,0,144,144,0.0,0.5553115484032105,4
