date,year,month,day_of_week,is_weekend,state,district,age_0_5,age_5_17,age_18_greater,total_enrol,active_pincodes,share_0_5,share_5_17,share_18_plus,child_to_adult_ratio,zscore,anomaly_type
2025-04-01,2025,4,Tuesday,False,Assam,Baksa,408,441,113,962,6,0.42411642411638,0.45841995841991073,0.11746361746360524,7.513274336276536,5.394211389495294,High Spike
2025-04-01,2025,4,Tuesday,False,Assam,Cachar,988,461,256,1705,15,0.5794721407624294,0.2703812316715384,0.1501466275659736,5.660156249997789,9.887088777897358,High Spike
2025-04-01,2025,4,Tuesday,False,Assam,Darrang,598,308,94,1000,5,0.5979999999999401,0.3079999999999692,0.09399999999999059,9.638297872330172,5.623995159023259,High Spike
2025-04-01,2025,4,Tuesday,False,Assam,Dhubri,836,462,74,1372,5,0.6093294460640956,0.33673469387752647,0.053935860058305106,17.540540540516837,7.873457323875975,High Spike
2025-04-01,2025,4,Tuesday,False,Assam,Goalpara,529,273,80,882,4,0.5997732426303175,0.3095238095237744,0.0907029478457947,10.024999999987468,4.910456085225893,High Spike
2025-04-01,2025,4,Tuesday,False,Assam,Golaghat,568,501,115,1184,7,0.4797297297296892,0.42314189189185614,0.09712837837837017,9.29565217390496,6.736632358842882,High Spike
2025-04-01,2025,4,Tuesday,False,Assam,Hojai,686,253,86,1025,5,0.6692682926828615,0.24682926829265883,0.08390243902438206,10.918604651150094,5.775168691607448,High Spike
2025-04-01,2025,4,Tuesday,False,Assam,Kamrup,713,404,134,1251,9,0.5699440447641431,0.32294164668262804,0.10711430855314891,8.335820895516168,7.141777426168505,High Spike
2025-04-01,2025,4,Tuesday,False,Assam,Kamrup Metro,276,396,200,872,12,0.3165137614678536,0.45412844036692035,0.2293577981651113,3.3599999999983203,4.849986672192217,High Spike
2025-04-01,2025,4,Tuesday,False,Assam,Karbi Anglong,530,769,140,1439,7,0.3683113273106068,0.5343988881167105,0.09728978457261311,9.278571428564803,8.278602391201598,High Spike
2025-04-01,2025,4,Tuesday,False,Assam,Karimganj,508,426,71,1005,5,0.5054726368158701,0.4238805970148832,0.0706467661691472,13.15492957744626,5.654229865540097,High Spike
2025-04-01,2025,4,Tuesday,False,Assam,Lakhimpur,400,221,78,699,4,0.5722460658082157,0.31616595135903913,0.11158798283260206,7.961538461528254,3.803865826709637,High Spike
2025-04-01,2025,4,Tuesday,False,Assam,Marigaon,540,436,84,1060,5,0.5094339622641029,0.4113207547169423,0.07924528301886044,11.619047619033786,5.98681163722531,High Spike
2025-04-01,2025,4,Tuesday,False,Assam,Nagaon,413,236,36,685,3,0.602919708029109,0.34452554744520514,0.05255474452553977,18.0277777777277,3.7192086484624918,High Spike
2025-04-01,2025,4,Tuesday,False,Assam,Tinsukia,339,391,160,890,9,0.3808988764044516,0.4393258426965798,0.1797752808988562,4.562499999997149,4.958831615652833,High Spike
2025-04-01,2025,4,Tuesday,False,Assam,Udalguri,418,311,126,855,8,0.4888888888888317,0.36374269005843696,0.14736842105261433,5.785714285709694,4.747188670034969,High Spike
2025-04-01,2025,4,Tuesday,False,Bihar,Bhagalpur,480,300,26,806,2,0.5955334987592313,0.37220843672451953,0.03225806451612503,29.99999999988462,4.450888546169962,High Spike
2025-04-01,2025,4,Tuesday,False,Bihar,East Champaran,1459,1312,144,2915,9,0.5005145797598456,0.450085763293295,0.04939965694682506,19.243055555542195,17.203887754972055,High Spike
2025-04-01,2025,4,Tuesday,False,Bihar,Gaya,437,600,54,1091,4,0.4005499541704491,0.5499541704857425,0.04949587534371682,19.20370370366814,6.174266817629704,High Spike
2025-04-01,2025,4,Tuesday,False,Bihar,Jamui,480,300,30,810,2,0.5925925925925194,0.3703703703703246,0.03703703703703246,25.999999999913335,4.4750763113834315,High Spike
2025-04-01,2025,4,Tuesday,False,Bihar,Madhubani,388,396,55,839,3,0.4624553039331987,0.4719904648390379,0.06555423122764414,14.254545454519537,4.65043760918109,High Spike
2025-04-01,2025,4,Tuesday,False,Bihar,Muzaffarpur,1011,723,65,1799,5,0.5619788771539431,0.40188993885489704,0.03613118399110416,26.676923076882034,10.455501260413904,High Spike
2025-04-01,2025,4,Tuesday,False,Bihar,Patna,723,1739,245,2707,14,0.2670853343184238,0.642408570373083,0.0905060953084562,10.048979591832634,15.94612396387161,High Spike
2025-04-01,2025,4,Tuesday,False,Bihar,Sitamarhi,1428,1033,144,2605,8,0.5481765834932611,0.3965451055662036,0.05527831094049692,17.090277777765913,15.329335950928122,High Spike
2025-04-01,2025,4,Tuesday,False,Bihar,West Champaran,1923,1350,155,3428,9,0.5609684947491085,0.39381563593931174,0.045215869311550604,21.116129032244444,20.305968643599588,High Spike
2025-04-01,2025,4,Tuesday,False,Delhi,North West Delhi,701,349,46,1096,3,0.639598540145927,0.3184306569342775,0.041970802919704196,22.826086956472118,6.20450152414654,High Spike
2025-04-01,2025,4,Tuesday,False,Delhi,South West Delhi,484,209,56,749,4,0.6461949265686721,0.27903871829101745,0.07476635514017693,12.374999999977902,4.1062128918780125,High Spike
2025-04-01,2025,4,Tuesday,False,Delhi,West Delhi,480,246,40,766,2,0.626631853785819,0.3211488250652322,0.05221932114881825,18.149999999954623,4.20901089403526,High Spike
2025-04-01,2025,4,Tuesday,False,Gujarat,Banaskantha,1558,1170,305,3033,16,0.5136828222881465,0.3857566765578508,0.10056050115396965,8.944262295079035,17.91742682876942,High Spike
2025-04-01,2025,4,Tuesday,False,Gujarat,Dahod,806,662,169,1637,9,0.4923640806352784,0.4043982895540376,0.10323762981062289,8.686390532539239,9.475896769268367,High Spike
2025-04-01,2025,4,Tuesday,False,Gujarat,Gandhinagar,495,138,106,739,7,0.6698240866034276,0.186738836265198,0.14343707713123904,5.971698113201914,4.045743478844337,High Spike
2025-04-01,2025,4,Tuesday,False,Gujarat,Gir Somnath,1262,265,142,1669,9,0.7561414020371027,0.15877771120430445,0.08508088675853295,10.753521126752991,9.669398890976128,High Spike
2025-04-01,2025,4,Tuesday,False,Gujarat,Kachchh,385,242,71,698,4,0.5515759312320127,0.3467048710601222,0.10171919770772181,8.83098591548052,3.7978188854062696,High Spike
2025-04-01,2025,4,Tuesday,False,Gujarat,Kheda,425,80,90,595,5,0.7142857142855942,0.13445378151258244,0.15126050420165524,5.611111111104877,3.1749839311594155,High Spike
2025-04-01,2025,4,Tuesday,False,Gujarat,Morbi,750,178,85,1013,5,0.7403751233957808,0.17571569595259864,0.08390918065152182,10.917647058810685,5.702605395967037,High Spike
2025-04-01,2025,4,Tuesday,False,Gujarat,Panchmahals,574,145,110,829,6,0.6924004825089635,0.17490952955365802,0.1326899879372578,6.536363636357694,4.589968196147414,High Spike
2025-04-01,2025,4,Tuesday,False,Gujarat,Patan,800,173,140,1113,7,0.7187780772685787,0.15543575920933014,0.12578616352200128,6.949999999995036,6.3072995263037885,High Spike
2025-04-01,2025,4,Tuesday,False,Gujarat,Rajkot,1319,338,134,1791,8,0.7364600781685797,0.18872138470127367,0.07481853713009073,12.365671641781818,10.407125729986964,High Spike
2025-04-01,2025,4,Tuesday,False,Gujarat,Sabarkantha,389,197,92,678,5,0.5737463126842811,0.2905604719763583,0.13569321533921302,6.36956521738438,3.6768800593389193,High Spike
2025-04-01,2025,4,Tuesday,False,Gujarat,Surat,1914,850,206,2970,12,0.6444444444444227,0.28619528619527657,0.06936026936026703,13.417475728148828,17.536469526657267,High Spike
2025-04-01,2025,4,Tuesday,False,Gujarat,Surendra Nagar,436,159,60,655,4,0.6656488549617304,0.24274809160301636,0.09160305343510051,9.916666666650139,3.5378004093614663,High Spike
2025-04-01,2025,4,Tuesday,False,Gujarat,Vadodara,788,216,140,1144,9,0.6888111888111286,0.1888111888111723,0.12237762237761167,7.17142857142345,6.494754706708181,High Spike
2025-04-01,2025,4,Tuesday,False,Gujarat,Valsad,512,186,40,738,3,0.6937669376692827,0.2520325203251691,0.05420054200541271,17.449999999956376,4.03969653754097,High Spike
2025-04-01,2025,4,Tuesday,False,Haryana,Faridabad,480,225,25,730,2,0.6575342465752524,0.30821917808214955,0.03424657534246106,28.1999999998872,3.99132100711403,High Spike
2025-04-01,2025,4,Tuesday,False,Jharkhand,Ranchi,552,457,72,1081,5,0.5106382978722932,0.42275670675296734,0.06660499537464694,14.013888888869424,6.113797404596029,High Spike
2025-04-01,2025,4,Tuesday,False,Karnataka,Bengaluru,5252,1026,596,6874,34,0.764038405586256,0.14925807390165624,0.08670352051207322,10.533557046978098,41.14372837500405,High Spike
2025-04-01,2025,4,Tuesday,False,Karnataka,Yadgir,480,89,21,590,2,0.8135593220337604,0.15084745762709306,0.035593220338977015,27.09523809510907,3.1447492246425774,High Spike
2025-04-01,2025,4,Tuesday,False,Madhya Pradesh,Bhind,581,228,72,881,4,0.659477866061219,0.2587968217933872,0.08172531214528016,11.236111111095505,4.904409143922525,High Spike
2025-04-01,2025,4,Tuesday,False,Madhya Pradesh,Burhanpur,442,155,49,646,3,0.6842105263156835,0.23993808049531887,0.07585139318884274,12.18367346936289,3.4833779376311584,High Spike
2025-04-01,2025,4,Tuesday,False,Madhya Pradesh,Chhatarpur,555,255,40,850,4,0.6529411764705114,0.2999999999999647,0.04705882352940623,20.249999999949374,4.716953963518132,High Spike
2025-04-01,2025,4,Tuesday,False,Madhya Pradesh,Gwalior,658,348,64,1070,4,0.6149532710279799,0.3252336448597827,0.05981308411214394,15.718749999975438,6.047281050258985,High Spike
2025-04-01,2025,4,Tuesday,False,Madhya Pradesh,Indore,674,205,41,920,3,0.7326086956520943,0.2228260869564975,0.044565217391299504,21.439024390191612,5.140239854753858,High Spike
2025-04-01,2025,4,Tuesday,False,Madhya Pradesh,Jhabua,459,300,39,798,2,0.57518796992474,0.375939849624013,0.04887218045112169,19.46153846148856,4.402513015743021,High Spike
2025-04-01,2025,4,Tuesday,False,Madhya Pradesh,Khargone,641,188,52,881,4,0.7275822928489526,0.21339387060156487,0.059023836549369005,15.942307692277033,4.904409143922525,High Spike
2025-04-01,2025,4,Tuesday,False,Madhya Pradesh,Morena,757,449,72,1278,4,0.59233176838806,0.351330203442852,0.05633802816900967,16.749999999976737,7.305044841359428,High Spike
2025-04-01,2025,4,Tuesday,False,Madhya Pradesh,Shivpuri,499,259,80,838,5,0.5954653937946783,0.3090692124104643,0.09546539379473801,9.474999999988157,4.644390667877722,High Spike
2025-04-01,2025,4,Tuesday,False,Madhya Pradesh,Vidisha,456,119,39,614,2,0.742671009771866,0.1938110749185352,0.0635179153094359,14.743589743551938,3.289875815923398,High Spike
2025-04-01,2025,4,Tuesday,False,Maharashtra,Hingoli,910,95,95,1100,5,0.827272727272652,0.08636363636362851,0.08636363636362851,10.578947368409917,6.228689289360011,High Spike
2025-04-01,2025,4,Tuesday,False,Maharashtra,Nanded,462,89,54,605,4,0.7636363636362373,0.1471074380165046,0.08925619834709268,10.203703703684807,3.2354533441930906,High Spike
2025-04-01,2025,4,Tuesday,False,Maharashtra,Solapur,510,67,44,621,3,0.8212560386472106,0.10789049919482964,0.07085346215779857,13.11363636360656,3.3322044050469706,High Spike
2025-04-01,2025,4,Tuesday,False,Maharashtra,Thane,1736,832,136,2704,9,0.6420118343195029,0.30769230769229633,0.05029585798816382,18.882352941162587,15.927983139961507,High Spike
2025-04-01,2025,4,Tuesday,False,Meghalaya,East Jaintia Hills,434,300,40,774,2,0.5607235142118139,0.3875968992247561,0.051679586563300815,18.349999999954125,4.257386424462201,High Spike
2025-04-01,2025,4,Tuesday,False,Meghalaya,East Khasi Hills,1376,2450,397,4223,21,0.3258347146578185,0.5801562869997494,0.09400899834240838,9.637279596974903,25.113286979776767,High Spike
2025-04-01,2025,4,Tuesday,False,Meghalaya,North Garo Hills,111,495,80,686,4,0.16180758017490351,0.7215743440232184,0.11661807580173227,7.574999999990531,3.7252555897658595,High Spike
2025-04-01,2025,4,Tuesday,False,Meghalaya,Ri Bhoi,319,694,97,1110,5,0.28738738738736147,0.6252252252251689,0.08738738738737951,10.443298969061399,6.289158702393686,High Spike
2025-04-01,2025,4,Tuesday,False,Meghalaya,South Garo Hills,231,601,100,932,5,0.24785407725319228,0.6448497854076561,0.10729613733904428,8.31999999999168,5.212803150394269,High Spike
2025-04-01,2025,4,Tuesday,False,Meghalaya,South West Garo Hills,323,236,40,599,2,0.5392320534222805,0.3939899833054434,0.06677796327210905,13.974999999965062,3.1991716963728853,High Spike
2025-04-01,2025,4,Tuesday,False,Meghalaya,South West Khasi Hills,241,363,60,664,3,0.362951807228861,0.5466867469878695,0.09036144578311892,10.066666666649889,3.592222881091774,High Spike
2025-04-01,2025,4,Tuesday,False,Meghalaya,West Garo Hills,780,814,113,1707,6,0.4569420035149117,0.47685998828351045,0.06619800820151926,14.106194690253004,9.899182660504094,High Spike
2025-04-01,2025,4,Tuesday,False,Meghalaya,West Jaintia Hills,570,546,80,1196,4,0.47658862876250196,0.4565217391303966,0.06688963210701782,13.949999999982563,6.809195654483292,High Spike
2025-04-01,2025,4,Tuesday,False,Punjab,Ludhiana,1440,703,150,2293,9,0.6279982555603738,0.30658525948537696,0.0654164849542056,14.286666666657144,13.442690264277458,High Spike
2025-04-01,2025,4,Tuesday,False,Rajasthan,Ajmer,480,196,34,710,2,0.6760563380280737,0.2760563380281301,0.047887323943655226,19.882352941117993,3.8703821810466796,High Spike
2025-04-01,2025,4,Tuesday,False,Rajasthan,Alwar,378,187,33,598,2,0.6321070234112655,0.3127090301002821,0.055183946488285084,17.121212121160237,3.1931247550695177,High Spike
2025-04-01,2025,4,Tuesday,False,Rajasthan,Dholpur,897,347,50,1294,4,0.6931993817619247,0.26816074188560524,0.03863987635239269,24.87999999995024,7.401795902213308,High Spike
2025-04-01,2025,4,Tuesday,False,Rajasthan,Jaipur,1780,623,143,2546,9,0.6991358994500904,0.24469756480753163,0.05616653574233872,16.804195804184054,14.972566414029439,High Spike
2025-04-01,2025,4,Tuesday,False,Rajasthan,Jalor,1148,571,103,1822,8,0.6300768386388238,0.31339187705816063,0.05653128430296067,16.68932038833331,10.594580910391358,High Spike
2025-04-01,2025,4,Tuesday,False,Rajasthan,Jodhpur,1094,524,76,1694,6,0.6458087367177895,0.3093270365997456,0.044864226682405854,21.289473684182514,9.820572423560316,High Spike
2025-04-01,2025,4,Tuesday,False,Rajasthan,Nagaur,358,204,30,592,2,0.6047297297296276,0.34459459459453634,0.05067567567566711,18.73333333327089,3.156843107249313,High Spike
2025-04-01,2025,4,Tuesday,False,Uttar Pradesh,Agra,378,214,36,628,2,0.6019108280253819,0.3407643312101368,0.05732484076432208,16.444444444398766,3.374532994170543,High Spike
2025-04-01,2025,4,Tuesday,False,Uttar Pradesh,Bahraich,1524,1277,188,2989,11,0.5098695215791064,0.42723318835729585,0.0628972900635643,14.898936170204841,17.65136141142125,High Spike
2025-04-01,2025,4,Tuesday,False,Uttar Pradesh,Balrampur,429,440,32,901,3,0.4761376248612124,0.4883462819089358,0.03551609322974079,27.156249999915136,5.025347969989875,High Spike
2025-04-01,2025,4,Tuesday,False,Uttar Pradesh,Banda,448,300,33,781,2,0.573623559538979,0.3841229193341377,0.04225352112675515,22.66666666659798,4.299715013585773,High Spike
2025-04-01,2025,4,Tuesday,False,Uttar Pradesh,Bareilly,960,600,54,1614,4,0.5947955390334204,0.3717472118958877,0.0334572490706299,28.88888888883539,9.336817119290915,High Spike
2025-04-01,2025,4,Tuesday,False,Uttar Pradesh,Bulandshahr,475,300,37,812,2,0.5849753694580561,0.3694581280787722,0.045566502463048573,20.945945945889335,4.487170193990166,High Spike
2025-04-01,2025,4,Tuesday,False,Uttar Pradesh,Gautam Buddha Nagar,828,600,69,1497,4,0.5531062124248127,0.400801603206386,0.04609218436873439,20.69565217388305,8.629324986796915,High Spike
2025-04-01,2025,4,Tuesday,False,Uttar Pradesh,Gonda,392,260,49,701,3,0.559201141226739,0.3708987161197759,0.06990014265334238,13.306122448952436,3.815959709316372,High Spike
2025-04-01,2025,4,Tuesday,False,Uttar Pradesh,Gorakhpur,378,657,79,1114,5,0.33931777378812034,0.5897666068222092,0.0709156193895807,13.101265822768227,6.313346467607156,High Spike
2025-04-01,2025,4,Tuesday,False,Uttar Pradesh,Jaunpur,529,498,56,1083,4,0.4884579870729004,0.45983379501380794,0.05170821791319929,18.339285714252966,6.125891287202763,High Spike
2025-04-01,2025,4,Tuesday,False,Uttar Pradesh,Kanpur Dehat,469,364,61,894,4,0.5246085011185095,0.40715883668899244,0.0682326621923861,13.655737704895646,4.983019380866303,High Spike
2025-04-01,2025,4,Tuesday,False,Uttar Pradesh,Kanpur Nagar,1207,1139,174,2520,12,0.47896825396823495,0.45198412698410906,0.0690476190476163,13.482758620681908,14.815345940141883,High Spike
2025-04-01,2025,4,Tuesday,False,Uttar Pradesh,Kheri,388,290,31,709,3,0.5472496473906139,0.4090267983074176,0.0437235543018274,21.870967741864934,3.864335239743312,High Spike
2025-04-01,2025,4,Tuesday,False,Uttar Pradesh,Lucknow,1178,1015,115,2308,8,0.5103986135181755,0.43977469670708663,0.049826689774694545,19.069565217374723,13.53339438382797,High Spike
2025-04-01,2025,4,Tuesday,False,Uttar Pradesh,Maharajganj,728,600,64,1392,4,0.5229885057470889,0.4310344827585897,0.04597701149424957,20.749999999967578,7.994396149943325,High Spike
2025-04-01,2025,4,Tuesday,False,Uttar Pradesh,Mainpuri,348,313,46,707,4,0.49222065063642256,0.44271570014138006,0.06506364922205586,14.369565217360066,3.852241357136577,High Spike
2025-04-01,2025,4,Tuesday,False,Uttar Pradesh,Meerut,480,300,31,811,2,0.5918618988901859,0.3699136868063662,0.03822441430332451,25.161290322499482,4.481123252686799,High Spike
2025-04-01,2025,4,Tuesday,False,Uttar Pradesh,Muzaffarnagar,480,265,27,772,2,0.6217616580310075,0.34326424870461875,0.03497409326424417,27.592592592490398,4.2452925418554655,High Spike
2025-04-01,2025,4,Tuesday,False,Uttar Pradesh,Saharanpur,480,247,29,756,2,0.634920634920551,0.3267195767195335,0.038359788359783285,25.068965517154936,4.148541481001585,High Spike
2025-04-01,2025,4,Tuesday,False,Uttar Pradesh,Shahjahanpur,688,450,53,1191,3,0.5776658270360556,0.37783375314858286,0.04450041981527754,21.471698113167033,6.778960947966454,High Spike
2025-04-01,2025,4,Tuesday,False,Uttar Pradesh,Siddharthnagar,663,450,57,1170,3,0.5666666666666182,0.3846153846153517,0.048717948717944555,19.526315789439426,6.651975180595737,High Spike
2025-04-01,2025,4,Tuesday,False,Uttar Pradesh,Sitapur,1200,744,79,2023,5,0.5931784478496988,0.3677706376668132,0.039050914483438504,24.60759493667771,11.810016112368228,High Spike
2025-04-01,2025,4,Tuesday,False,Uttar Pradesh,Unnao,454,268,30,752,2,0.6037234042552388,0.35638297872335684,0.03989361702127129,24.066666666586446,4.124353715788115,High Spike
2025-04-01,2025,4,Tuesday,False,Uttar Pradesh,Varanasi,439,381,50,870,3,0.5045977011493673,0.43793103448270826,0.057471264367809485,16.3999999999672,4.837892789585482,High Spike
2025-04-01,2025,4,Tuesday,False,West Bengal,Darjeeling,383,200,75,658,5,0.5820668693008234,0.3039513677811088,0.1139817629179158,7.773333333322968,3.555941233271569,High Spike
2025-04-01,2025,4,Tuesday,False,West Bengal,Uttar Dinajpur,878,333,70,1281,4,0.6854020296642712,0.25995316159248555,0.05464480874316513,17.299999999975284,7.323185665269531,High Spike
2025-05-01,2025,5,Thursday,False,Assam,Goalpara,412,253,79,744,5,0.5537634408601406,0.3400537634408145,0.10618279569891045,8.417721518976686,4.075978185361175,High Spike
2025-05-01,2025,5,Thursday,False,Assam,Golaghat,807,756,182,1745,10,0.4624641833810623,0.4332378223495454,0.10429799426933499,8.58791208790737,10.128966430032058,High Spike
2025-05-01,2025,5,Thursday,False,Assam,Kamrup,813,532,169,1514,11,0.5369881109642974,0.35138705416113925,0.11162483487449724,7.9585798816520965,8.732122988954162,High Spike
2025-05-01,2025,5,Thursday,False,Assam,Karbi Anglong,446,801,112,1359,6,0.3281824871228603,0.5894039735098904,0.08241353936717569,11.13392857141863,7.794847086932197,High Spike
2025-05-01,2025,5,Thursday,False,Assam,Karimganj,286,282,116,684,7,0.41812865497069907,0.4122807017543257,0.169590643274829,4.89655172413371,3.713161707159124,High Spike
2025-05-01,2025,5,Thursday,False,Assam,Lakhimpur,404,216,101,721,6,0.5603328710124049,0.2995839112343551,0.14008321775310123,6.138613861380061,3.9368985353837225,High Spike
2025-05-01,2025,5,Thursday,False,Bihar,Bhagalpur,1307,845,85,2237,6,0.5842646401430226,0.37773804202054634,0.03799731783638632,25.317647058793742,13.104061551288877,High Spike
2025-05-01,2025,5,Thursday,False,Bihar,East Champaran,1445,1146,140,2731,8,0.5291102160380619,0.41962651043572247,0.05126327352617901,18.50714285712964,16.09125055515243,High Spike
2025-05-01,2025,5,Thursday,False,Bihar,Gaya,452,750,69,1271,5,0.35562549173876035,0.5900865460267042,0.05428796223445678,17.420289855047216,7.2627162522358555,High Spike
2025-05-01,2025,5,Thursday,False,Bihar,Gopalganj,385,300,27,712,2,0.5407303370785757,0.4213483146066824,0.037921348314601415,25.370370370276408,3.8824760636534146,High Spike
2025-05-01,2025,5,Thursday,False,Bihar,Kaimur (Bhabua),273,300,22,595,2,0.4588235294116876,0.5042016806721842,0.03697478991596017,26.04545454533616,3.1749839311594155,High Spike
2025-05-01,2025,5,Thursday,False,Bihar,Madhubani,748,642,85,1475,5,0.5071186440677622,0.4352542372881061,0.05762711864406389,16.35294117645135,8.496292278122828,High Spike
2025-05-01,2025,5,Thursday,False,Bihar,Muzaffarpur,1863,1396,151,3410,10,0.5463343108504238,0.4093841642228619,0.04428152492668492,21.58278145693935,20.197123700138974,High Spike
2025-05-01,2025,5,Thursday,False,Bihar,Sitamarhi,1819,1323,170,3312,10,0.549214975845394,0.3994565217391184,0.05132850241545739,18.4823529411656,19.60452345240896,High Spike
2025-05-01,2025,5,Thursday,False,Bihar,West Champaran,1545,1050,122,2717,7,0.5686418844313372,0.38645564961353013,0.04490246595509588,21.270491803261255,16.006593376905286,High Spike
2025-05-01,2025,5,Thursday,False,Delhi,East Delhi,665,279,51,995,3,0.6683417085426464,0.2804020100502231,0.05125628140703002,18.509803921532335,5.593760452506422,High Spike
2025-05-01,2025,5,Thursday,False,Delhi,North West Delhi,368,251,25,644,2,0.5714285714284827,0.38975155279497053,0.03881987577639148,24.759999999900963,3.4712840550244235,High Spike
2025-05-01,2025,5,Thursday,False,Delhi,South West Delhi,379,188,43,610,3,0.6213114754097342,0.30819672131142484,0.07049180327867696,13.186046511597242,3.265688050709928,High Spike
2025-05-01,2025,5,Thursday,False,Delhi,West Delhi,480,270,40,790,2,0.6075949367087838,0.34177215189869087,0.05063291139239865,18.749999999953125,4.354137485316081,High Spike
2025-05-01,2025,5,Thursday,False,Gujarat,Ahmedabad,756,347,97,1200,8,0.6299999999999475,0.28916666666664254,0.0808333333333266,11.371134020606833,6.833383419696762,High Spike
2025-05-01,2025,5,Thursday,False,Gujarat,Banaskantha,1061,724,155,1940,9,0.5469072164948171,0.37319587628864054,0.07989690721649073,11.516129032250635,11.308119984188725,High Spike
2025-05-01,2025,5,Thursday,False,Gujarat,Dahod,710,711,209,1630,11,0.43558282208586285,0.43619631901837813,0.12822085889569765,6.799043062197704,9.433568180144794,High Spike
2025-05-01,2025,5,Thursday,False,Gujarat,Rajkot,1340,312,148,1800,8,0.744444444444403,0.1733333333333237,0.08222222222221766,11.16216216215462,10.461548201717273,High Spike
2025-05-01,2025,5,Thursday,False,Gujarat,Surat,798,469,48,1315,4,0.6068441064638321,0.3566539923954101,0.036501901140681636,26.39583333327834,7.528781669584027,High Spike
2025-05-01,2025,5,Thursday,False,Haryana,Faridabad,480,237,32,749,2,0.640854472630088,0.3164218958611059,0.04272363150867253,22.40624999992998,4.1062128918780125,High Spike
2025-05-01,2025,5,Thursday,False,Karnataka,Bengaluru,2584,1660,518,4762,30,0.5426291474170403,0.3485930281394299,0.10877782444350885,8.193050193048611,28.37258834229186,High Spike
2025-05-01,2025,5,Thursday,False,Madhya Pradesh,Barwani,910,527,55,1492,4,0.6099195710455355,0.35321715817692,0.03686327077747742,26.127272727225222,8.599090280280077,High Spike
2025-05-01,2025,5,Thursday,False,Madhya Pradesh,Bhind,461,238,48,747,3,0.6171352074965706,0.31860776439085425,0.06425702811244119,14.562499999969662,4.094119009271278,High Spike
2025-05-01,2025,5,Thursday,False,Madhya Pradesh,Burhanpur,387,179,29,595,2,0.6504201680671176,0.3008403361344032,0.04873949579831113,19.517241379243046,3.1749839311594155,High Spike
2025-05-01,2025,5,Thursday,False,Madhya Pradesh,Chhatarpur,394,300,30,724,2,0.5441988950275491,0.41436464088392067,0.041436464088392064,23.133333333256225,3.955039359293825,High Spike
2025-05-01,2025,5,Thursday,False,Maharashtra,Mumbai Suburban,882,457,185,1524,12,0.578740157480277,0.2998687664041798,0.1213910761154776,7.237837837833926,8.792592401987838,High Spike
2025-05-01,2025,5,Thursday,False,Maharashtra,Solapur,442,97,46,585,3,0.7555555555554263,0.16581196581193747,0.07863247863246518,11.717391304322353,3.11451451812574,High Spike
2025-05-01,2025,5,Thursday,False,Maharashtra,Thane,959,570,90,1619,5,0.5923409512044105,0.3520691785052284,0.05558987029029922,16.98888888887001,9.367051825807751,High Spike
2025-05-01,2025,5,Thursday,False,Meghalaya,East Khasi Hills,768,1645,398,2811,20,0.27321237993595615,0.585200996086781,0.14158662397722727,6.062814070350235,16.575005859421832,High Spike
2025-05-01,2025,5,Thursday,False,Meghalaya,Ri Bhoi,243,500,100,843,5,0.2882562277579729,0.5931198102015903,0.11862396204031807,7.42999999999257,4.67462537439456,High Spike
2025-05-01,2025,5,Thursday,False,Meghalaya,West Garo Hills,565,597,139,1301,7,0.4342813220599205,0.4588777863181815,0.10684089162182114,8.359712230209814,7.444124491336881,High Spike
2025-05-01,2025,5,Thursday,False,Meghalaya,West Jaintia Hills,381,500,80,961,4,0.3964620187304478,0.5202913631633174,0.08324661810613077,11.012499999986234,5.388164448191926,High Spike
2025-05-01,2025,5,Thursday,False,Punjab,Ludhiana,786,457,49,1292,4,0.6083591331268878,0.3537151702786104,0.03792569659442431,25.36734693872374,7.389702019606574,High Spike
2025-05-01,2025,5,Thursday,False,Telangana,Hyderabad,480,154,21,655,2,0.7328244274808041,0.23511450381675797,0.03206106870228518,30.19047619033243,3.5378004093614663,High Spike
2025-05-01,2025,5,Thursday,False,Uttar Pradesh,Agra,805,483,58,1346,4,0.5980683506686034,0.358841010401162,0.04309063893016024,22.20689655168585,7.7162368499884195,High Spike
2025-05-01,2025,5,Thursday,False,Uttar Pradesh,Aligarh,743,462,79,1284,6,0.5786604361370266,0.3598130841121215,0.06152647975077402,15.253164556942718,7.341326489179633,High Spike
2025-05-01,2025,5,Thursday,False,Uttar Pradesh,Bahraich,1246,1014,124,2384,7,0.5226510067113874,0.4253355704697808,0.05201342281878976,18.225806451598206,13.992961922883902,High Spike
2025-05-01,2025,5,Thursday,False,Uttar Pradesh,Banda,656,568,61,1285,4,0.5105058365758357,0.4420233463034675,0.047470817120618874,20.065573770458908,7.347373430483001,High Spike
2025-05-01,2025,5,Thursday,False,Uttar Pradesh,Bareilly,480,300,35,815,2,0.5889570552146516,0.36809815950915725,0.04294478527606835,22.28571428565061,4.505311017900269,High Spike
2025-05-01,2025,5,Thursday,False,Uttar Pradesh,Bijnor,720,418,39,1177,3,0.6117247238742046,0.35514018691585764,0.033135089209852746,29.17948717941236,6.694303769719309,High Spike
2025-05-01,2025,5,Thursday,False,Uttar Pradesh,Deoria,384,300,20,704,2,0.5454545454544679,0.4261363636363031,0.028409090909086873,34.199999999829004,3.8341005332264744,High Spike
2025-05-01,2025,5,Thursday,False,Uttar Pradesh,Etah,480,246,32,758,2,0.6332453825856684,0.32453825857515506,0.04221635883904456,22.687499999929102,4.16063536360832,High Spike
2025-05-01,2025,5,Thursday,False,Uttar Pradesh,Gautam Buddha Nagar,480,300,34,814,2,0.5896805896805172,0.36855036855032325,0.04176904176903663,22.94117647052076,4.499264076596901,High Spike
2025-05-01,2025,5,Thursday,False,Uttar Pradesh,Ghaziabad,454,377,37,868,3,0.5230414746543176,0.434331797234973,0.04262672811059417,22.459459459398758,4.825798906978747,High Spike
2025-05-01,2025,5,Thursday,False,Uttar Pradesh,Kanpur Nagar,604,478,54,1136,4,0.5316901408450236,0.4207746478872869,0.04753521126760145,20.03703703699993,6.4463791762812415,High Spike
2025-05-01,2025,5,Thursday,False,Uttar Pradesh,Kheri,657,450,33,1140,3,0.5763157894736336,0.3947368421052285,0.02894736842105009,33.54545454535289,6.470566941494711,High Spike
2025-05-01,2025,5,Thursday,False,Uttar Pradesh,Lucknow,401,335,45,781,3,0.5134443021766307,0.4289372599231205,0.05761843790012066,16.35555555551921,4.299715013585773,High Spike
2025-05-01,2025,5,Thursday,False,Uttar Pradesh,Maharajganj,477,447,40,964,3,0.4948132780082474,0.4636929460580432,0.041493775933605655,23.09999999994225,5.406305272102029,High Spike
2025-05-01,2025,5,Thursday,False,Uttar Pradesh,Meerut,480,300,37,817,2,0.587515299877529,0.3671970624234556,0.045287637698892866,21.081081081024106,4.517404900507004,High Spike
2025-05-01,2025,5,Thursday,False,Uttar Pradesh,Pilibhit,480,300,21,801,2,0.5992509363295132,0.37453183520594574,0.026217228464416202,37.14285714268028,4.420653839653124,High Spike
2025-05-01,2025,5,Thursday,False,Uttar Pradesh,Rampur,480,300,27,807,2,0.5947955390333836,0.3717472118958647,0.033457249070627824,28.888888888781896,4.456935487473329,High Spike
2025-05-01,2025,5,Thursday,False,Uttar Pradesh,Shahjahanpur,674,450,47,1171,3,0.5755764304013172,0.38428693424420285,0.040136635354394525,23.914893616970392,6.658022121899104,High Spike
2025-05-01,2025,5,Thursday,False,Uttar Pradesh,Shrawasti,279,300,28,607,2,0.4596375617791664,0.49423393739695315,0.046128500823715626,20.678571428497577,3.2475472267998255,High Spike
2025-05-01,2025,5,Thursday,False,Uttar Pradesh,Siddharthnagar,590,538,47,1175,4,0.5021276595744253,0.4578723404254929,0.039999999999996594,23.999999999948937,6.682209887112574,High Spike
2025-05-01,2025,5,Thursday,False,Uttar Pradesh,Sitapur,480,300,30,810,2,0.5925925925925194,0.3703703703703246,0.03703703703703246,25.999999999913335,4.4750763113834315,High Spike
2025-05-01,2025,5,Thursday,False,Uttar Pradesh,Unnao,432,290,30,752,2,0.5744680851063065,0.38563829787228915,0.03989361702127129,24.066666666586446,4.124353715788115,High Spike
2025-05-01,2025,5,Thursday,False,Uttar Pradesh,Varanasi,416,300,23,739,2,0.5629228687414665,0.40595399188086523,0.031123139377533,31.130434782473348,4.045743478844337,High Spike
2025-05-01,2025,5,Thursday,False,West Bengal,Cooch Behar,847,482,68,1397,4,0.6062992125983818,0.3450250536864463,0.04867573371510031,19.54411764703008,8.024630856460163,High Spike
2025-05-01,2025,5,Thursday,False,West Bengal,Darjeeling,297,223,76,596,4,0.4983221476509231,0.37416107382544056,0.12751677852346852,6.842105263148892,3.1810308724627827,High Spike
2025-05-01,2025,5,Thursday,False,West Bengal,Jalpaiguri,493,348,73,914,5,0.5393873085338579,0.3807439824944879,0.07986870897154487,11.520547945189698,5.103958206933653,High Spike
2025-05-01,2025,5,Thursday,False,West Bengal,Nadia,463,108,50,621,3,0.7455716586150167,0.17391304347823286,0.08051529790658929,11.41999999997716,3.3322044050469706,High Spike
2025-05-01,2025,5,Thursday,False,West Bengal,North 24 Parganas,483,195,37,715,3,0.675524475524381,0.27272727272723457,0.05174825174824451,18.324324324274798,3.900616887563517,High Spike
2025-05-01,2025,5,Thursday,False,West Bengal,Uttar Dinajpur,1197,694,74,1965,5,0.6091603053434804,0.35318066157759015,0.03765903307887849,25.55405405401952,11.459293516772913,High Spike
2025-06-01,2025,6,Sunday,True,Andhra Pradesh,Spsr Nellore,742,405,151,1298,9,0.571648690292714,0.3120184899845676,0.11633281972264127,7.596026490061195,7.425983667426778,High Spike
2025-06-01,2025,6,Sunday,True,Assam,Barpeta,699,376,89,1164,5,0.6005154639174741,0.32302405498279013,0.07646048109964979,12.078651685379686,6.6156935327755315,High Spike
2025-06-01,2025,6,Sunday,True,Assam,Cachar,847,584,187,1618,14,0.5234857849196215,0.3609394313967638,0.1155747836835528,7.652406417108208,9.361004884504384,High Spike
2025-06-01,2025,6,Sunday,True,Assam,Dibrugarh,413,127,116,656,7,0.6295731707316113,0.19359756097558023,0.17682926829265597,4.65517241378909,3.5438473506648336,High Spike
2025-06-01,2025,6,Sunday,True,Assam,Golaghat,561,502,126,1189,7,0.4718250630781773,0.4222035323801159,0.10597140454162271,8.43650793650124,6.76686706535972,High Spike
2025-06-01,2025,6,Sunday,True,Assam,Karimganj,253,277,81,611,5,0.4140752864156442,0.4533551554827408,0.1325695581014513,6.543209876535132,3.2717349920132954,High Spike
2025-06-01,2025,6,Sunday,True,Assam,Marigaon,412,250,82,744,6,0.5537634408601406,0.3360215053762989,0.11021505376342604,8.073170731697472,4.075978185361175,High Spike
2025-06-01,2025,6,Sunday,True,Bihar,Araria,505,350,39,894,3,0.564876957494344,0.3914988814317235,0.043624161073820625,21.92307692302071,4.983019380866303,High Spike
2025-06-01,2025,6,Sunday,True,Bihar,Banka,323,300,31,654,2,0.49388379204885413,0.45871559633020503,0.047400611620787854,20.09677419348356,3.5317534680580986,High Spike
2025-06-01,2025,6,Sunday,True,Bihar,Bhagalpur,1322,1200,123,2645,8,0.4998109640831569,0.4536862003780547,0.046502835538750606,20.504065040633737,15.571213603062823,High Spike
2025-06-01,2025,6,Sunday,True,Bihar,Gaya,408,450,37,895,3,0.45586592178765856,0.5027932960893293,0.041340782122900405,23.189189189126516,4.98906632216967,High Spike
2025-06-01,2025,6,Sunday,True,Bihar,Gopalganj,577,450,49,1076,3,0.5362453531598015,0.41821561338286073,0.04553903345724484,20.95918367342661,6.083562698079191,High Spike
2025-06-01,2025,6,Sunday,True,Bihar,Jamui,305,278,23,606,2,0.5033003300329202,0.45874587458738303,0.03795379537953169,25.347826086846315,3.241500285496458,High Spike
2025-06-01,2025,6,Sunday,True,Bihar,Katihar,488,385,34,907,3,0.5380374862182428,0.4244762954795563,0.03748621830209068,25.676470588159773,5.06162961781008,High Spike
2025-06-01,2025,6,Sunday,True,Bihar,Madhubani,876,900,93,1869,6,0.46869983948633126,0.48154093097910744,0.049759229534507766,19.096774193527853,10.87878715164963,High Spike
2025-06-01,2025,6,Sunday,True,Bihar,Muzaffarpur,1454,1269,129,2852,9,0.5098176718092388,0.4449509116409381,0.04523141654978804,21.108527131766586,16.8229304528599,High Spike
2025-06-01,2025,6,Sunday,True,Bihar,Nalanda,307,300,36,643,2,0.47744945567644204,0.4665629860030378,0.05598755832036454,16.861111111064275,3.4652371137210563,High Spike
2025-06-01,2025,6,Sunday,True,Bihar,Pashchim Champaran,1775,1500,176,3451,10,0.5143436685018686,0.43465662126918475,0.05099971022891767,18.607954545443974,20.44504829357704,High Spike
2025-06-01,2025,6,Sunday,True,Bihar,Patna,320,450,38,808,3,0.396039603960347,0.5569306930692379,0.04702970297029121,20.263157894683516,4.462982428776696,High Spike
2025-06-01,2025,6,Sunday,True,Bihar,Purbi Champaran,1541,1612,188,3341,11,0.46123914995508947,0.48249027237352643,0.0562705776713542,16.77127659573576,19.779884750206616,High Spike
2025-06-01,2025,6,Sunday,True,Bihar,Purnia,620,593,56,1269,4,0.4885736800630032,0.46729708431832406,0.04412923561859384,21.660714285675606,7.250622369629121,High Spike
2025-06-01,2025,6,Sunday,True,Bihar,Saharsa,319,300,20,639,2,0.4992175273864633,0.4694835680750439,0.03129890453833626,30.949999999845254,3.441049348507586,High Spike
2025-06-01,2025,6,Sunday,True,Bihar,Sitamarhi,2124,1650,186,3960,11,0.5363636363636228,0.41666666666665614,0.04696969696969578,20.290322580634253,23.52294141699111,High Spike
2025-06-01,2025,6,Sunday,True,Chhattisgarh,Gaurella Pendra Marwahi,355,185,39,579,2,0.613126079447217,0.3195164075992539,0.06735751295335624,13.846153846118343,3.0782328703055346,High Spike
2025-06-01,2025,6,Sunday,True,Delhi,East Delhi,480,263,26,769,2,0.6241872561767718,0.34200260078018957,0.033810143042908476,28.576923076813166,4.227151717945363,High Spike
2025-06-01,2025,6,Sunday,True,Delhi,North Delhi,332,243,22,597,2,0.556113902847478,0.40703517587932875,0.03685092127302565,26.136363636244837,3.1870778137661504,High Spike
2025-06-01,2025,6,Sunday,True,Delhi,North West Delhi,457,184,26,667,2,0.6851574212892525,0.2758620689654759,0.03898050974512159,24.65384615375133,3.6103637050018764,High Spike
2025-06-01,2025,6,Sunday,True,Delhi,South Delhi,407,211,43,661,3,0.6157337367623879,0.3192133131618276,0.06505295007563312,14.37209302322239,3.574082057181671,High Spike
2025-06-01,2025,6,Sunday,True,Delhi,West Delhi,620,334,57,1011,3,0.6132542037585941,0.3303659742828555,0.05637982195845139,16.736842105233794,5.690511513360303,High Spike
2025-06-01,2025,6,Sunday,True,Gujarat,Ahmadabad,685,471,60,1216,5,0.5633223684210062,0.38733552631575763,0.049342105263153836,19.266666666634556,6.930134480550643,High Spike
2025-06-01,2025,6,Sunday,True,Gujarat,Banas Kantha,1075,916,128,2119,7,0.5073147711184282,0.4322793770646327,0.06040585181689191,15.55468749998785,12.39052247749151,High Spike
2025-06-01,2025,6,Sunday,True,Gujarat,Dohad,1077,947,137,2161,8,0.49838037945393343,0.4382230448866063,0.063396575659414,14.773722627726444,12.644494012232945,High Spike
2025-06-01,2025,6,Sunday,True,Gujarat,Morbi,480,260,26,766,2,0.626631853785819,0.3394255874673186,0.03394255874673186,28.461538461428997,4.20901089403526,High Spike
2025-06-01,2025,6,Sunday,True,Haryana,Faridabad,837,390,72,1299,4,0.6443418013856317,0.300230946882194,0.055427251732097345,17.041666666642996,7.432030608730146,High Spike
2025-06-01,2025,6,Sunday,True,Haryana,Nuh,480,213,35,728,2,0.6593406593405687,0.29258241758237735,0.04807692307691647,19.799999999943427,3.979227124507295,High Spike
2025-06-01,2025,6,Sunday,True,Karnataka,Bengaluru Rural,511,312,60,883,3,0.5787089467723013,0.35334088335216834,0.067950169875417,13.716666666643805,4.91650302652926,High Spike
2025-06-01,2025,6,Sunday,True,Karnataka,Bengaluru Urban,4825,3084,734,8643,40,0.5582552354506473,0.3568205484206831,0.08492421612865805,10.775204359671555,51.84076754066118,High Spike
2025-06-01,2025,6,Sunday,True,Madhya Pradesh,Alirajpur,376,459,61,896,4,0.4196428571428103,0.5122767857142285,0.06808035714284955,13.688524590141494,4.995113263473038,High Spike
2025-06-01,2025,6,Sunday,True,Madhya Pradesh,Ashoknagar,386,300,23,709,2,0.5444287729195283,0.4231311706628458,0.03244005641748485,29.826086956392064,3.864335239743312,High Spike
2025-06-01,2025,6,Sunday,True,Madhya Pradesh,Barwani,480,300,40,820,2,0.5853658536584652,0.3658536585365407,0.0487804878048721,19.49999999995125,4.535545724417107,High Spike
2025-06-01,2025,6,Sunday,True,Madhya Pradesh,Bhind,490,328,44,862,3,0.5684454756379851,0.3805104408352227,0.051044083526676214,18.590909090866838,4.789517259158542,High Spike
2025-06-01,2025,6,Sunday,True,Madhya Pradesh,Burhanpur,623,361,50,1034,3,0.6025145067697676,0.3491295938104111,0.04835589941972453,19.67999999996064,5.829591163337755,High Spike
2025-06-01,2025,6,Sunday,True,Madhya Pradesh,Chhatarpur,272,395,41,708,3,0.3841807909603977,0.5579096045196952,0.05790960451976583,16.26829268288715,3.8582882984399447,High Spike
2025-06-01,2025,6,Sunday,True,Madhya Pradesh,Dhar,480,300,40,820,2,0.5853658536584652,0.3658536585365407,0.0487804878048721,19.49999999995125,4.535545724417107,High Spike
2025-06-01,2025,6,Sunday,True,Madhya Pradesh,Gwalior,752,549,65,1366,4,0.5505124450951281,0.4019033674963102,0.047584187408488465,20.01538461535382,7.83717567605577,High Spike
2025-06-01,2025,6,Sunday,True,Madhya Pradesh,Morena,602,437,57,1096,3,0.5492700729926506,0.39872262773718986,0.052007299270068245,18.228070175406618,6.20450152414654,High Spike
2025-06-01,2025,6,Sunday,True,Maharashtra,Beed,415,231,33,679,2,0.6111929307804695,0.3402061855669602,0.048600883652422884,19.575757575698255,3.6829270006422865,High Spike
2025-06-01,2025,6,Sunday,True,Maharashtra,Dhule,718,418,84,1220,5,0.5885245901638861,0.34262295081964406,0.0688524590163878,13.523809523793425,6.9543222457641125,High Spike
2025-06-01,2025,6,Sunday,True,Maharashtra,Thane,1795,1043,191,3029,12,0.5926048200726116,0.3443380653680969,0.0630571145592584,14.858638743447719,17.89323906355595,High Spike
2025-06-01,2025,6,Sunday,True,Meghalaya,East Khasi Hills,287,1361,260,1908,13,0.15041928721173214,0.7133123689727089,0.13626834381550648,6.338461538459101,11.114617862480964,High Spike
2025-06-01,2025,6,Sunday,True,Meghalaya,West Garo Hills,521,769,116,1406,6,0.37055476529158105,0.546941678520587,0.08250355618776084,11.120689655162828,8.07905332819047,High Spike
2025-06-01,2025,6,Sunday,True,Meghalaya,West Jaintia Hills,192,409,60,661,3,0.2904689863842223,0.6187594553705569,0.09077155824506947,10.016666666649972,3.574082057181671,High Spike
2025-06-01,2025,6,Sunday,True,Punjab,Ludhiana,1044,636,84,1764,6,0.591836734693844,0.36054421768705436,0.04761904761904492,19.99999999997619,10.243858314796041,High Spike
2025-06-01,2025,6,Sunday,True,Rajasthan,Bikaner,450,300,33,783,2,0.5747126436780875,0.38314176245205833,0.04214559386972642,22.727272727203857,4.311808896192509,High Spike
2025-06-01,2025,6,Sunday,True,Telangana,Hyderabad,522,330,48,900,3,0.5799999999999356,0.3666666666666259,0.053333333333327404,17.74999999996302,5.019301028686508,High Spike
2025-06-01,2025,6,Sunday,True,Uttar Pradesh,Agra,1417,1099,133,2649,8,0.534918837297073,0.4148735371838273,0.0502076255190619,18.917293233068484,15.595401368276294,High Spike
2025-06-01,2025,6,Sunday,True,Uttar Pradesh,Aligarh,762,599,90,1451,7,0.525155065472052,0.4128187456925973,0.062026188835281736,15.12222222220542,8.351165686842009,High Spike
2025-06-01,2025,6,Sunday,True,Uttar Pradesh,Bahraich,1129,1280,155,2564,9,0.440327613104507,0.4992199687987325,0.060452418096721514,15.541935483860941,15.081411357490055,High Spike
2025-06-01,2025,6,Sunday,True,Uttar Pradesh,Bareilly,1006,732,74,1812,5,0.5551876379690642,0.40397350993375253,0.04083885209712799,23.486486486454748,10.534111497357681,High Spike
2025-06-01,2025,6,Sunday,True,Uttar Pradesh,Firozabad,458,300,21,779,2,0.5879332477534547,0.38510911424898775,0.026957637997429142,36.095238095066215,4.287621130979038,High Spike
2025-06-01,2025,6,Sunday,True,Uttar Pradesh,Gautam Buddha Nagar,578,450,47,1075,3,0.5376744186046011,0.41860465116275175,0.04372093023255407,21.872340425485376,6.077515756775823,High Spike
2025-06-01,2025,6,Sunday,True,Uttar Pradesh,Ghaziabad,689,450,42,1181,3,0.5834038950041843,0.38103302286194907,0.03556308213378191,27.11904761898305,6.718491534932779,High Spike
2025-06-01,2025,6,Sunday,True,Uttar Pradesh,Gorakhpur,213,419,41,673,3,0.3164933135214983,0.6225854383357172,0.06092124814263582,15.414634146303866,3.6466453528220817,High Spike
2025-06-01,2025,6,Sunday,True,Uttar Pradesh,Hardoi,730,600,44,1374,4,0.5312954876273267,0.4366812227073918,0.03202328966520873,30.227272727204028,7.88555120648271,High Spike
2025-06-01,2025,6,Sunday,True,Uttar Pradesh,Kheri,358,434,33,825,3,0.43393939393934133,0.5260606060605423,0.03999999999999515,23.999999999927272,4.565780430933944,High Spike
2025-06-01,2025,6,Sunday,True,Uttar Pradesh,Mathura,467,362,32,861,3,0.5423925667827476,0.4204413472705667,0.037166085946569435,25.90624999991904,4.7834703178551745,High Spike
2025-06-01,2025,6,Sunday,True,Uttar Pradesh,Pilibhit,480,300,25,805,2,0.5962732919253917,0.37267080745336983,0.031055900621114154,31.199999999875203,4.4448416048665935,High Spike
2025-06-01,2025,6,Sunday,True,Uttar Pradesh,Shahjahanpur,511,450,51,1012,3,0.5049407114624007,0.4446640316205094,0.050395256916991066,18.843137254865013,5.69655845466367,High Spike
2025-06-01,2025,6,Sunday,True,Uttar Pradesh,Shravasti,282,253,40,575,2,0.49043478260861034,0.43999999999992345,0.06956521739129225,13.374999999966562,3.0540451050920647,High Spike
2025-06-01,2025,6,Sunday,True,Uttar Pradesh,Sitapur,843,693,70,1606,5,0.5249066002490334,0.43150684931504163,0.04358655043586279,21.942857142825794,9.288441588863973,High Spike
2025-06-01,2025,6,Sunday,True,Uttar Pradesh,Unnao,336,300,40,676,2,0.49704142011826963,0.44378698224845503,0.059171597633127335,15.899999999960249,3.664786176732184,High Spike
2025-06-01,2025,6,Sunday,True,West Bengal,24 Paraganas North,540,399,111,1050,8,0.5142857142856653,0.3799999999999638,0.10571428571427564,8.459459459451837,5.926342224191635,High Spike
2025-06-01,2025,6,Sunday,True,West Bengal,Alipurduar,207,352,63,622,5,0.3327974276526796,0.5659163987137353,0.10128617363342422,8.873015873001789,3.3382513463503383,High Spike
2025-06-01,2025,6,Sunday,True,West Bengal,Darjeeling,203,316,140,659,9,0.30804248861907313,0.4795144157814143,0.21244309559936078,3.7071428571402096,3.561988174574936,High Spike
2025-06-01,2025,6,Sunday,True,West Bengal,Dinajpur Uttar,824,523,69,1416,4,0.5819209039547611,0.3693502824858496,0.048728813559318594,19.52173913040649,8.139522741224146,High Spike
2025-06-01,2025,6,Sunday,True,West Bengal,Kolkata,221,328,73,622,5,0.35530546623788495,0.5273311897105261,0.11736334405142806,7.520547945195177,3.3382513463503383,High Spike
2025-07-01,2025,7,Tuesday,False,Andhra Pradesh,Spsr Nellore,382,264,73,719,5,0.5312934631431806,0.36717663421413527,0.10152990264254498,8.849315068481028,3.924804652776987,High Spike
2025-07-01,2025,7,Tuesday,False,Assam,Barpeta,1602,810,128,2540,7,0.630708661417298,0.31889763779526303,0.05039370078739959,18.84374999998528,14.936284766209234,High Spike
2025-07-01,2025,7,Tuesday,False,Assam,Cachar,3220,1327,318,4865,19,0.6618705035971086,0.2727646454265103,0.06536485097636043,14.298742138360284,28.995423296538714,High Spike
2025-07-01,2025,7,Tuesday,False,Assam,Chirang,449,340,52,841,4,0.5338882282995798,0.4042806183114858,0.06183115338881547,15.173076923047743,4.662531491787824,High Spike
2025-07-01,2025,7,Tuesday,False,Assam,Dhemaji,1448,576,164,2188,9,0.6617915904935712,0.26325411334550897,0.07495429616087408,12.341463414626622,12.807761427423868,High Spike
2025-07-01,2025,7,Tuesday,False,Assam,Dhubri,480,267,27,774,2,0.6201550387596098,0.34496124031003295,0.03488372093022805,27.6666666665642,4.257386424462201,High Spike
2025-07-01,2025,7,Tuesday,False,Assam,Dibrugarh,1455,488,266,2209,14,0.6586690810321114,0.22091444092348478,0.12041647804435851,7.304511278192743,12.934747194794586,High Spike
2025-07-01,2025,7,Tuesday,False,Assam,Goalpara,1136,535,98,1769,6,0.6421707179196924,0.30243075183717905,0.05539853024307205,17.051020408145867,10.27409302131288,High Spike
2025-07-01,2025,7,Tuesday,False,Assam,Golaghat,1485,1002,317,2804,18,0.5296005706133905,0.35734664764620694,0.11305278174036687,7.845425867505412,16.532677270298258,High Spike
2025-07-01,2025,7,Tuesday,False,Assam,Hailakandi,555,264,46,865,3,0.6416184971097524,0.30520231213869303,0.05317919075143893,17.80434782604825,4.807658083068644,High Spike
2025-07-01,2025,7,Tuesday,False,Assam,Hojai,480,300,23,803,2,0.5977584059775096,0.3735990037359435,0.028642590286422333,33.91304347811342,4.432747722259859,High Spike
2025-07-01,2025,7,Tuesday,False,Assam,Jorhat,633,323,233,1189,13,0.532380151387676,0.2716568544995566,0.19596299411268325,4.103004291843733,6.76686706535972,High Spike
2025-07-01,2025,7,Tuesday,False,Assam,Kamrup,2001,726,219,2946,15,0.6792260692464128,0.24643584521384093,0.07433808553971234,12.452054794514863,17.391342935376446,High Spike
2025-07-01,2025,7,Tuesday,False,Assam,Karimganj,1402,962,157,2521,10,0.5561285204283793,0.3815946053153359,0.06227687425624505,15.057324840754742,14.821392881445252,High Spike
2025-07-01,2025,7,Tuesday,False,Assam,Lakhimpur,417,216,73,706,4,0.5906515580735707,0.30594900849854023,0.10339943342774739,8.67123287670045,3.8461944158332098,High Spike
2025-07-01,2025,7,Tuesday,False,Assam,Marigaon,956,581,67,1604,4,0.596009975062307,0.3622194513715485,0.04177057356608218,22.940298507428448,9.276347706257239,High Spike
2025-07-01,2025,7,Tuesday,False,Assam,Nagaon,780,536,62,1378,4,0.5660377358490155,0.3889695210449645,0.044992743105947385,21.225806451578666,7.90973897169618,High Spike
2025-07-01,2025,7,Tuesday,False,Assam,Sonitpur,463,279,40,782,2,0.5920716112531211,0.35677749360609246,0.05115089514065842,18.549999999953624,4.305761954889141,High Spike
2025-07-01,2025,7,Tuesday,False,Assam,Tinsukia,1074,818,250,2142,14,0.5014005602240662,0.38188608776842287,0.1167133520074642,7.567999999996974,12.529602127468962,High Spike
2025-07-01,2025,7,Tuesday,False,Bihar,Gaya,546,600,60,1206,4,0.45273631840792267,0.497512437810904,0.0497512437810904,19.099999999968166,6.8696650675169675,High Spike
2025-07-01,2025,7,Tuesday,False,Bihar,Gopalganj,786,600,48,1434,4,0.5481171548116772,0.41841004184097497,0.033472803347278,28.874999999939842,8.24836768468476,High Spike
2025-07-01,2025,7,Tuesday,False,Bihar,Lakhisarai,397,300,29,726,2,0.5468319559227897,0.4132231404958108,0.039944903581261716,24.034482758537813,3.96713324190056,High Spike
2025-07-01,2025,7,Tuesday,False,Bihar,Madhubani,750,600,65,1415,4,0.5300353356890085,0.4240282685512068,0.04593639575971407,20.769230769198817,8.133475799920777,High Spike
2025-07-01,2025,7,Tuesday,False,Bihar,Muzaffarpur,720,450,40,1210,3,0.5950413223140004,0.3719008264462502,0.03305785123966669,29.249999999926874,6.893852832730437,High Spike
2025-07-01,2025,7,Tuesday,False,Bihar,Nalanda,396,300,32,728,2,0.5439560439559692,0.41208791208785545,0.043956043956037916,21.74999999993203,3.979227124507295,High Spike
2025-07-01,2025,7,Tuesday,False,Bihar,Nawada,616,1050,118,1784,7,0.3452914798206084,0.5885650224214917,0.06614349775784382,14.118644067784645,10.364797140863391,High Spike
2025-07-01,2025,7,Tuesday,False,Bihar,Pashchim Champaran,2369,1650,206,4225,11,0.5607100591715843,0.39053254437868895,0.048757396449702985,19.50970873785461,25.1253808623835,High Spike
2025-07-01,2025,7,Tuesday,False,Bihar,Patna,508,450,40,998,3,0.5090180360720933,0.45090180360716925,0.04008016032063726,23.949999999940125,5.611901276416525,High Spike
2025-07-01,2025,7,Tuesday,False,Bihar,Purbi Champaran,2089,1500,184,3773,10,0.5536708189769267,0.39756162205140744,0.04876755897163931,19.505434782598098,22.39216339326138,High Spike
2025-07-01,2025,7,Tuesday,False,Bihar,Purnia,718,450,35,1203,3,0.5968412302576395,0.3740648379052058,0.02909393183707156,33.371428571333226,6.851524243606865,High Spike
2025-07-01,2025,7,Tuesday,False,Bihar,Saharsa,480,300,38,818,2,0.5867970660145981,0.3667481662591239,0.046454767726155685,20.526315789419666,4.523451841810371,High Spike
2025-07-01,2025,7,Tuesday,False,Bihar,Saran,506,450,42,998,3,0.5070140280560614,0.45090180360716925,0.04208416833666913,22.761904761850566,5.611901276416525,High Spike
2025-07-01,2025,7,Tuesday,False,Bihar,Sitamarhi,2386,1775,204,4365,12,0.546620847651763,0.40664375715921175,0.04673539518900237,20.397058823519416,25.971952644854955,High Spike
2025-07-01,2025,7,Tuesday,False,Chhattisgarh,Balrampur,950,532,60,1542,4,0.6160830090790781,0.3450064850842837,0.03891050583657335,24.699999999958834,8.901437345448453,High Spike
2025-07-01,2025,7,Tuesday,False,Chhattisgarh,Bijapur,386,258,40,684,2,0.5643274853800344,0.3771929824560852,0.05847953216373414,16.09999999995975,3.713161707159124,High Spike
2025-07-01,2025,7,Tuesday,False,Chhattisgarh,Raigarh,480,181,23,684,2,0.7017543859648097,0.26461988304089695,0.033625730994147125,28.739130434657657,3.713161707159124,High Spike
2025-07-01,2025,7,Tuesday,False,Delhi,Central Delhi,728,328,51,1107,4,0.6576332429990372,0.2962962962962695,0.046070460704602884,20.705882352900577,6.271017878483583,High Spike
2025-07-01,2025,7,Tuesday,False,Delhi,East Delhi,480,300,32,812,2,0.5911330049260355,0.3694581280787722,0.039408866995069035,24.374999999923826,4.487170193990166,High Spike
2025-07-01,2025,7,Tuesday,False,Delhi,New Delhi,581,354,114,1049,6,0.5538608198283552,0.3374642516682233,0.10867492850332615,8.201754385957718,5.920295282888268,High Spike
2025-07-01,2025,7,Tuesday,False,Delhi,North Delhi,480,268,29,777,2,0.6177606177605383,0.3449163449163005,0.03732303732303252,25.793103448186923,4.2755272483723035,High Spike
2025-07-01,2025,7,Tuesday,False,Delhi,North East Delhi,480,300,31,811,2,0.5918618988901859,0.3699136868063662,0.03822441430332451,25.161290322499482,4.481123252686799,High Spike
2025-07-01,2025,7,Tuesday,False,Delhi,North West Delhi,480,267,36,783,2,0.6130268199232933,0.3409961685823319,0.045977011494246996,20.74999999994236,4.311808896192509,High Spike
2025-07-01,2025,7,Tuesday,False,Delhi,South Delhi,794,321,132,1247,7,0.6367281475540788,0.25741780272652304,0.10585404971931789,8.446969696963299,7.117589660955035,High Spike
2025-07-01,2025,7,Tuesday,False,Delhi,West Delhi,1200,652,75,1927,5,0.6227296315516023,0.3383497664763706,0.038920601971975145,24.69333333330041,11.229509747244947,High Spike
2025-07-01,2025,7,Tuesday,False,Gujarat,Ahmadabad,2182,1361,180,3723,13,0.5860864893902609,0.3655654042438795,0.048348106365832706,19.6833333333224,22.089816328093008,High Spike
2025-07-01,2025,7,Tuesday,False,Gujarat,Ahmedabad,384,266,36,686,2,0.5597667638483149,0.3877551020407598,0.05247813411077952,18.0555555555054,3.7252555897658595,High Spike
2025-07-01,2025,7,Tuesday,False,Gujarat,Amreli,558,151,57,766,4,0.7284595300260145,0.19712793733678888,0.074412532637066,12.438596491206248,4.20901089403526,High Spike
2025-07-01,2025,7,Tuesday,False,Gujarat,Anand,802,192,104,1098,7,0.7304189435336311,0.17486338797812614,0.09471766848815166,9.557692307683118,6.216595406753275,High Spike
2025-07-01,2025,7,Tuesday,False,Gujarat,Arvalli,465,103,22,590,2,0.7881355932202053,0.17457627118641109,0.03728813559321402,25.818181818064463,3.1447492246425774,High Spike
2025-07-01,2025,7,Tuesday,False,Gujarat,Banas Kantha,2813,2157,272,5242,16,0.5366272415108635,0.411484166348714,0.051888592140403436,18.272058823522695,31.275120167908266,High Spike
2025-07-01,2025,7,Tuesday,False,Gujarat,Bhavnagar,1361,403,112,1876,8,0.7254797441364219,0.21481876332621455,0.05970149253731025,15.749999999985937,10.921115740773203,High Spike
2025-07-01,2025,7,Tuesday,False,Gujarat,Botad,580,246,44,870,3,0.66666666666659,0.28275862068962265,0.050574712643672345,18.772727272684605,4.837892789585482,High Spike
2025-07-01,2025,7,Tuesday,False,Gujarat,Chhotaudepur,815,701,143,1659,8,0.4912597950572338,0.4225437010246882,0.08619650391801771,10.601398601391189,9.608929477942452,High Spike
2025-07-01,2025,7,Tuesday,False,Gujarat,Devbhumi Dwarka,359,163,55,577,3,0.6221837088387137,0.28249566724431846,0.09532062391679456,9.490909090891835,3.0661389876987997,High Spike
2025-07-01,2025,7,Tuesday,False,Gujarat,Dohad,2181,1650,220,4051,11,0.5383855838064543,0.4073068378178127,0.05430757837570836,17.41363636362845,24.07321307559755,High Spike
2025-07-01,2025,7,Tuesday,False,Gujarat,Gir Somnath,648,270,56,974,3,0.6652977412730323,0.2772073921970968,0.05749486652976822,16.392857142827868,5.466774685135704,High Spike
2025-07-01,2025,7,Tuesday,False,Gujarat,Jamnagar,764,195,55,1014,5,0.7534516765285253,0.19230769230767333,0.054240631163702736,17.436363636331933,5.708652337270404,High Spike
2025-07-01,2025,7,Tuesday,False,Gujarat,Kachchh,815,691,112,1618,8,0.5037082818293879,0.42707045735473254,0.06922126081581773,13.446428571416565,9.361004884504384,High Spike
2025-07-01,2025,7,Tuesday,False,Gujarat,Kheda,444,200,34,678,2,0.6548672566370715,0.2949852507374196,0.050147492625361334,18.941176470532525,3.6768800593389193,High Spike
2025-07-01,2025,7,Tuesday,False,Gujarat,Mahesana,779,269,66,1114,4,0.6992818671453591,0.2414721723518634,0.059245960502687676,15.87878787876382,6.313346467607156,High Spike
2025-07-01,2025,7,Tuesday,False,Gujarat,Morbi,1069,572,94,1735,5,0.6161383285302239,0.3296829971181366,0.05417867435158189,17.457446808492065,10.068497016998384,High Spike
2025-07-01,2025,7,Tuesday,False,Gujarat,Panch Mahals,640,393,80,1113,5,0.5750224618148629,0.35309973045818926,0.07187780772685787,12.91249999998386,6.3072995263037885,High Spike
2025-07-01,2025,7,Tuesday,False,Gujarat,Patan,1538,995,164,2697,9,0.5702632554690186,0.36892843900628963,0.06080830552465477,15.445121951210096,15.885654550837934,High Spike
2025-07-01,2025,7,Tuesday,False,Gujarat,Rajkot,1988,1141,172,3301,10,0.6022417449257618,0.3456528324749971,0.052105422599210784,18.191860465105705,19.538007098071915,High Spike
2025-07-01,2025,7,Tuesday,False,Gujarat,Sabar Kantha,951,670,122,1743,8,0.5456110154905023,0.3843947217440973,0.06999426276534308,13.286885245890748,10.116872547425324,High Spike
2025-07-01,2025,7,Tuesday,False,Gujarat,Surat,1186,652,78,1916,5,0.6189979123172954,0.34029227557409497,0.040709812108557376,23.564102564072353,11.162993392907904,High Spike
2025-07-01,2025,7,Tuesday,False,Gujarat,Surendranagar,563,343,59,965,3,0.5834196891191105,0.35544041450773517,0.06113989637305066,15.355932203363803,5.412352213405397,High Spike
2025-07-01,2025,7,Tuesday,False,Gujarat,Vadodara,496,216,54,766,3,0.6475195822453462,0.2819843342036185,0.07049608355090463,13.185185185160767,4.20901089403526,High Spike
2025-07-01,2025,7,Tuesday,False,Haryana,Faridabad,720,450,47,1217,3,0.5916187345932135,0.36976170912075845,0.03861955628594588,24.89361702122363,6.93618142185401,High Spike
2025-07-01,2025,7,Tuesday,False,Haryana,Gurugram,737,301,60,1098,4,0.6712204007285363,0.27413479052820816,0.05464480874316442,17.299999999971167,6.216595406753275,High Spike
2025-07-01,2025,7,Tuesday,False,Jharkhand,Dhanbad,534,450,34,1018,3,0.5245579567779445,0.44204322200388585,0.033398821218071376,28.941176470503112,5.732840102483875,High Spike
2025-07-01,2025,7,Tuesday,False,Jharkhand,East Singhbum,631,396,53,1080,4,0.5842592592592052,0.3666666666666327,0.04907407407406953,19.377358490529478,6.1077504632926605,High Spike
2025-07-01,2025,7,Tuesday,False,Jharkhand,Giridih,480,300,27,807,2,0.5947955390333836,0.3717472118958647,0.033457249070627824,28.888888888781896,4.456935487473329,High Spike
2025-07-01,2025,7,Tuesday,False,Jharkhand,Gumla,383,261,23,667,2,0.5742128935531373,0.39130434782602824,0.034482758620684485,27.999999999878263,3.6103637050018764,High Spike
2025-07-01,2025,7,Tuesday,False,Jharkhand,Ranchi,742,591,100,1433,6,0.5177948360083379,0.4124214933705225,0.0697836706210698,13.32999999998667,8.242320743381393,High Spike
2025-07-01,2025,7,Tuesday,False,Karnataka,Bengaluru Rural,927,417,90,1434,5,0.6464435146443064,0.2907949790794776,0.06276150627614625,14.93333333331674,8.24836768468476,High Spike
2025-07-01,2025,7,Tuesday,False,Karnataka,Bengaluru Urban,6054,3518,816,10388,45,0.582787832113972,0.33865999229880306,0.07855217558721526,11.730392156861306,62.3926801150375,High Spike
2025-07-01,2025,7,Tuesday,False,Madhya Pradesh,Alirajpur,498,424,57,979,3,0.508682328906996,0.4330949948927034,0.05822267620019834,16.17543859646285,5.497009391652542,High Spike
2025-07-01,2025,7,Tuesday,False,Madhya Pradesh,Ashoknagar,720,450,59,1229,3,0.5858421480878286,0.3661513425548929,0.048006509357197066,19.83050847454266,7.00874471749442,High Spike
2025-07-01,2025,7,Tuesday,False,Madhya Pradesh,Barwani,1809,1129,136,3074,8,0.5884840598568448,0.367273910214692,0.04424202992843057,21.602941176454706,18.16535142220749,High Spike
2025-07-01,2025,7,Tuesday,False,Madhya Pradesh,Betul,480,212,39,731,2,0.6566347469219348,0.2900136798905212,0.0533515731874072,17.743589743544245,3.9973679484173976,High Spike
2025-07-01,2025,7,Tuesday,False,Madhya Pradesh,Bhind,1721,1406,174,3301,11,0.5213571644955916,0.42593153589819976,0.05271129960617835,17.971264367805766,19.538007098071915,High Spike
2025-07-01,2025,7,Tuesday,False,Madhya Pradesh,Burhanpur,837,512,64,1413,4,0.5923566878980472,0.36234961075722844,0.045293701344653554,21.078124999967066,8.121381917314043,High Spike
2025-07-01,2025,7,Tuesday,False,Madhya Pradesh,Chhatarpur,1428,1050,104,2582,7,0.5530596436870429,0.40666150271106094,0.04027885360185746,23.826923076900165,15.19025630095067,High Spike
2025-07-01,2025,7,Tuesday,False,Madhya Pradesh,Gwalior,1458,972,114,2544,7,0.5731132075471472,0.3820754716980982,0.044811320754715216,21.31578947366551,14.960472531422704,High Spike
2025-07-01,2025,7,Tuesday,False,Madhya Pradesh,Indore,1200,738,73,2011,5,0.5967180507210046,0.36698160119341783,0.03630034808552778,26.547945205443085,11.737452816727819,High Spike
2025-07-01,2025,7,Tuesday,False,Madhya Pradesh,Jhabua,480,300,40,820,2,0.5853658536584652,0.3658536585365407,0.0487804878048721,19.49999999995125,4.535545724417107,High Spike
2025-07-01,2025,7,Tuesday,False,Madhya Pradesh,Khargone,1879,1106,143,3128,9,0.6007033248081649,0.35358056265983523,0.04571611253196785,20.87412587411128,18.491886252589335,High Spike
2025-07-01,2025,7,Tuesday,False,Madhya Pradesh,Morena,1343,900,112,2355,6,0.5702760084925448,0.38216560509552516,0.047558386411887574,20.026785714267834,13.817600625086245,High Spike
2025-07-01,2025,7,Tuesday,False,Madhya Pradesh,Sagar,788,314,51,1153,4,0.6834345186469485,0.2723330442324135,0.044232437120551235,21.607843137212534,6.549177178438489,High Spike
2025-07-01,2025,7,Tuesday,False,Madhya Pradesh,Sehore,480,282,26,788,2,0.6091370558374861,0.3578680203045231,0.03299492385786383,29.307692307579586,4.342043602709346,High Spike
2025-07-01,2025,7,Tuesday,False,Madhya Pradesh,Sheopur,480,300,27,807,2,0.5947955390333836,0.3717472118958647,0.033457249070627824,28.888888888781896,4.456935487473329,High Spike
2025-07-01,2025,7,Tuesday,False,Madhya Pradesh,Vidisha,480,300,40,820,2,0.5853658536584652,0.3658536585365407,0.0487804878048721,19.49999999995125,4.535545724417107,High Spike
2025-07-01,2025,7,Tuesday,False,Maharashtra,Beed,857,448,57,1362,4,0.6292217327459156,0.32892804698969685,0.041850220264314106,22.894736842065097,7.8129879108423,High Spike
2025-07-01,2025,7,Tuesday,False,Maharashtra,Buldhana,776,276,70,1122,4,0.6916221033867476,0.24598930481281228,0.062388591800350945,15.02857142854996,6.3617219980340955,High Spike
2025-07-01,2025,7,Tuesday,False,Maharashtra,Dhule,1087,720,89,1896,5,0.5733122362868895,0.37974683544301796,0.04694092827003972,20.303370786494042,11.042054566840553,High Spike
2025-07-01,2025,7,Tuesday,False,Maharashtra,Hingoli,1200,580,84,1864,5,0.6437768240343003,0.3111587982832451,0.04506437768240101,21.190476190450962,10.848552445132793,High Spike
2025-07-01,2025,7,Tuesday,False,Maharashtra,Jalgaon,641,280,42,963,3,0.6656282450674282,0.29075804776736336,0.0436137071651045,21.928571428519216,5.400258330798661,High Spike
2025-07-01,2025,7,Tuesday,False,Maharashtra,Mumbai,441,267,50,758,4,0.5817941952505828,0.35224274406327805,0.06596306068600713,14.15999999997168,4.16063536360832,High Spike
2025-07-01,2025,7,Tuesday,False,Maharashtra,Mumbai Suburban,2171,1222,195,3588,13,0.6050724637680991,0.34057971014491806,0.05434782608695501,17.399999999991078,21.27347925213839,High Spike
2025-07-01,2025,7,Tuesday,False,Maharashtra,Nagpur,720,225,37,982,3,0.7331975560080719,0.22912423625252248,0.0376782077393037,25.54054054047151,5.515150215562644,High Spike
2025-07-01,2025,7,Tuesday,False,Maharashtra,Nanded,956,462,46,1464,4,0.6530054644808297,0.3155737704917817,0.03142076502732026,30.826086956454724,8.429775923785787,High Spike
2025-07-01,2025,7,Tuesday,False,Maharashtra,Nandurbar,960,600,67,1627,4,0.5900430239704616,0.36877688998153846,0.04118008604793846,23.283582089517488,9.41542735623469,High Spike
2025-07-01,2025,7,Tuesday,False,Maharashtra,Nashik,1209,631,90,1930,6,0.6264248704662888,0.3269430051813302,0.04663212435232919,20.444444444421727,11.247650571155049,High Spike
2025-07-01,2025,7,Tuesday,False,Maharashtra,Palghar,480,277,26,783,2,0.6130268199232933,0.35376756066406717,0.033205619412511725,29.115384615272635,4.311808896192509,High Spike
2025-07-01,2025,7,Tuesday,False,Maharashtra,Pune,3323,1463,286,5072,20,0.6551656151419429,0.28844637223974195,0.056388012618295416,16.734265734259886,30.247140146335788,High Spike
2025-07-01,2025,7,Tuesday,False,Maharashtra,Sangli,788,535,48,1371,4,0.5747629467541521,0.3902261123267403,0.035010940919034644,27.562499999942577,7.867410382572608,High Spike
2025-07-01,2025,7,Tuesday,False,Maharashtra,Thane,1621,1037,115,2773,7,0.5845654525784139,0.3739632167327669,0.04147133068878321,23.113043478240773,16.345222089893866,High Spike
2025-07-01,2025,7,Tuesday,False,Maharashtra,Yavatmal,677,358,39,1074,3,0.6303538175045967,0.3333333333333023,0.03631284916200779,26.53846153839349,6.071468815472456,High Spike
2025-07-01,2025,7,Tuesday,False,Meghalaya,East Khasi Hills,756,2305,407,3468,21,0.2179930795847688,0.6646482122260478,0.11735870818915463,7.520884520882674,20.54784629573429,High Spike
2025-07-01,2025,7,Tuesday,False,Meghalaya,Ri Bhoi,318,518,80,916,4,0.3471615720523638,0.5655021834060517,0.08733624454147518,10.449999999986938,5.116052089540388,High Spike
2025-07-01,2025,7,Tuesday,False,Meghalaya,South West Garo Hills,370,227,40,637,2,0.5808477237047753,0.35635792778644326,0.06279434850862436,14.924999999962687,3.428955465900851,High Spike
2025-07-01,2025,7,Tuesday,False,Meghalaya,West Garo Hills,774,988,160,1922,8,0.40270551508842856,0.5140478668053843,0.08324661810613511,11.012499999993118,11.199275040728109,High Spike
2025-07-01,2025,7,Tuesday,False,Meghalaya,West Jaintia Hills,224,413,60,697,3,0.3213773314203269,0.5925394548062277,0.08608321377330184,10.616666666648971,3.791771944102902,High Spike
2025-07-01,2025,7,Tuesday,False,Meghalaya,West Khasi Hills,395,300,40,735,2,0.5374149659863214,0.4081632653060669,0.05442176870747559,17.37499999995656,4.0215557136308675,High Spike
2025-07-01,2025,7,Tuesday,False,Nagaland,Dimapur,246,347,42,635,3,0.38740157480308857,0.5464566929132997,0.06614173228345414,14.119047619014001,3.416861583294116,High Spike
2025-07-01,2025,7,Tuesday,False,Nagaland,Mon,258,300,40,598,2,0.43143812709022883,0.5016722408025917,0.06688963210701222,13.949999999965124,3.1931247550695177,High Spike
2025-07-01,2025,7,Tuesday,False,Punjab,Ludhiana,1461,924,156,2541,9,0.5749704840613705,0.3636363636363493,0.061393152302240794,15.28846153845174,14.942331707512603,High Spike
2025-07-01,2025,7,Tuesday,False,Rajasthan,Alwar,480,300,39,819,2,0.5860805860805145,0.36630036630032153,0.0476190476190418,19.999999999948717,4.5294987831137385,High Spike
2025-07-01,2025,7,Tuesday,False,Rajasthan,Bharatpur,480,300,21,801,2,0.5992509363295132,0.37453183520594574,0.026217228464416202,37.14285714268028,4.420653839653124,High Spike
2025-07-01,2025,7,Tuesday,False,Rajasthan,Bhilwara,419,276,22,717,2,0.5843793584378543,0.3849372384936701,0.030683403068336026,31.5909090907655,3.912710770170252,High Spike
2025-07-01,2025,7,Tuesday,False,Rajasthan,Chittorgarh,690,450,40,1180,3,0.5847457627118148,0.3813559322033575,0.03389830508474289,28.49999999992875,6.712444593629412,High Spike
2025-07-01,2025,7,Tuesday,False,Rajasthan,Churu,720,450,41,1211,3,0.5945499587117593,0.37159372419484954,0.03385631709330852,28.536585365784056,6.899899774033805,High Spike
2025-07-01,2025,7,Tuesday,False,Rajasthan,Jaipur,1440,868,84,2392,6,0.6020066889631855,0.36287625418058683,0.035117056856185824,27.476190476157765,14.041337453310842,High Spike
2025-07-01,2025,7,Tuesday,False,Rajasthan,Jodhpur,519,325,40,884,3,0.5871040723981236,0.3676470588234878,0.04524886877827542,21.09999999994725,4.922549967832627,High Spike
2025-07-01,2025,7,Tuesday,False,Rajasthan,Sirohi,652,450,54,1156,3,0.5640138408304011,0.3892733564013504,0.046712802768162046,20.407407407369615,6.567318002348592,High Spike
2025-07-01,2025,7,Tuesday,False,Telangana,Bhadradri Kothagudem,480,109,23,612,2,0.7843137254900678,0.17810457516336958,0.037581699346399086,25.608695652062572,3.277781933316663,High Spike
2025-07-01,2025,7,Tuesday,False,Telangana,Hyderabad,2710,1428,225,4363,15,0.6211322484528852,0.3272977309190849,0.05157002062800707,18.391111111102937,25.95985876224822,High Spike
2025-07-01,2025,7,Tuesday,False,Uttar Pradesh,Agra,1072,750,75,1897,5,0.5651027938850519,0.3953610964680867,0.03953610964680867,24.293333333300943,11.04810150814392,High Spike
2025-07-01,2025,7,Tuesday,False,Uttar Pradesh,Aligarh,1247,900,90,2237,6,0.5574430040232204,0.40232454179703164,0.04023245417970316,23.855555555529047,13.104061551288877,High Spike
2025-07-01,2025,7,Tuesday,False,Uttar Pradesh,Azamgarh,995,900,77,1972,6,0.504563894523301,0.45638945233263406,0.039046653144014246,24.610389610357647,11.501622105896486,High Spike
2025-07-01,2025,7,Tuesday,False,Uttar Pradesh,Bahraich,2853,2250,245,5348,15,0.5334704562453154,0.42071802543005943,0.045811518324606476,20.828571428562928,31.916095946065223,High Spike
2025-07-01,2025,7,Tuesday,False,Uttar Pradesh,Balrampur,479,450,45,974,3,0.49178644763855317,0.46201232032849465,0.04620123203284946,20.644444444398566,5.466774685135704,High Spike
2025-07-01,2025,7,Tuesday,False,Uttar Pradesh,Barabanki,643,400,49,1092,3,0.5888278388277849,0.36630036630033275,0.044871794871790764,21.285714285670846,6.180313758933071,High Spike
2025-07-01,2025,7,Tuesday,False,Uttar Pradesh,Bareilly,720,450,45,1215,3,0.5925925925925438,0.3703703703703399,0.03703703703703399,25.999999999942222,6.9240875392472745,High Spike
2025-07-01,2025,7,Tuesday,False,Uttar Pradesh,Budaun,720,450,49,1219,3,0.5906480721902715,0.36915504511891967,0.040196882690726805,23.877551020359434,6.948275304460745,High Spike
2025-07-01,2025,7,Tuesday,False,Uttar Pradesh,Chandauli,480,300,30,810,2,0.5925925925925194,0.3703703703703246,0.03703703703703246,25.999999999913335,4.4750763113834315,High Spike
2025-07-01,2025,7,Tuesday,False,Uttar Pradesh,Etah,874,584,48,1506,4,0.5803452855245298,0.3877822045152465,0.031872509960157246,30.37499999993672,8.683747458527222,High Spike
2025-07-01,2025,7,Tuesday,False,Uttar Pradesh,Fatehpur,1016,730,66,1812,5,0.5607064017659734,0.4028697571743707,0.036423841059600635,26.45454545450537,10.534111497357681,High Spike
2025-07-01,2025,7,Tuesday,False,Uttar Pradesh,Gautam Buddha Nagar,672,450,60,1182,3,0.5685279187816777,0.38071065989844494,0.05076142131979266,18.69999999996883,6.724538476236146,High Spike
2025-07-01,2025,7,Tuesday,False,Uttar Pradesh,Ghaziabad,720,450,47,1217,3,0.5916187345932135,0.36976170912075845,0.03861955628594588,24.89361702122363,6.93618142185401,High Spike
2025-07-01,2025,7,Tuesday,False,Uttar Pradesh,Gonda,1050,900,92,2042,6,0.5142017629774479,0.4407443682663839,0.04505386875611924,21.195652173890004,11.92490799713221,High Spike
2025-07-01,2025,7,Tuesday,False,Uttar Pradesh,Gorakhpur,1174,1050,108,2332,7,0.5034305317323969,0.4502572898799121,0.0463121783876481,20.592592592573524,13.67852097510879,High Spike
2025-07-01,2025,7,Tuesday,False,Uttar Pradesh,Hardoi,1200,750,75,2025,5,0.5925925925925634,0.3703703703703521,0.03703703703703521,25.999999999965333,11.822109994974964,High Spike
2025-07-01,2025,7,Tuesday,False,Uttar Pradesh,Jaunpur,262,300,31,593,2,0.44182124789199967,0.5059021922427477,0.05227655986508393,18.129032258006035,3.16289004855268,High Spike
2025-07-01,2025,7,Tuesday,False,Uttar Pradesh,Kannauj,378,300,29,707,2,0.534653465346459,0.42432814710036426,0.04101838755303521,23.37931034474697,3.852241357136577,High Spike
2025-07-01,2025,7,Tuesday,False,Uttar Pradesh,Kanpur Dehat,734,600,48,1382,4,0.5311143270621902,0.43415340086827536,0.03473227206946203,27.791666666608766,7.93392673690965,High Spike
2025-07-01,2025,7,Tuesday,False,Uttar Pradesh,Kanpur Nagar,801,750,74,1625,5,0.4929230769230466,0.46153846153843314,0.04553846153845874,20.959459459431134,9.403333473627956,High Spike
2025-07-01,2025,7,Tuesday,False,Uttar Pradesh,Kasganj,480,300,33,813,2,0.590405904058968,0.36900369003685496,0.04059040590405404,23.63636363629201,4.493217135293534,High Spike
2025-07-01,2025,7,Tuesday,False,Uttar Pradesh,Kaushambi,411,300,21,732,2,0.5614754098359889,0.4098360655737145,0.028688524590160015,33.85714285698164,4.003414889720765,High Spike
2025-07-01,2025,7,Tuesday,False,Uttar Pradesh,Kheri,1325,1007,98,2430,7,0.5452674897119117,0.4144032921810529,0.040329218106994226,23.795918367322656,14.271121222838808,High Spike
2025-07-01,2025,7,Tuesday,False,Uttar Pradesh,Lucknow,988,829,88,1905,6,0.5186351706036473,0.4351706036745178,0.04619422572178235,20.647727272703808,11.09647703857086,High Spike
2025-07-01,2025,7,Tuesday,False,Uttar Pradesh,Maharajganj,1122,900,89,2111,6,0.5315016579819739,0.4263382283277865,0.04216011369019222,22.719101123569978,12.34214694706457,High Spike
2025-07-01,2025,7,Tuesday,False,Uttar Pradesh,Mainpuri,604,450,41,1095,3,0.5515981735159313,0.4109589041095515,0.0374429223744258,25.70731707310803,6.198454582843173,High Spike
2025-07-01,2025,7,Tuesday,False,Uttar Pradesh,Meerut,808,595,60,1463,4,0.5522898154476724,0.40669856459327364,0.04101161995898558,23.38333333329436,8.42372898248242,High Spike
2025-07-01,2025,7,Tuesday,False,Uttar Pradesh,Muzaffarnagar,480,300,31,811,2,0.5918618988901859,0.3699136868063662,0.03822441430332451,25.161290322499482,4.481123252686799,High Spike
2025-07-01,2025,7,Tuesday,False,Uttar Pradesh,Pilibhit,480,300,36,816,2,0.5882352941175749,0.36764705882348436,0.04411764705881812,21.66666666660648,4.511357959203637,High Spike
2025-07-01,2025,7,Tuesday,False,Uttar Pradesh,Prayagraj,469,300,23,792,2,0.5921717171716424,0.37878787878783093,0.029040404040400373,33.434782608550286,4.366231367922816,High Spike
2025-07-01,2025,7,Tuesday,False,Uttar Pradesh,Rampur,1200,750,80,2030,5,0.5911330049260792,0.3694581280787995,0.03940886699507195,24.374999999969532,11.8523447014918,High Spike
2025-07-01,2025,7,Tuesday,False,Uttar Pradesh,Shahjahanpur,1440,900,90,2430,6,0.5925925925925682,0.37037037037035514,0.037037037037035515,25.99999999997111,14.271121222838808,High Spike
2025-07-01,2025,7,Tuesday,False,Uttar Pradesh,Shravasti,356,300,40,696,2,0.5114942528734897,0.4310344827585587,0.057471264367807834,16.399999999959,3.7857250027995346,High Spike
2025-07-01,2025,7,Tuesday,False,Uttar Pradesh,Siddharth Nagar,1182,750,89,2021,5,0.5848589807025936,0.3711034141513918,0.044037605145965164,21.707865168514935,11.797922229761493,High Spike
2025-07-01,2025,7,Tuesday,False,Uttar Pradesh,Sitapur,1920,1200,145,3265,8,0.5880551301684352,0.36753445635527204,0.04441041347626204,21.517241379295506,19.320317211150684,High Spike
2025-07-01,2025,7,Tuesday,False,Uttar Pradesh,Sultanpur,383,300,31,714,2,0.5364145658262554,0.42016806722683187,0.043417366946772624,22.03225806444506,3.8945699462601495,High Spike
2025-07-01,2025,7,Tuesday,False,Uttar Pradesh,Unnao,720,450,45,1215,3,0.5925925925925438,0.3703703703703399,0.03703703703703399,25.999999999942222,6.9240875392472745,High Spike
2025-07-01,2025,7,Tuesday,False,Uttar Pradesh,Varanasi,1934,1515,178,3627,11,0.5332230493520669,0.41770057899089,0.04907637165701546,19.376404494371137,21.509309962969724,High Spike
2025-07-01,2025,7,Tuesday,False,West Bengal,24 Paraganas North,2043,1521,345,3909,23,0.5226400613967633,0.3891020721412026,0.08825786646200849,10.330434782605701,23.214547410519366,High Spike
2025-07-01,2025,7,Tuesday,False,West Bengal,Alipurduar,646,791,117,1554,8,0.41570141570138897,0.5090090090089763,0.07528957528957045,12.282051282040785,8.974000641088862,High Spike
2025-07-01,2025,7,Tuesday,False,West Bengal,Birbhum,397,159,31,587,2,0.6763202725722868,0.27086882453147004,0.05281090289607277,17.935483870909888,3.1266084007324753,High Spike
2025-07-01,2025,7,Tuesday,False,West Bengal,Coochbehar,1494,1006,115,2615,8,0.5713193116634581,0.3847036328871746,0.0439770554493291,21.739130434763705,15.389805363961798,High Spike
2025-07-01,2025,7,Tuesday,False,West Bengal,Darjeeling,607,694,165,1466,10,0.41405184174622006,0.4733969986357112,0.11255115961800051,7.884848484843706,8.441869806392521,High Spike
2025-07-01,2025,7,Tuesday,False,West Bengal,Dinajpur Dakshin,480,252,34,766,2,0.626631853785819,0.3289817232375549,0.04438642297649551,21.52941176464256,4.20901089403526,High Spike
2025-07-01,2025,7,Tuesday,False,West Bengal,Dinajpur Uttar,1402,900,110,2412,6,0.5812603648424303,0.3731343283581935,0.045605306799334756,20.9272727272537,14.162276279378192,High Spike
2025-07-01,2025,7,Tuesday,False,West Bengal,Jalpaiguri,234,344,61,639,4,0.3661971830985342,0.5383411580593837,0.09546165884192559,9.47540983605004,3.441049348507586,High Spike
2025-07-01,2025,7,Tuesday,False,West Bengal,Kolkata,277,400,85,762,5,0.36351706036740633,0.5249343832020308,0.11154855643043154,7.964705882343571,4.18482312882179,High Spike
2025-07-01,2025,7,Tuesday,False,West Bengal,Nadia,1238,556,155,1949,10,0.6351975371985308,0.28527449974344354,0.07952796305797437,11.57419354837963,11.362542455919032,High Spike
2025-09-01,2025,9,Monday,False,West Bengal,Murshidabad,538,58,0,596,60,0.9026845637582377,0.0973154362415944,0.0,5960000000000.0,3.1810308724627827,High Spike
2025-09-02,2025,9,Tuesday,False,West Bengal,Murshidabad,559,69,1,629,64,0.8887122416532768,0.10969793322732754,0.001589825119236631,627.9999999372,3.380579935473911,High Spike
2025-09-03,2025,9,Wednesday,False,West Bengal,Murshidabad,557,84,0,641,63,0.868954758190192,0.13104524180965194,0.0,6410000000000.0,3.453143231114321,High Spike
2025-09-04,2025,9,Thursday,False,West Bengal,Murshidabad,503,91,2,596,64,0.8439597315434825,0.15268456375836365,0.0033557046979860138,296.99999998515,3.1810308724627827,High Spike
2025-09-05,2025,9,Friday,False,West Bengal,Murshidabad,706,56,0,762,62,0.9265091863515844,0.07349081364828432,0.0,7620000000000.0,4.18482312882179,High Spike
2025-09-06,2025,9,Saturday,True,West Bengal,Murshidabad,679,86,0,765,67,0.8875816993462892,0.11241830065358006,0.0,7650000000000.0,4.202963952731893,High Spike
2025-09-06,2025,9,Saturday,True,West Bengal,North 24 Parganas,457,104,18,579,100,0.7892918825559949,0.17962003454228329,0.031088082901549033,31.166666666493523,3.0782328703055346,High Spike
2025-09-08,2025,9,Monday,False,West Bengal,Murshidabad,594,74,0,668,68,0.8892215568860944,0.11077844311375587,0.0,6680000000000.0,3.616410646305244,High Spike
2025-09-09,2025,9,Tuesday,False,Rajasthan,Jaipur,426,145,2,573,72,0.7434554973820692,0.25305410122159633,0.003490401396159949,285.499999985725,3.0419512224853293,High Spike
2025-09-09,2025,9,Tuesday,False,West Bengal,Murshidabad,670,99,0,769,71,0.8712613784134107,0.12873862158645918,0.0,7690000000000.0,4.227151717945363,High Spike
2025-09-10,2025,9,Wednesday,False,West Bengal,Murshidabad,645,60,0,705,68,0.9148936170211468,0.08510638297871133,0.0,7050000000000.0,3.840147474529842,High Spike
2025-09-11,2025,9,Thursday,False,West Bengal,Murshidabad,548,73,2,623,62,0.8796147672550755,0.11717495987157027,0.003210272873193706,310.499999984475,3.3442982876537055,High Spike
2025-09-12,2025,9,Friday,False,West Bengal,Murshidabad,567,48,0,615,62,0.9219512195120452,0.07804878048779218,0.0,6150000000000.0,3.2959227572267658,High Spike
2025-10-13,2025,10,Monday,False,West Bengal,Murshidabad,624,83,0,707,67,0.8826025459687578,0.11739745403110079,0.0,7070000000000.0,3.852241357136577,High Spike
2025-10-17,2025,10,Friday,False,Bihar,Araria,521,209,3,733,14,0.7107776261936274,0.2851296043655818,0.004092769440654284,243.3333333252222,4.009461831024132,High Spike
2025-10-17,2025,10,Friday,False,Bihar,Gaya,178,379,26,583,31,0.3053173241851963,0.6500857632931989,0.04459691252143317,21.42307692299453,3.102420635519005,High Spike
2025-10-17,2025,10,Friday,False,Bihar,Madhubani,388,258,4,650,38,0.5969230769229851,0.3969230769230158,0.006153846153845207,161.4999999959625,3.5075657028446288,High Spike
2025-10-17,2025,10,Friday,False,Bihar,Purnia,424,206,2,632,15,0.6708860759492609,0.325949367088556,0.0031645569620248155,314.99999998425,3.3987207593840134,High Spike
2025-10-17,2025,10,Friday,False,Bihar,Samastipur,375,207,0,582,36,0.6443298969071057,0.35567010309272235,0.0,5820000000000.0,3.0963736942156377,High Spike
2025-10-17,2025,10,Friday,False,Bihar,Saran,306,365,2,673,49,0.4546805349182088,0.5423476968795627,0.002971768202079796,335.499999983225,3.6466453528220817,High Spike
2025-10-17,2025,10,Friday,False,Bihar,Vaishali,329,286,1,616,30,0.5340909090908224,0.46428571428563886,0.0016233766233763598,614.9999999385,3.301969698530133,High Spike
2025-10-17,2025,10,Friday,False,Maharashtra,Pune,500,120,1,621,97,0.8051529790658928,0.19323671497581427,0.0016103059581317857,619.999999938,3.3322044050469706,High Spike
2025-10-17,2025,10,Friday,False,West Bengal,Murshidabad,972,116,0,1088,78,0.8933823529410944,0.10661764705881373,0.0,10880000000000.0,6.156125993719601,High Spike
2025-10-17,2025,10,Friday,False,West Bengal,South 24 Parganas,713,232,0,945,62,0.7544973544972746,0.24550264550261952,0.0,9450000000000.0,5.2914133873380464,High Spike
2025-10-18,2025,10,Saturday,True,West Bengal,Murshidabad,510,76,0,586,67,0.8703071672353463,0.12969283276448298,0.0,5860000000000.0,3.1205614594291076,High Spike
2025-10-19,2025,10,Sunday,True,West Bengal,Murshidabad,674,75,0,749,72,0.8998664886514152,0.10013351134845125,0.0,7490000000000.0,4.1062128918780125,High Spike
2025-10-19,2025,10,Sunday,True,West Bengal,South 24 Parganas,557,130,0,687,58,0.8107714701599984,0.189228529839856,0.0,6870000000000.0,3.7313025310692267,High Spike
2025-10-30,2025,10,Thursday,False,Madhya Pradesh,Indore,452,111,10,573,28,0.7888307155321485,0.19371727748687717,0.017452006980799746,56.299999999437,3.0419512224853293,High Spike
2025-10-30,2025,10,Thursday,False,Maharashtra,Pune,698,164,48,910,124,0.7670329670328827,0.1802197802197604,0.052747252747246946,17.95833333329592,5.079770441720183,High Spike
2025-10-30,2025,10,Thursday,False,Maharashtra,Thane,604,208,2,814,61,0.7420147420146508,0.2555282555282241,0.002457002457002155,405.9999999797,4.499264076596901,High Spike
2025-10-30,2025,10,Thursday,False,Rajasthan,Alwar,391,205,6,602,46,0.6495016611294602,0.3405315614617374,0.009966777408636218,99.33333333167778,3.217312520282988,High Spike
2025-10-30,2025,10,Thursday,False,Rajasthan,Jaipur,386,260,1,647,76,0.5965996908808969,0.40185471406485285,0.001545595054095588,645.9999999354,3.489424878934526,High Spike
2025-10-30,2025,10,Thursday,False,Uttar Pradesh,Lucknow,392,273,3,668,37,0.5868263473053014,0.4086826347304777,0.004491017964071184,221.66666665927778,3.616410646305244,High Spike
2025-10-30,2025,10,Thursday,False,West Bengal,Murshidabad,1001,147,0,1148,68,0.8719512195121192,0.12804878048779372,0.0,11480000000000.0,6.518942471921651,High Spike
2025-10-30,2025,10,Thursday,False,West Bengal,North 24 Parganas,551,152,3,706,112,0.7804532577902576,0.21529745042489867,0.004249291784701947,234.33333332552223,3.8461944158332098,High Spike
2025-10-30,2025,10,Thursday,False,West Bengal,South 24 Parganas,826,195,1,1022,61,0.8082191780821126,0.19080234833657622,0.0009784735812132116,1020.9999998979,5.757027867697345,High Spike
2025-10-30,2025,10,Thursday,False,West Bengal,Uttar Dinajpur,509,212,0,721,18,0.7059639389735497,0.29403606102631147,0.0,7210000000000.0,3.9368985353837225,High Spike
2025-11-02,2025,11,Sunday,True,Maharashtra,Pune,648,135,1,784,116,0.8265306122447925,0.17219387755099844,0.00127551020408147,782.9999999217,4.317855837495876,High Spike
2025-11-02,2025,11,Sunday,True,Maharashtra,Thane,626,236,1,863,60,0.7253765932791744,0.2734646581691456,0.0011587485515641763,861.9999999138,4.79556420046191,High Spike
2025-11-02,2025,11,Sunday,True,Rajasthan,Jaipur,393,188,1,582,72,0.6752577319586468,0.3230240549827623,0.0017182130584189486,580.9999999419,3.0963736942156377,High Spike
2025-11-02,2025,11,Sunday,True,Uttar Pradesh,Lucknow,354,252,4,610,48,0.5803278688523639,0.4131147540982929,0.006557377049179252,151.4999999962125,3.265688050709928,High Spike
2025-11-02,2025,11,Sunday,True,West Bengal,Murshidabad,717,112,1,830,57,0.8638554216866429,0.13493975903612832,0.0012048192771082886,828.9999999171,4.596015137450782,High Spike
2025-11-02,2025,11,Sunday,True,West Bengal,North 24 Parganas,601,96,2,699,90,0.8597997138768441,0.13733905579397176,0.0028612303290410784,348.499999982575,3.803865826709637,High Spike
2025-11-02,2025,11,Sunday,True,West Bengal,South 24 Parganas,710,174,0,884,44,0.8031674208143887,0.1968325791854981,0.0,8840000000000.0,4.922549967832627,High Spike
2025-11-05,2025,11,Wednesday,False,West Bengal,Murshidabad,681,81,0,762,71,0.8937007874014574,0.10629921259841124,0.0,7620000000000.0,4.18482312882179,High Spike
2025-11-10,2025,11,Monday,False,West Bengal,Murshidabad,580,76,0,656,64,0.8841463414632798,0.11585365853656769,0.0,6560000000000.0,3.5438473506648336,High Spike
2025-11-10,2025,11,Monday,False,West Bengal,South 24 Parganas,441,139,0,580,58,0.7603448275860758,0.23965517241375175,0.0,5800000000000.0,3.0842798116089023,High Spike
2025-11-15,2025,11,Saturday,True,Gujarat,Surat,486,119,1,606,58,0.8019801980196696,0.19636963696366394,0.0016501650165013778,604.9999999395,3.241500285496458,High Spike
2025-11-15,2025,11,Saturday,True,Kerala,Malappuram,489,129,1,619,93,0.7899838449110194,0.20840064620352045,0.001615508885298608,617.9999999382,3.3201105224402356,High Spike
2025-11-15,2025,11,Saturday,True,Madhya Pradesh,Ujjain,528,49,1,578,21,0.9134948096884232,0.08477508650517564,0.0017301038062280743,576.9999999423,3.072185929002167,High Spike
2025-11-15,2025,11,Saturday,True,Maharashtra,Nashik,442,123,5,570,69,0.7754385964910919,0.21578947368417264,0.008771929824559864,112.99999999774,3.023810398575227,High Spike
2025-11-15,2025,11,Saturday,True,Maharashtra,Pune,621,111,10,742,115,0.8369272237195637,0.1495956873315162,0.013477088948785245,73.199999999268,4.06388430275444,High Spike
2025-11-15,2025,11,Saturday,True,Maharashtra,Thane,673,163,3,839,62,0.8021454112037184,0.19427890345647267,0.003575685339689681,278.6666666573778,4.65043760918109,High Spike
2025-11-18,2025,11,Tuesday,False,Maharashtra,Thane,464,152,2,618,58,0.7508090614885516,0.2459546925565945,0.003236245954692033,307.9999999846,3.314063581136868,High Spike
2025-11-19,2025,11,Wednesday,False,Maharashtra,Pune,564,101,111,776,119,0.7268041237112465,0.13015463917524095,0.14304123711338362,5.990990990985593,4.269480307068935,High Spike
2025-11-19,2025,11,Wednesday,False,Maharashtra,Thane,480,136,46,662,60,0.7250755287007967,0.20543806646522575,0.06948640483382636,13.391304347796975,3.580128998485039,High Spike
2025-11-19,2025,11,Wednesday,False,Rajasthan,Jaipur,464,151,8,623,57,0.7447833065809398,0.2423756019261248,0.012841091492774823,76.87499999903906,3.3442982876537055,High Spike
2025-11-19,2025,11,Wednesday,False,Uttar Pradesh,Bareilly,480,157,38,675,24,0.7111111111110057,0.23259259259255813,0.056296296296287955,16.76315789469273,3.6587392354288166,High Spike
2025-11-19,2025,11,Wednesday,False,Uttar Pradesh,Sitapur,413,211,3,627,20,0.6586921850078694,0.3365231259967565,0.0047846889952145475,207.99999999306667,3.368486052867176,High Spike
2025-11-19,2025,11,Wednesday,False,West Bengal,Murshidabad,647,67,0,714,61,0.9061624649858674,0.09383753501399246,0.0,7140000000000.0,3.8945699462601495,High Spike
2025-12-15,2025,12,Monday,False,Bihar,Begusarai,403,312,0,715,31,0.5636363636362848,0.4363636363635753,0.0,7150000000000.0,3.900616887563517,High Spike
2025-12-15,2025,12,Monday,False,Bihar,Darbhanga,444,244,0,688,33,0.6453488372092084,0.3546511627906461,0.0,6880000000000.0,3.7373494723725944,High Spike
2025-12-15,2025,12,Monday,False,Bihar,East Champaran,319,549,3,871,35,0.36624569460386147,0.6303099885188713,0.0034443168771523024,289.33333332368886,4.84393973088885,High Spike
2025-12-15,2025,12,Monday,False,Bihar,Gaya,212,526,1,739,24,0.2868741542624781,0.7117726657644503,0.0013531799729362174,737.9999999262,4.045743478844337,High Spike
2025-12-15,2025,12,Monday,False,Bihar,Madhubani,436,306,3,745,37,0.5852348993287805,0.41073825503350186,0.004026845637583352,247.3333333250889,4.082025126664543,High Spike
2025-12-15,2025,12,Monday,False,Bihar,Muzaffarpur,337,271,9,617,44,0.5461912479739796,0.4392220421393129,0.014586709886545446,67.55555555480494,3.3080166398335007,High Spike
2025-12-15,2025,12,Monday,False,Bihar,Patna,276,459,2,737,56,0.3744911804612789,0.6227951153323442,0.0027137042062411513,367.499999981625,4.033649596237603,High Spike
2025-12-15,2025,12,Monday,False,Bihar,Samastipur,541,396,1,938,37,0.5767590618336271,0.4221748400852428,0.0010660980810233405,936.9999999063,5.249084798214473,High Spike
2025-12-15,2025,12,Monday,False,Bihar,Saran,332,486,1,819,48,0.40537240537235586,0.5934065934065209,0.0012210012210010718,817.9999999182,4.5294987831137385,High Spike
2025-12-15,2025,12,Monday,False,Bihar,Sitamarhi,380,285,1,666,20,0.5705705705704849,0.42792792792786366,0.001501501501501276,664.9999999335,3.6043167636985087,High Spike
2025-12-15,2025,12,Monday,False,Bihar,Vaishali,363,345,1,709,32,0.5119887165020434,0.4866008462622727,0.0014104372355428193,707.9999999292,3.864335239743312,High Spike
2025-12-15,2025,12,Monday,False,Bihar,West Champaran,321,328,0,649,16,0.4946070878273506,0.5053929121724953,0.0,6490000000000.0,3.501518761541261,High Spike
2025-12-15,2025,12,Monday,False,Maharashtra,Ahmadnagar,502,75,2,579,80,0.8670120898098674,0.1295336787564543,0.003454231433505448,288.499999985575,3.0782328703055346,High Spike
2025-12-15,2025,12,Monday,False,Maharashtra,Pune,760,150,17,927,126,0.8198489751886925,0.16181229773461037,0.018338727076589175,53.52941176439101,5.182568443877431,High Spike
2025-12-15,2025,12,Monday,False,Maharashtra,Thane,794,193,26,1013,65,0.7838104639683332,0.19052319842051427,0.025666337611053733,37.96153846139246,5.702605395967037,High Spike
2025-12-15,2025,12,Monday,False,Rajasthan,Jaipur,404,303,7,714,72,0.5658263305321336,0.4243697478991002,0.009803921568626077,100.99999999855714,3.8945699462601495,High Spike
2025-12-15,2025,12,Monday,False,Rajasthan,Jodhpur,330,184,58,572,38,0.5769230769229761,0.32167832167826543,0.10139860139858366,8.862068965501962,3.035904281181962,High Spike
2025-12-15,2025,12,Monday,False,Uttar Pradesh,Agra,383,211,2,596,28,0.6426174496643217,0.35402684563752446,0.0033557046979860138,296.99999998515,3.1810308724627827,High Spike
2025-12-15,2025,12,Monday,False,Uttar Pradesh,Lucknow,353,322,2,677,45,0.5214180206793911,0.4756277695715693,0.002954209748891735,337.499999983125,3.6708331180355516,High Spike
2025-12-15,2025,12,Monday,False,West Bengal,Murshidabad,487,89,58,634,65,0.7681388012617084,0.1403785488958769,0.09148264984225686,9.931034482741499,3.4108146419907484,High Spike
2025-12-15,2025,12,Monday,False,West Bengal,North 24 Parganas,342,102,613,1057,125,0.3235572374644916,0.09649952696309398,0.5799432355723197,0.7243066884175,5.9686708133152075,High Spike
2025-12-15,2025,12,Monday,False,West Bengal,South 24 Parganas,382,113,130,625,60,0.6111999999999022,0.18079999999997107,0.2079999999999667,3.807692307689379,3.356392170260441,High Spike
2025-12-22,2025,12,Monday,False,Kerala,Malappuram,858,2,0,860,96,0.9976744186045351,0.0023255813953485666,0.0,8600000000000.0,4.777423376551807,High Spike
2025-12-22,2025,12,Monday,False,Madhya Pradesh,Indore,694,2,0,696,28,0.9971264367814658,0.0028735632183903917,0.0,6960000000000.0,3.7857250027995346,High Spike
2025-12-22,2025,12,Monday,False,Madhya Pradesh,Rajgarh,648,1,0,649,14,0.9984591679505395,0.001540832049306388,0.0,6490000000000.0,3.501518761541261,High Spike
2025-12-22,2025,12,Monday,False,Maharashtra,Ahmadnagar,735,0,0,735,68,0.9999999999998639,0.0,0.0,7350000000000.0,4.0215557136308675,High Spike
2025-12-22,2025,12,Monday,False,Maharashtra,Nashik,682,2,0,684,70,0.997076023391667,0.0029239766081867067,0.0,6840000000000.0,3.713161707159124,High Spike
2025-12-22,2025,12,Monday,False,Maharashtra,Pune,1016,2,0,1018,127,0.9980353634576622,0.0019646365422394925,0.0,10180000000000.0,5.732840102483875,High Spike
2025-12-22,2025,12,Monday,False,Maharashtra,Thane,790,1,0,791,56,0.9987357774967132,0.0012642225031603963,0.0,7910000000000.0,4.3601844266194485,High Spike
2025-12-25,2025,12,Thursday,False,Bihar,Gaya,60,502,10,572,28,0.10489510489508655,0.8776223776222242,0.017482517482514424,56.199999999438,3.035904281181962,High Spike
2025-12-29,2025,12,Monday,False,West Bengal,Birbhum,588,13,0,601,39,0.9783693843592381,0.021630615640595402,0.0,6010000000000.0,3.2112655789796203,High Spike
2025-12-29,2025,12,Monday,False,West Bengal,Murshidabad,1101,24,0,1125,78,0.9786666666665796,0.021333333333331435,0.0,11250000000000.0,6.379862821944198,High Spike
2025-12-29,2025,12,Monday,False,West Bengal,North 24 Parganas,838,36,8,882,78,0.9501133786846995,0.04081632653060761,0.00907029478457947,109.24999999863438,4.910456085225893,High Spike
2025-12-29,2025,12,Monday,False,West Bengal,South 24 Parganas,718,67,2,787,64,0.9123252858956908,0.08513341804319122,0.0025412960609907825,392.499999980375,4.335996661405979,High Spike
2025-12-31,2025,12,Wednesday,False,Bihar,Bhojpur,49,597,11,657,33,0.07458143074580295,0.9086757990866197,0.01674277016742515,58.727272726738846,3.5498942919682013,High Spike
2025-12-31,2025,12,Wednesday,False,Bihar,East Champaran,108,529,28,665,25,0.16240601503756955,0.7954887218043916,0.0421052631578884,22.749999999918753,3.5982698223951415,High Spike
2025-12-31,2025,12,Wednesday,False,Bihar,Gaya,92,567,14,673,19,0.1367013372956706,0.8424962852896222,0.020802377414558572,47.07142857109235,3.6466453528220817,High Spike
2025-12-31,2025,12,Wednesday,False,Bihar,Madhubani,150,417,19,586,34,0.2559726962456901,0.7116040955630184,0.032423208191120746,29.842105263000835,3.1205614594291076,High Spike
2025-12-31,2025,12,Wednesday,False,Bihar,Patna,77,573,12,662,45,0.11631419939575281,0.8655589123865761,0.01812688821751992,54.16666666621528,3.580128998485039,High Spike
2025-12-31,2025,12,Wednesday,False,Bihar,Samastipur,300,452,10,762,35,0.3937007874015231,0.5931758530182948,0.01312335958005077,75.199999999248,4.18482312882179,High Spike
2025-12-31,2025,12,Wednesday,False,Bihar,Saran,117,716,4,837,41,0.13978494623654242,0.8554360812424306,0.004778972520907434,208.24999999479374,4.638343726574354,High Spike
2025-12-31,2025,12,Wednesday,False,Bihar,Vaishali,156,406,7,569,27,0.2741652021089149,0.7135325131808938,0.012302284710015411,80.28571428456735,3.0177634572718595,High Spike
2025-12-31,2025,12,Wednesday,False,Madhya Pradesh,Chhatarpur,465,213,2,680,20,0.6838235294116641,0.313235294117601,0.0029411764705878024,338.99999998305,3.688973941945654,High Spike
2025-12-31,2025,12,Wednesday,False,Maharashtra,Pune,395,239,8,642,112,0.6152647975076923,0.37227414330212266,0.012461059190029211,79.24999999900938,3.4591901724176886,High Spike
2025-12-31,2025,12,Wednesday,False,Maharashtra,Thane,325,261,18,604,54,0.5380794701985864,0.4321192052979417,0.02980132450330632,32.555555555374696,3.229406402889723,High Spike
2025-12-31,2025,12,Wednesday,False,Rajasthan,Alwar,233,327,11,571,45,0.4080560420314521,0.5726795096321239,0.019264448336248814,50.9090909086281,3.0298573398785944,High Spike
2025-12-31,2025,12,Wednesday,False,Rajasthan,Barmer,262,340,11,613,26,0.4274061990211374,0.5546492659052928,0.017944535073406532,54.727272726775205,3.2838288746200304,High Spike
2025-12-31,2025,12,Wednesday,False,Rajasthan,Jaipur,522,509,15,1046,75,0.4990439770554016,0.48661567877624406,0.014340344168258667,68.7333333328751,5.902154458978165,High Spike
2025-12-31,2025,12,Wednesday,False,Rajasthan,Jodhpur,279,354,9,642,41,0.4345794392522687,0.5514018691587925,0.014018691588782863,70.33333333255185,3.4591901724176886,High Spike
2025-12-31,2025,12,Wednesday,False,Rajasthan,Nagaur,268,308,4,580,46,0.4620689655171617,0.531034482758529,0.006896551724136742,143.9999999964,3.0842798116089023,High Spike
2025-12-31,2025,12,Wednesday,False,Uttar Pradesh,Agra,237,356,15,608,29,0.38980263157888323,0.5855263157893773,0.02467105263157489,39.53333333306978,3.253594168103193,High Spike
2025-12-31,2025,12,Wednesday,False,Uttar Pradesh,Bareilly,296,305,21,622,24,0.4758842443729138,0.49035369774911725,0.033762057877808074,28.619047618911342,3.3382513463503383,High Spike
2025-12-31,2025,12,Wednesday,False,Uttar Pradesh,Lucknow,180,520,11,711,49,0.2531645569619897,0.7313642756679702,0.01547116736989937,63.63636363578512,3.8764291223500473,High Spike
2025-12-31,2025,12,Wednesday,False,Uttar Pradesh,Sitapur,258,348,18,624,25,0.41346153846147216,0.5576923076922182,0.028846153846149223,33.666666666479635,3.350345228957073,High Spike
2025-12-31,2025,12,Wednesday,False,West Bengal,South 24 Parganas,269,300,7,576,55,0.4670138888888078,0.5208333333332429,0.012152777777775667,81.28571428455307,3.060092046395432,High Spike
