state,district,intensity_std,intensity_mean,observation_count,cv,trend_score
Andaman And Nicobar Islands,Andamans,0.7002053729253094,0.12359550561797752,178,5.665298017304776,-0.0013958501120829336
Andaman And Nicobar Islands,Nicobar,1.248380409737518,0.2553191489361702,141,4.889489938138612,0.001111991095509226
Andaman And Nicobar Islands,Nicobars,0.0,0.0,6,0.0,0.0
Andaman And Nicobar Islands,North And Middle Andaman,0.5561139375117784,0.11181972789115646,196,4.973307912652863,0.0007361202973965843
Andaman And Nicobar Islands,South Andaman,0.5033779092809996,0.06296296296296296,216,7.994825617992347,0.0005078650615034714
Andhra Pradesh,Adilabad,0.05109201984397557,0.0045351473922902496,245,11.265790375596614,-7.761067908437529e-05
Andhra Pradesh,Alluri Sitharama Raju,0.22923176336846773,0.024122432724583264,243,9.502846001715936,-0.00016980658936975162
Andhra Pradesh,Anakapalli,0.10573543781785988,0.009528200399569694,241,11.097104740013133,-8.376230556539876e-05
Andhra Pradesh,Anantapur,0.0,0.0,251,0.0,0.0
Andhra Pradesh,Ananthapur,0.0,0.0,250,0.0,0.0
Andhra Pradesh,Ananthapuramu,0.237340288614939,0.02096273291925466,253,11.322010805038571,0.0001858225161154686
Andhra Pradesh,Annamayya,0.18599912083320108,0.020158730158730157,240,9.226728041332024,-7.440605367652712e-05
Andhra Pradesh,Bapatla,0.05377548957181632,0.003442622950819672,244,15.620499351813313,6.141035649232371e-05
Andhra Pradesh,Chittoor,0.0,0.0,256,0.0,0.0
Andhra Pradesh,Cuddapah,0.30289150434570167,0.02400888615210327,253,12.615808264773133,-0.00020303095397187145
Andhra Pradesh,Dr. B. R. Ambedkar Konaseema,0.0,0.0,246,0.0,0.0
Andhra Pradesh,East Godavari,0.0,0.0,260,0.0,0.0
Andhra Pradesh,Eluru,0.18036385539223268,0.011618257261410787,241,15.52417469626003,-9.361818867665725e-05
Andhra Pradesh,Guntur,0.24841101694915257,0.015525688559322034,256,16.000000000000004,6.680772371601154e-05
Andhra Pradesh,Hyderabad,0.1874212747142426,0.015314585618516185,251,12.238089843426117,6.596299046303974e-05
Andhra Pradesh,K.V. Rangareddy,0.23767625706745654,0.043478260869565216,138,5.4665539125515,-0.0004338008488797664
Andhra Pradesh,K.V.Rangareddy,0.28910267129187256,0.053763440860215055,186,5.37730968602883,-9.697467002969808e-05
Andhra Pradesh,Kakinada,0.10605439285597713,0.009485094850948509,246,11.18116313253016,-0.00012803383425059566
Andhra Pradesh,Karim Nagar,0.16020725319498905,0.015463917525773196,194,10.360069039942625,-0.00030159467155354105
Andhra Pradesh,Karimnagar,0.03194382824999699,0.0020408163265306124,245,15.652475842498523,-3.998400639744104e-05
Andhra Pradesh,Khammam,0.22366373486421287,0.014231382652435284,247,15.716233645501717,-0.0002715271670507912
Andhra Pradesh,Krishna,0.0,0.0,258,0.0,0.0
Andhra Pradesh,Kurnool,0.4211668727124291,0.04594556470652321,252,9.166649172833718,-0.0005151593463454145
Andhra Pradesh,Mahabub Nagar,0.06350006350009524,0.004032258064516129,248,15.748015748023619,-7.828099652101939e-05
Andhra Pradesh,Mahabubnagar,0.2039809504438895,0.043010752688172046,93,4.742557097820431,-0.0018799797081555287
Andhra Pradesh,Mahbubnagar,0.0,0.0,240,0.0,0.0
Andhra Pradesh,Medak,0.17776053605105882,0.016347638159925904,237,10.873774811508584,2.2555057889006624e-05
Andhra Pradesh,N. T. R,0.2749337825642808,0.0319334358442853,246,8.60958976994898,-0.0001709427820964024
Andhra Pradesh,Nalgonda,0.0,0.0,245,0.0,0.0
Andhra Pradesh,Nandyal,0.13835603628786503,0.014710187353629977,244,9.405457113618844,-0.00012776860245355842
Andhra Pradesh,Nellore,0.0,0.0,252,0.0,0.0
Andhra Pradesh,Nizamabad,0.0,0.0,233,0.0,0.0
Andhra Pradesh,Palnadu,0.04885526673528952,0.00312124849939976,245,15.652475842498527,7.48800119808019e-05
Andhra Pradesh,Parvathipuram Manyam,0.3943457006767786,0.0315625,240,12.494121209561301,-0.000304399815969027
Andhra Pradesh,Prakasam,0.17132339728507168,0.010835443037974683,250,15.811388300841896,-0.00024445150616080725
Andhra Pradesh,Rangareddi,0.0,0.0,249,0.0,0.0
Andhra Pradesh,Spsr Nellore,0.0,0.0,3,0.0,0.0
Andhra Pradesh,Sri Potti Sriramulu Nellore,0.10452975083553914,0.009300359332065102,249,11.239323890975811,-6.811626812854137e-05
Andhra Pradesh,Sri Sathya Sai,0.09277895693035325,0.009983234263069655,243,9.293476891909124,8.838608404393758e-05
Andhra Pradesh,Srikakulam,0.30941209310069095,0.019491129785247432,252,15.874507866387546,0.0004217251519602221
Andhra Pradesh,Tirupati,0.147913345049745,0.015682723650851143,251,9.431610754788588,-0.0001703040651247823
Andhra Pradesh,Visakhapatanam,,0.0,1,0.0,0.0
Andhra Pradesh,Visakhapatnam,0.6131021142825303,0.06587252667260417,252,9.30740242179771,-2.8033036742128865e-05
Andhra Pradesh,Vizianagaram,0.0,0.0,256,0.0,0.0
Andhra Pradesh,Warangal,0.0,0.0,252,0.0,0.0
Andhra Pradesh,West Godavari,0.0793972478779311,0.004933504933504933,259,16.093476939431078,-2.7359329684911075e-05
Andhra Pradesh,Y. S. R,0.16714375959861572,0.020821283979178713,247,8.027543342944629,-0.0001540345446925428
Arunachal Pradesh,Anjaw,4.837213031140652,1.7996254681647939,89,2.687899852891892,-0.032984337759618676
Arunachal Pradesh,Changlang,0.945743230474605,0.17487468943712678,221,5.408119571326706,-0.0023637004857012447
Arunachal Pradesh,Dibang Valley,0.7201658495716059,0.19186046511627908,86,3.753591700797461,-0.004986084249257041
Arunachal Pradesh,East Kameng,9.43756978191292,3.3076737451737452,148,2.8532347834133756,-0.05955244138027314
Arunachal Pradesh,East Siang,5.1533329202162035,1.7412455458373826,147,2.959567036674264,-0.015842546888115813
Arunachal Pradesh,Kamle,8.219086456089522,2.1677295918367347,56,3.7915644492934306,-0.12466433941997855
Arunachal Pradesh,Kra Daadi,4.462898751853844,2.1917582417582415,91,2.0362185330594125,-0.03943595052290703
Arunachal Pradesh,Kurung Kumey,7.5383123802182865,3.7132433169667207,94,2.0301153834368693,-0.08876515903030374
Arunachal Pradesh,Leparada,0.35355339059327373,0.0625,32,5.65685424949238,0.006231671554252201
Arunachal Pradesh,Lohit,2.353582857732919,0.48095238095238096,178,4.893588120038743,0.0013226125640999537
Arunachal Pradesh,Longding,1.2095717476273071,0.29987320430714887,174,4.033610640277109,0.0007253370914259649
Arunachal Pradesh,Lower Dibang Valley,10.632185812668835,6.60360824742268,97,1.6100570194815036,-0.02501621782733719
Arunachal Pradesh,Lower Siang,1.1465038027164949,0.3034188034188034,117,3.778618166699434,-0.000468312128160171
Arunachal Pradesh,Lower Subansiri,3.569813913469487,1.0934240362811791,147,3.2648028532560014,-0.019424526567383717
Arunachal Pradesh,Namsai,2.3684784938764905,0.6743247006404901,171,3.512370956642774,-0.002471340229278167
Arunachal Pradesh,Pakke Kessang,0.7488553356460047,0.13725490196078433,51,5.455946016849462,-0.006244343891402716
Arunachal Pradesh,Papum Pare,1.410366919026715,0.28434748864794734,218,4.960011870450877,0.0005387546100835689
Arunachal Pradesh,Shi-Yomi,5.173686491003122,1.6223072562358276,84,3.189091629293092,0.0033356716180448142
Arunachal Pradesh,Siang,1.5160621056799974,0.40870098039215685,136,3.709465302053607,-0.005070726587471971
Arunachal Pradesh,Tawang,3.4173569785604876,0.6501916757940854,166,5.255922377638619,-0.0031806247109485066
Arunachal Pradesh,Tirap,0.899772928484097,0.14030131826741996,177,6.413146644631618,-0.0006788028831449129
Arunachal Pradesh,Upper Siang,2.2701557237937835,0.5787037037037037,144,3.9228290907156578,-0.004995847064812579
Arunachal Pradesh,Upper Subansiri,10.974374553714613,6.834780092592593,96,1.6056660792361754,-0.04627023421956963
Arunachal Pradesh,West Kameng,0.6647812729578416,0.12108999563128003,218,5.489976851449444,0.0003919837504907953
Arunachal Pradesh,West Siang,1.3938336956723851,0.3007309273640932,199,4.63481992986002,-0.0013423776365759034
Assam,Bajali,0.36063401117010896,0.061946902654867256,113,5.821663323174616,-3.326901324106673e-05
Assam,Baksa,0.32282423643698605,0.04127498561473524,247,7.821304638365209,0.0002840011735923191
Assam,Barpeta,0.6727733323921542,0.1325150223080216,246,5.076958979249471,-0.00042134744276783593
Assam,Biswanath,0.5396189539454952,0.08828620051446137,236,6.112155136374965,-0.0006014685215256374
Assam,Bongaigaon,0.9603273682185066,0.16939932185873174,245,5.669015422737988,-0.00015239446878551107
Assam,Cachar,0.4186875452229843,0.06217761350335359,255,6.733734565100382,-0.0005562648452660785
Assam,Charaideo,0.583487377192573,0.08844654528478058,226,6.597062387387295,0.00010098165585762674
Assam,Chirang,0.7506945854167537,0.14944304324669133,233,5.0232822425701915,0.0006125165540047929
Assam,Darrang,0.9558295428217409,0.24520083849783508,231,3.898149568645052,-0.00039486642813919235
Assam,Dhemaji,0.8420960269874515,0.15653856185182427,234,5.379479771792971,0.00018515631728622153
Assam,Dhubri,1.1317959022962591,0.24430422651900602,228,4.6327315676145675,-0.0012662428457500946
Assam,Dibrugarh,0.2994851353174044,0.046272487982681916,244,6.472207317434296,0.00018759049593260505
Assam,Dima Hasao,0.31166483679275014,0.06634304207119741,103,4.697777296046819,0.000624185447143757
Assam,Goalpara,1.0528912404354767,0.17198060819375993,237,6.1221509302330706,-0.00024884835191544625
Assam,Golaghat,0.7645791102420091,0.14519194424630047,234,5.265988510664156,-0.0007419618648972976
Assam,Hailakandi,0.9103664864953721,0.17781260811149638,234,5.119808410461715,-0.0011718040798370944
Assam,Hojai,1.6182776310455045,0.4328329381769979,215,3.738804255196826,0.002423330834831036
Assam,Jorhat,0.24791838644155378,0.03659142055747178,250,6.775314613767574,-0.0005276192342030047
Assam,Kamrup,0.5156294295276186,0.08267654833815967,249,6.236707263329569,0.00017867739766091892
Assam,Kamrup Metro,0.1922653413854304,0.01879558607210298,254,10.229281526410974,-0.00012944567494663505
Assam,Karbi Anglong,1.1459352529599576,0.18921462273669806,245,6.056272165363169,-0.00046819337571853164
Assam,Karimganj,0.31717309769817625,0.057934636340564616,240,5.4746714182116705,0.00015752677422501123
Assam,Kokrajhar,0.811463708332471,0.16436106709234197,242,4.937079824850318,0.00011612319375780541
Assam,Lakhimpur,1.0529185889595458,0.16586897221152583,236,6.347893610969039,-0.001227627209463188
Assam,Majuli,1.3256462389752268,0.3342627742627743,195,3.965880561779504,-0.0005016081704489029
Assam,Marigaon,0.9327304028735798,0.1990707791588436,238,4.685420968435205,-0.000957094392784924
Assam,Nagaon,0.08954749523610359,0.005585819282317337,257,16.03121954188139,5.9877059894026665e-05
Assam,Nalbari,0.3197667243466398,0.04066395796070415,244,7.863639950042448,0.0002761918881064801
Assam,North Cachar Hills,0.5685199832767094,0.13919815286597292,221,4.084249478684601,3.016144884657179e-06
Assam,Sibsagar,0.10944097923183375,0.006963562753036437,247,15.716233645501708,0.00012327314078939406
Assam,Sivasagar,0.0,0.0,2,0.0,0.0
Assam,Sonitpur,0.30421652489950163,0.039480579310521006,251,7.705472670671585,0.0001138158278409154
Assam,South Salmara Mankachar,4.038949632741813,1.4289405591467779,178,2.8265343907331424,-0.014193157425666406
Assam,Sribhumi,0.2191975091298186,0.04501557632398754,214,4.8693702720188075,0.00013128397276362675
Assam,Tamulpur District,0.5591314090703885,0.1187214611872146,146,4.709606868708272,-0.002259647363905405
Assam,Tinsukia,0.4311950675036019,0.046317276177333104,248,9.309594671601642,0.00011872443908688371
Assam,Udalguri,0.5599767409035694,0.08415763254807511,243,6.653903204604553,-8.001372674104105e-05
Assam,West Karbi Anglong,2.513515219397739,0.5312019029946662,208,4.731751157568758,-0.0007302461885895594
Bihar,Araria,1.7889924857516812,0.3124515586918911,237,5.725663502020834,-0.0032440939006974294
Bihar,Arwal,1.714764512177476,0.34694816355075125,228,4.942422794887173,-0.0011465509849796773
Bihar,Aurangabad,1.000607280034021,0.1816515171088992,243,5.508389337778896,0.0004071690199888202
Bihar,Aurangabad(Bh),0.37029196207175347,0.09585741811175337,173,3.8629452927686443,6.586134275247077e-05
Bihar,Banka,0.6926070617651183,0.10846869552447823,243,6.385317518719648,-0.0009655736106559458
Bihar,Begusarai,0.8535063636597188,0.104388579554841,244,8.176242720223293,-0.001094605942815368
Bihar,Bhabua,0.696699081662672,0.25,78,2.786796326650688,-0.010552738400839659
Bihar,Bhagalpur,0.13251659388930978,0.01395089245449354,256,9.498789724138874,4.1661553829515966e-05
Bihar,Bhojpur,0.6781055501247565,0.07904836782552466,251,8.57836244793149,-3.173665360433117e-05
Bihar,Buxar,0.7921398981496707,0.07637762098343012,241,10.371361243649142,-0.0013050566156598189
Bihar,Darbhanga,0.5501685802853458,0.05837043418986258,252,9.425466641138943,2.7131147365049317e-05
Bihar,East Champaran,0.9077170935939642,0.1445346781713035,241,6.280272008618802,-0.0003695523239046719
Bihar,Gaya,0.928815450881338,0.11326172121116267,251,8.200612183437288,-0.00032134437714996354
Bihar,Gopalganj,0.31034628257537494,0.03397059426027007,249,9.135733104861725,-0.00017748960938214925
Bihar,Jamui,1.680636558187567,0.45012527445840056,230,3.7337084886196217,-0.004175719603430806
Bihar,Jehanabad,1.3206420921364568,0.23486457338167424,241,5.622994022135066,-0.0014499894787653902
Bihar,Kaimur (Bhabua),2.912245124903295,0.7048339331918982,226,4.131817422176248,0.0013358127062817146
Bihar,Katihar,1.341864407830637,0.17783948142866524,246,7.545368424664936,-0.0008574568637082024
Bihar,Khagaria,1.2765184677766765,0.2783483666199486,229,4.586046195556124,-0.0009756965358679262
Bihar,Kishanganj,4.87052947158217,1.3128402808160076,211,3.709917758278143,-0.01442257603319777
Bihar,Lakhisarai,1.9556179712322193,0.4111047700958917,226,4.756981950795813,-0.003031143182455143
Bihar,Madhepura,1.1028968823302239,0.1868712959750662,242,5.901906317797362,-0.0008630006054142163
Bihar,Madhubani,0.1609519619555227,0.010020431464455262,258,16.062378404209014,-0.00020322975943113435
Bihar,Monghyr,1.012093162982947,0.3391304347826087,115,2.984377275462536,-0.004931744653988797
Bihar,Munger,1.659022079165954,0.4436375533759594,212,3.7395889201472094,-0.004467987012270109
Bihar,Muzaffarpur,1.2523085026141705,0.21339062958924823,251,5.868619934365049,-0.0015990451590252158
Bihar,Nalanda,1.554541371736215,0.1978905827578305,247,7.855560128591829,-0.0028435955914559727
Bihar,Nawada,0.707314448075344,0.11859397667300713,236,5.964168399762701,-0.00046230986177836877
Bihar,Pashchim Champaran,0.536264029097666,0.13314814814814815,180,4.0275740711090355,-0.000790044960235398
Bihar,Patna,0.08667174847656223,0.005385520406979634,259,16.093476939431078,5.876864844825722e-05
Bihar,Purba Champaran,0.263874389662272,0.059358288770053474,187,4.445451429445483,-0.0005120036409147804
Bihar,Purbi Champaran,0.0,0.0,4,0.0,0.0
Bihar,Purnea,1.3864570122646538,0.2843394260060927,207,4.876063202838939,-0.0020827238733000654
Bihar,Purnia,0.6082428838204809,0.10170112055799929,243,5.980690089580724,-0.00021006058968755
Bihar,Rohtas,1.2896710179874131,0.20513379730126083,241,6.286974818164136,-0.002405855800121683
Bihar,Saharsa,1.4306060158461966,0.3763522796040569,230,3.8012417975819677,-0.0030199338540399024
Bihar,Samastipur,0.5985658645873431,0.06417312376479098,246,9.327360575140808,-0.0002530713604899706
Bihar,Samstipur,0.35936193945832295,0.07171717171717172,165,5.010821409348447,-0.000943463432443745
Bihar,Saran,0.0,0.0,250,0.0,0.0
Bihar,Sheikhpura,1.7737888203490322,0.4671943975597088,216,3.7966825578689365,-0.003173485141052819
Bihar,Sheikpura,1.1297873312793933,0.3380952380952381,105,3.3416245009672196,-0.004245283018867928
Bihar,Sheohar,3.993173580567517,0.9537719813811881,204,4.18671722227033,-0.004080495865725419
Bihar,Sitamarhi,0.9885345443669392,0.20328549789554456,245,4.86278930174785,-0.0007869835427134471
Bihar,Siwan,0.5352939442971341,0.06750504471865229,251,7.929688018549334,-0.00023898533492173788
Bihar,Supaul,0.7308288070190028,0.09670474444001577,245,7.557321114398093,-0.00030640260321801097
Bihar,Vaishali,0.4915258227923147,0.06868235015041514,249,7.156508502051364,0.000583372377786359
Bihar,West Champaran,1.1788452217074237,0.2849959886436634,232,4.136357242492136,-0.00026400403141511126
Chandigarh,Chandigarh,0.4249918019347426,0.02715173025732032,245,15.652475842498527,-3.256904868930851e-05
Chandigarh,Mohali,0.0,0.0,9,0.0,0.0
Chandigarh,Rupnagar,0.19245008972987526,0.037037037037037035,27,5.196152422706632,0.0036630036630036626
Chhattisgarh,Balod,1.6685939926540005,0.34198345479517867,234,4.879165846351713,0.00010561749826380103
Chhattisgarh,Baloda Bazar,1.8111245282248134,0.33649766169741424,241,5.3822796838731515,-0.004066478907607514
Chhattisgarh,Balrampur,3.4383440513612404,1.2940228641798526,199,2.6570968307738916,-0.0016408830773285191
Chhattisgarh,Bastar,1.0456076320887004,0.1456650636259475,237,7.178163425471124,-0.0015602679212007654
Chhattisgarh,Bemetara,3.6581003438699047,1.030810566913766,220,3.5487610054505083,-0.0053545829362568525
Chhattisgarh,Bijapur,1.1791419970090184,0.3074116279312998,212,3.8357104607394117,-0.0014341615505107928
Chhattisgarh,Bilaspur,2.626989257104343,0.39584033531263996,240,6.636487044781609,0.0005775421875117235
Chhattisgarh,Dakshin Bastar Dantewada,0.9749818477195061,0.19726610094484598,219,4.9424703131943755,-0.001297328637835919
Chhattisgarh,Dantewada,2.5704529864092067,0.36658560833813253,211,7.011876429252136,-0.004598673498714769
Chhattisgarh,Dhamtari,0.7049406476748085,0.09192338258989903,238,7.668784892520596,5.408445848571597e-05
Chhattisgarh,Durg,0.8392751934529785,0.07455574822521602,252,11.257015232651389,-0.0010187481900920438
Chhattisgarh,Gariyaband,0.6753147961394289,0.08124788187759581,240,8.311783403250143,0.0009243549467084346
Chhattisgarh,Gaurela-Pendra-Marwahi,2.1838889027614545,0.7208333333333333,164,3.029672466258665,-0.0037346002294378756
Chhattisgarh,Gaurella Pendra Marwahi,0.0,0.0,2,0.0,0.0
Chhattisgarh,Janjgir - Champa,0.9630519527889664,0.2636217948717949,104,3.6531575595155927,-0.0066445286105480195
Chhattisgarh,Janjgir Champa,0.3813388976208822,0.088,125,4.333396563873661,-0.002279569892473117
Chhattisgarh,Janjgir-Champa,2.8991940578123216,0.6356092441668326,234,4.561283657245474,0.0032356145559351932
Chhattisgarh,Jashpur,2.3615064889355017,0.36237837687340835,237,6.516687086328167,-2.2890053014626698e-05
Chhattisgarh,Kabeerdham,8.867909227422869,2.8104337760505116,186,3.1553524950461194,0.017450261682406012
Chhattisgarh,Kanker,2.010710033777017,0.2846553919152172,229,7.06366396311191,0.002947458848713433
Chhattisgarh,Kawardha,7.927194646103585,3.0236561873094128,183,2.62172487711229,-0.010056613513959405
Chhattisgarh,Khairagarh Chhuikhadan Gandai,2.2819212726115663,0.4986623863028357,178,4.576084612136285,-0.005184662124175643
Chhattisgarh,Kondagaon,2.685607767554936,0.656108346337483,213,4.093238231987888,0.00197560749693226
Chhattisgarh,Korba,1.6360653190236376,0.1645307635199598,237,9.943826212325094,-0.0006817680838578061
Chhattisgarh,Koriya,0.9745856241998836,0.18134022867928445,233,5.374348710696294,0.0009755807413507122
Chhattisgarh,Mahasamund,5.795230371816944,2.2222915861344386,196,2.6077722689385903,0.012061447024668567
Chhattisgarh,Manendragarhchirmiribharatpur,0.0,0.0,3,0.0,0.0
Chhattisgarh,Manendragarh–Chirmiri–Bharatpur,1.0419488991195704,0.1986140724946695,201,5.246098053538149,-0.0024255033179224118
Chhattisgarh,Mohalla-Manpur-Ambagarh Chowki,0.43840316413162667,0.12837837837837837,74,3.4149299100779342,-0.0006442058496853027
Chhattisgarh,Mohla-Manpur-Ambagarh Chouki,4.641039219357442,0.9683562428407789,194,4.792698197248614,-0.007398551925553682
Chhattisgarh,Mungeli,3.1819779942831508,0.8845097321537904,216,3.5974482570530926,-0.008041435861911103
Chhattisgarh,Narayanpur,10.122994817861482,6.773510279445326,112,1.4944975943389933,-0.03709561407107486
Chhattisgarh,Raigarh,0.6591488404518502,0.07851217674222184,240,8.395498224638787,-0.0008880390470295367
Chhattisgarh,Raipur,0.4662971300884731,0.057637674031966374,253,8.090144821421152,-0.0002232218222712856
Chhattisgarh,Rajnandgaon,3.915258876445302,0.9590969790394133,220,4.082234604019546,-0.0008040077912950567
Chhattisgarh,Sakti,1.9903721847809603,0.37884482075658543,216,5.253792781978693,-0.0019688705083373073
Chhattisgarh,Sarangarh-Bilaigarh,1.1630837612850866,0.13190131124913734,207,8.817833198702893,0.003024606602065446
Chhattisgarh,Sukma,7.1629236928194215,2.583133359576359,171,2.7729593078361856,-0.010497822471098773
Chhattisgarh,Surajpur,2.580425139308021,0.6949733118832684,216,3.712984506290572,-0.006172848361797123
Chhattisgarh,Surguja,1.778072948876024,0.3336715793803032,229,5.328811498354974,0.0008852391135900019
Chhattisgarh,Uttar Bastar Kanker,0.2614279077934202,0.03373626373626374,234,7.749165996482486,-6.841932912611377e-05
Dadra And Nagar Haveli,Dadra And Nagar Haveli,2.972518494301286,0.6601030459144495,198,4.503112828669677,-0.006297251770862807
Dadra And Nagar Haveli And Daman And Diu,Dadra & Nagar Haveli,1.7814214698602255,0.5688073394495413,109,3.1318538744316866,-0.013316652766194044
Dadra And Nagar Haveli And Daman And Diu,Dadra And Nagar Haveli,3.7227336053796938,0.9729916467430995,158,3.8260694404117666,-0.012347523488698832
Dadra And Nagar Haveli And Daman And Diu,Daman,1.664226635915903,0.38310185185185186,144,4.344084028493475,-0.00013028159579883726
Dadra And Nagar Haveli And Daman And Diu,Diu,0.6239006307859724,0.1372549019607843,136,4.545561738583514,-0.0007092536933670459
Daman And Diu,Daman,1.867047068218367,0.3681434599156118,158,5.071520403068802,4.284822550032119e-05
Daman And Diu,Diu,0.7553780685789508,0.20198675496688742,151,3.739740601817101,0.001490066225165563
Delhi,Central Delhi,1.7226593752212633,0.5386161537527302,227,3.1983061837616327,-0.0030411360469657024
Delhi,East Delhi,2.935281980092566,0.9199424372636872,222,3.1907235292062226,-0.004946083837741601
Delhi,Najafgarh,2.100632534159947,0.9885057471264368,87,2.1250584938594814,-0.02025770941167893
Delhi,New Delhi,2.1547207280905667,0.5606701940035274,189,3.8431162404131842,1.3923698134236046e-06
Delhi,North Delhi,6.662965129023968,3.108001655195614,168,2.1438100323677625,-0.010003302105346355
Delhi,North East,5.330715290366154,2.90779483448811,158,1.8332501410143593,-0.002107814795425674
Delhi,North East   *,,0.0,1,0.0,0.0
Delhi,North East Delhi,4.3005985288092985,1.8364728196772029,195,2.3417708570090436,-0.0006674043469258768
Delhi,North West Delhi,1.4693311351290426,0.30944478639245354,246,4.748282083723855,-0.0028060694436333818
Delhi,Shahdara,4.172481305842861,1.4069309414355853,190,2.9656617698558825,0.0021643256254268
Delhi,South Delhi,1.4383921089348994,0.3170263998466679,234,4.53713668524321,-0.0014447467471533132
Delhi,South East Delhi,5.499426344691944,2.449122807017544,95,2.245467776844132,0.019187430011198204
Delhi,South West Delhi,0.5075727172775665,0.0619861603922462,255,8.188484559547883,-0.0004239667154483566
Delhi,West Delhi,2.5197198264098257,0.7436029213740665,228,3.388528681078555,0.0006155169282546867
Goa,Bardez,0.0,0.0,42,0.0,0.0
Goa,Bicholim,0.0,0.0,2,0.0,0.0
Goa,North Goa,0.1674928364629181,0.013956639566395663,246,12.000943039770249,-3.57231862825114e-05
Goa,South Goa,0.325111045316136,0.02729591836734694,245,11.910610258310776,0.0002963610474177675
Goa,Tiswadi,0.0,0.0,4,0.0,0.0
Gujarat,Ahmadabad,0.10157854493243872,0.006543249281838494,241,15.524174696260024,0.0001176162577520555
Gujarat,Ahmedabad,0.5785846515880326,0.07054785886370418,254,8.201307040456557,-0.00021338054848849477
Gujarat,Amreli,0.0,0.0,250,0.0,0.0
Gujarat,Anand,0.14864339194416912,0.012875121424716675,250,11.545008939396476,0.00010310007507340844
Gujarat,Arvalli,0.5006741063999971,0.049965564738292015,242,10.02038321837072,0.00023500509375860384
Gujarat,Banas Kantha,0.6793136629775839,0.209551656920078,171,3.2417479916976792,-0.0015863873089015292
Gujarat,Banaskantha,1.0750150359461035,0.2653332354504657,229,4.051565700471002,0.0011764914366581098
Gujarat,Bharuch,0.11356997188131597,0.007182795698924731,250,15.811388300841895,6.274990722432205e-05
Gujarat,Bhavnagar,0.16971971269270408,0.013944223107569721,251,12.171327967391065,3.756402959590211e-05
Gujarat,Botad,0.47046534076041163,0.0822969140818798,228,5.716682648541728,-0.00011520554587423222
Gujarat,Chhotaudepur,0.8183040306488897,0.1601235793879697,233,5.110453024948867,8.56492388875655e-05
Gujarat,Dahod,1.2806955057354619,0.3458290835665788,231,3.703261427660994,-0.002024052293201592
Gujarat,Dang,0.0,0.0,2,0.0,0.0
Gujarat,Devbhumi Dwarka,0.504782995298159,0.11533259486700168,227,4.3767591970011654,-0.0013696147314449056
Gujarat,Dohad,0.1925834527697923,0.03072031898562511,231,6.268927508855213,4.46551463135008e-06
Gujarat,Gandhinagar,0.9844438306442128,0.14347259665382023,251,6.8615460624828675,-0.0014527086742074978
Gujarat,Gir Somnath,0.6432005496937102,0.10526222393362566,239,6.110459437939368,-0.0008602473225768103
Gujarat,Jamnagar,0.274121068249073,0.027786921220100944,252,9.865111218250943,0.0003108897096161822
Gujarat,Junagadh,0.28711471061489324,0.029220178151223016,243,9.825905548179417,-0.0004508476253784863
Gujarat,Kachchh,1.1068696131177387,0.10825748754701842,254,10.224416233907172,-0.001867962111858491
Gujarat,Kheda,0.4011941170702159,0.046816907805023254,247,8.569427924224621,-0.0002765089927651922
Gujarat,Mahesana,0.4149161079850227,0.047916561142559724,253,8.659137844858657,-0.00015863330407332962
Gujarat,Mahisagar,0.5719691027532403,0.10646499707635078,229,5.372367618091943,5.8245087923422275e-05
Gujarat,Morbi,0.7582912806963883,0.13218541764578537,232,5.736572870150975,0.00037178766398179484
Gujarat,Narmada,0.8520091810690692,0.18914161809190475,221,4.504609771579062,0.0006565977960024518
Gujarat,Navsari,0.0,0.0,241,0.0,0.0
Gujarat,Panch Mahals,0.4420066930573522,0.12048832271762208,157,3.668460835771152,-0.0011336690668303998
Gujarat,Panchmahals,0.2845918936526474,0.03441567628749293,248,8.269251816390181,-5.3902294219115054e-05
Gujarat,Patan,0.5568352978224378,0.08523747228088663,245,6.532752355530617,-0.00042854344822536425
Gujarat,Porbandar,0.7117594939105321,0.07783324003234433,233,9.14467255397249,5.6220857877433046e-05
Gujarat,Rajkot,0.23499948787579156,0.018175052058479024,259,12.92978348120657,-0.0002659297839922353
Gujarat,Sabar Kantha,0.4296057793259574,0.10217391304347827,184,4.204652308296604,0.0006972831705547312
Gujarat,Sabarkantha,0.10921423078651062,0.009732901975493874,248,11.221137443025444,2.805556945062811e-05
Gujarat,Surat,0.3660423003769825,0.04800259740180656,259,7.625468624395867,0.00046634136991903274
Gujarat,Surendra Nagar,0.5526268034704465,0.07804780209831959,244,7.080619679389342,0.0007684405050034092
Gujarat,Surendranagar,0.7780108985456066,0.1451388888888889,180,5.360457865577384,-0.0009494891817648681
Gujarat,Tapi,0.3115193121509601,0.0592450954973641,232,5.258145160130936,-0.0002526249256179011
Gujarat,The Dangs,1.1584322754305854,0.30154623536526753,201,3.841640649326491,7.423927373504396e-05
Gujarat,Vadodara,0.4079529633163741,0.04129297787308276,257,9.879475502354174,-0.0005673178706869095
Gujarat,Valsad,0.1409004654941586,0.008823529411764706,255,15.96871942267131,-0.0001107283464566929
Haryana,Akhera,,0.0,1,0.0,0.0
Haryana,Ambala,0.6606251181153194,0.09845892136876108,243,6.709652197397744,0.0005445640011967568
Haryana,Bhiwani,0.5298564102339137,0.07806750631847442,242,6.787156849514033,0.00027864832749293007
Haryana,Charkhi Dadri,0.9708642672512534,0.18515325466126384,228,5.243571165019166,-0.0009635076977789052
Haryana,Faridabad,0.8116753131500138,0.14269485862625958,240,5.688188915593098,-0.0006430082396601715
Haryana,Fatehabad,1.3233350703352234,0.23098008779418686,235,5.729217106863218,0.0007112640766894507
Haryana,Gurgaon,0.47259968989609263,0.05286765339801514,251,8.939297652160137,-6.930282942772687e-05
Haryana,Gurugram,0.0,0.0,3,0.0,0.0
Haryana,Hisar,1.626587471135156,0.27203339704972185,244,5.97936683060224,-0.0005547919968686896
Haryana,Jhajjar,0.37531813056252517,0.05707872879156202,247,6.575446554409051,-0.0002596337388686548
Haryana,Jhajjar *,,0.0,1,0.0,0.0
Haryana,Jind,2.482635421477644,0.7718919398075313,212,3.2162991909161285,-0.007310458248237723
Haryana,Kaithal,2.254361054000969,0.5009692650053748,221,4.499998725424368,-0.0026029251126761977
Haryana,Karnal,1.1851018961387847,0.220864693390668,226,5.365737175758386,0.0001298521226377789
Haryana,Kurukshetra,1.8530533145906938,0.2745398524106151,236,6.749669668428237,-0.0011152371567666884
Haryana,Mahendragarh,3.101230685115614,1.2544398606085265,201,2.4722035567422203,0.003632152658039231
Haryana,Mewat,4.323597444461777,2.198507968673792,176,1.9666053096318339,-0.016868064270574672
Haryana,Nuh,,0.0,1,0.0,0.0
Haryana,Palwal,3.0714837187764386,1.3489617701074956,189,2.2769242144880644,-0.004655700962554822
Haryana,Panchkula,0.43847665160587174,0.03308963763509218,242,13.251177194544406,0.0007263959106031284
Haryana,Panipat,1.050428918798672,0.20353666028893982,240,5.160883141678198,-0.0004032393895874762
Haryana,Rewari,0.5569941449186613,0.08419092647101609,243,6.6158452967068175,7.026932284128589e-05
Haryana,Rohtak,0.7084178159441767,0.12892402707460413,241,5.494847097308234,-0.0006193119254210921
Haryana,Sirsa,2.5857962811884097,0.46832227439196006,223,5.521403577366982,0.0006721292868305628
Haryana,Sonipat,0.820111918123439,0.1481483522592145,240,5.535747820458326,7.2929790348794e-05
Haryana,Yamuna Nagar,0.8853061935683529,0.1494864971232278,233,5.9223154639750435,-0.0013968444741743673
Haryana,Yamunanagar,0.7384632850017998,0.24404761904761904,140,3.02589833854396,-0.0012854154366476417
Himachal Pradesh,Bilaspur,0.056673485605630076,0.0036133694670280035,246,15.684387141358124,1.5405260224625704e-05
Himachal Pradesh,Chamba,0.36673257560713884,0.03611778408677295,241,10.15379500375948,-0.0005024088890653642
Himachal Pradesh,Hamirpur,0.18380387913212476,0.01943002968372947,242,9.459783753497836,3.269016239598257e-05
Himachal Pradesh,Kangra,0.09400654841511552,0.005921855921855922,252,15.87450786638755,4.7559115634639644e-05
Himachal Pradesh,Kinnaur,0.06757373783994859,0.0045662100456621,219,14.798648586948742,3.199012876026827e-05
Himachal Pradesh,Kullu,0.2381430179905975,0.025544063779357896,238,9.322832108767297,-4.4464747231612035e-05
Himachal Pradesh,Lahaul And Spiti,0.1840592240099194,0.034482758620689655,58,5.337717496287662,0.0004921713986895936
Himachal Pradesh,Lahul & Spiti,0.27687593064516425,0.052873563218390804,145,5.236566514375933,-0.0007492258436991543
Himachal Pradesh,Lahul And Spiti,0.43944658078760346,0.08695652173913043,138,5.0536356790574395,-0.0010867852845619407
Himachal Pradesh,Mandi,0.10767808304169818,0.00962815405046481,251,11.183668486951547,0.00011095753042252758
Himachal Pradesh,Shimla,0.14859643808742187,0.012568462533309028,251,11.822960659954274,-1.0825873805328521e-05
Himachal Pradesh,Sirmaur,0.5160942948486843,0.08163477380188947,236,6.32199087243308,0.0002727708418719689
Himachal Pradesh,Solan,0.31651505370505045,0.032199812194515114,241,9.829717384468639,0.00019462416251482369
Himachal Pradesh,Una,0.13999257482628993,0.014684059234353434,249,9.53364274769313,6.770969850896451e-05
Jammu And Kashmir,?,,0.0,1,0.0,0.0
Jammu And Kashmir,Anantnag,1.0245406231914864,0.212177201390687,227,4.828702690375179,0.001445833335710059
Jammu And Kashmir,Badgam,0.7375322465155474,0.1561997863024043,218,4.7217237870458915,-0.0018118658078516746
Jammu And Kashmir,Bandipore,1.61980522239307,0.5679997806402882,188,2.8517708590787034,-0.0012031761984953578
Jammu And Kashmir,Bandipur,0.0,0.0,4,0.0,0.0
Jammu And Kashmir,Baramula,0.7111812451237368,0.14084710999382144,235,5.049313721488033,6.772782078294188e-05
Jammu And Kashmir,Budgam,1.0231272365315178,0.2448784707811345,215,4.178102032685267,-0.002027655283744558
Jammu And Kashmir,Doda,0.42120928660985885,0.07380312174768551,231,5.707201492775177,-0.0005430472462674826
Jammu And Kashmir,Ganderbal,2.425095614983334,0.5822568482237176,193,4.164992859047579,0.0022642092600226736
Jammu And Kashmir,Jammu,0.18339481062657612,0.0200411709950308,252,9.150902942350463,-4.0812795356974165e-05
Jammu And Kashmir,Kargil,0.7320319595271348,0.21528355278355277,208,3.4003153053829602,-0.0005533139829478512
Jammu And Kashmir,Kathua,0.5627004865007194,0.10132386517463132,237,5.5534842214211535,-0.0009169036409305701
Jammu And Kashmir,Kishtwar,3.4802374247159227,1.3250226017539917,172,2.6265494793137694,-0.00020957453411999159
Jammu And Kashmir,Kulgam,2.0913532714625065,0.5897764120312707,197,3.5460103673180137,-0.0017533566582173187
Jammu And Kashmir,Kupwara,2.65361835564428,0.8751361468057617,206,3.0322348874857483,-0.00014193970788008433
Jammu And Kashmir,Leh,0.3764992532948603,0.06884422110552764,199,5.468857766837751,-0.00035952489721333955
Jammu And Kashmir,Leh (Ladakh),0.2773500981126145,0.07692307692307693,13,3.6055512754639887,2.1773264873091063e-18
Jammu And Kashmir,Poonch,0.0,0.0,3,0.0,0.0
Jammu And Kashmir,Pulwama,0.6842680565135106,0.13477084369712164,229,5.077270704421099,-0.000333613502923436
Jammu And Kashmir,Punch,5.256903974900078,2.5397890175757403,168,2.0698191615608517,-0.01000969687286499
Jammu And Kashmir,Rajauri,0.20412414523193148,0.041666666666666664,24,4.898979485566356,-0.002173913043478261
Jammu And Kashmir,Rajouri,0.7656112411236629,0.11892771360140764,237,6.437618431727767,-0.0004980945753009536
Jammu And Kashmir,Ramban,2.6445153184840144,0.9327336264838293,194,2.835231027804981,0.0009368917797933909
Jammu And Kashmir,Reasi,0.8578967315757914,0.18365191129046687,222,4.671319375592709,-0.0007348129762102248
Jammu And Kashmir,Samba,0.7672415918538895,0.16971271153089337,220,4.520825723264847,0.00043472814148955044
Jammu And Kashmir,Shopian,,0.0,1,0.0,0.0
Jammu And Kashmir,Shupiyan,8.652864268932998,6.597561422625685,109,1.3115246247285937,-0.05090953360050793
Jammu And Kashmir,Srinagar,0.5750289791709029,0.07175188489734491,243,8.014130639126682,0.00024827891959251807
Jammu And Kashmir,Udhampur,0.5889891421883813,0.08938914542629714,238,6.5890454526608355,-0.0008989069216535911
Jharkhand,Bokaro,0.2797191106814927,0.03610625750230099,243,7.747108950953077,-5.0316305365103664e-05
Jharkhand,Bokaro *,0.0,0.0,5,0.0,0.0
Jharkhand,Chatra,2.817291405112033,0.8057219442481433,209,3.496605032572346,-0.004322186940921804
Jharkhand,Deoghar,0.7375538739812281,0.15231162493605965,234,4.842400403060848,-0.0014031183835833852
Jharkhand,Dhanbad,0.06212544405215537,0.0039057932034520667,253,15.905973720586868,4.393468170362282e-05
Jharkhand,Dumka,0.6442690138124004,0.08839093726831758,236,7.288858266732387,-1.7962989066602665e-05
Jharkhand,East Singhbhum,0.7025564288921512,0.15039000168637615,243,4.6715634085653175,-0.0008236862374160363
Jharkhand,East Singhbum,,0.0,1,0.0,0.0
Jharkhand,Garhwa,1.3517414866616957,0.34051810772599556,228,3.9696611016921324,-0.001185635089288079
Jharkhand,Garhwa *,1.5925285645269092,0.5251274018379282,190,3.0326518078338953,-0.0009891300038789154
Jharkhand,Giridih,0.6965837930677358,0.17065205404086822,228,4.081895157856793,-0.0002700879657030382
Jharkhand,Godda,1.7442030870605618,0.3362151804441431,229,5.187758282527442,0.0007649175011573103
Jharkhand,Gumla,0.7896349288542772,0.14652149354221058,238,5.38920884413996,-0.0008447046588199459
Jharkhand,Hazaribag,0.3703876477645453,0.06611181753403116,228,5.602442370819524,8.251793645814448e-05
Jharkhand,Hazaribagh,0.5518890663583462,0.09989291658207743,237,5.524806815555178,-0.0005019054962993983
Jharkhand,Jamtara,2.3440814668785865,0.9174011668344263,182,2.5551324236561053,-0.007078438959385687
Jharkhand,Khunti,2.637072847480295,0.47600395640726795,231,5.540022959859647,-0.0028790958417435728
Jharkhand,Kodarma,1.5965601482750549,0.4449049427799043,191,3.588542168804085,0.001456393042198969
Jharkhand,Koderma,1.4048182924056125,0.4639872941339777,204,3.0277085389324627,-0.0008352679230685631
Jharkhand,Latehar,1.6356100721732167,0.3542621227009122,226,4.616948771444273,-0.00012703617725131377
Jharkhand,Lohardaga,0.8763580723966913,0.1418485736597631,232,6.178123965481084,0.0002891148409531404
Jharkhand,Pakaur,1.6362650256753442,0.5137955182072829,170,3.184661928123745,0.00020951845910169233
Jharkhand,Pakur,1.2920613373312482,0.30287762373798455,220,4.2659517774379845,-0.0010345210973449106
Jharkhand,Palamau,1.9472894783520376,0.4699830012919018,191,4.143318956216025,-0.003015610927604588
Jharkhand,Palamu,1.0048954347380903,0.18291758432034838,224,5.493706023244821,-0.0017063081633231973
Jharkhand,Pashchimi Singhbhum,2.359510201937192,0.4871003179826709,208,4.843992325254721,-0.0018091432289017934
Jharkhand,Purbi Singhbhum,0.4904840500181905,0.1035661582414102,235,4.735949062384685,-0.00030134334989495565
Jharkhand,Ramgarh,0.450298116987045,0.05548777511951786,241,8.115267119957966,4.057767130664153e-05
Jharkhand,Ranchi,0.615595973998665,0.08856068989825029,243,6.9511199010073135,-6.352415679208459e-05
Jharkhand,Sahebganj,1.5802085183339996,0.29702727264125633,224,5.320078874516496,-0.000702690485242062
Jharkhand,Sahibganj,1.824482743039762,0.4836068816310393,184,3.7726567018368526,0.00331875203399595
Jharkhand,Seraikela-Kharsawan,1.0194726245930976,0.23648606694721983,225,4.310920460361112,0.000508016482337853
Jharkhand,Simdega,3.868377435489279,1.2101898097355832,206,3.1965047171686964,-0.008709528695089886
Jharkhand,West Singhbhum,0.9645994174088959,0.17945570148890633,237,5.375139432215398,-0.0013889590831848882
Karnataka,Bagalkot,0.2469786412400551,0.03029848647330926,244,8.151517451461649,-3.0091043464408122e-05
Karnataka,Bagalkot *,0.18971714875720996,0.03477970627503338,214,5.454823202270643,0.00015885795100968787
Karnataka,Ballari,0.19347383602564394,0.02434502579080892,249,7.947160856929012,-4.714591277358485e-05
Karnataka,Bangalore,0.3438961817350682,0.030038781970216057,252,11.448406332721708,-0.0002488497599649156
Karnataka,Bangalore Rural,1.5610846025668201,0.2623176640920285,234,5.951122689241191,-0.000583658543301382
Karnataka,Belagavi,0.11629568802129663,0.007297040456149878,254,15.937377450509228,4.275410822947614e-05
Karnataka,Belgaum,0.0,0.0,255,0.0,0.0
Karnataka,Bellary,0.262179941504427,0.0268547449983802,246,9.762890748738853,-3.14783345193687e-05
Karnataka,Bengaluru,0.0,0.0,261,0.0,0.0
Karnataka,Bengaluru Rural,0.15430334996209188,0.023809523809523808,42,6.4807406984078595,-0.002187829187261971
Karnataka,Bengaluru South,0.15403954076712792,0.027011689933038246,178,5.702699133189766,1.1756744446128381e-05
Karnataka,Bengaluru Urban,0.0,0.0,4,0.0,0.0
Karnataka,Bidar,0.8879293075041492,0.1023225858456802,242,8.677744997993866,0.0011604293242684356
Karnataka,Bijapur,0.21636727491919158,0.019540721723006704,246,11.072634777068995,3.8550862336900057e-05
Karnataka,Bijapur(Kar),0.13867504905630726,0.038461538461538464,13,3.6055512754639887,0.00274725274725275
Karnataka,Chamarajanagar,0.31285020805219693,0.04586350669299978,217,6.821332048295988,-0.0002527728397596914
Karnataka,Chamarajanagar *,0.5586638194459121,0.14473684210526316,76,3.8598591161717564,-0.0028844839371155056
Karnataka,Chamrajanagar,0.48590548908908954,0.06414840102470716,236,7.574709288575096,-0.0007093229964973647
Karnataka,Chamrajnagar,0.17902443166724685,0.025804375804375803,222,6.937754783314255,-1.4752085445833782e-05
Karnataka,Chickmagalur,0.17112881432899568,0.017487461055925788,241,9.785801025186965,0.00030318733209580567
Karnataka,Chikkaballapur,0.7590539457860811,0.12830358280057041,233,5.9160775499615,-0.0002987730953692862
Karnataka,Chikkamagaluru,0.17649175512604312,0.021314484126984126,240,8.280367194184382,3.8156354400994064e-05
Karnataka,Chikmagalur,0.3544288952758429,0.06405228758169934,204,5.533430711959589,-0.0005118817922459147
Karnataka,Chitradurga,0.0,0.0,250,0.0,0.0
Karnataka,Dakshina Kannada,0.0,0.0,254,0.0,0.0
Karnataka,Davanagere,0.10391125879663204,0.011216056670602126,242,9.264509073762877,-2.050284962393603e-05
Karnataka,Davangere,0.19457691494516482,0.014409089759158066,256,13.503761736337056,0.0001901584381209836
Karnataka,Dharwad,0.0,0.0,252,0.0,0.0
Karnataka,Gadag,0.6977432483073046,0.11138822184346676,236,6.264066673834144,0.0002885371571103139
Karnataka,Gadag *,0.5068176494032676,0.0883248730964467,197,5.7381078696806735,-6.492983287762058e-05
Karnataka,Gulbarga,0.23266108342656708,0.02092906798633204,246,11.116648079050103,0.00013837718531584686
Karnataka,Hasan,0.06388765649999399,0.004081632653061225,245,15.652475842498527,-6.364801018368156e-05
Karnataka,Hassan,0.0,0.0,252,0.0,0.0
Karnataka,Haveri,0.4792214627879575,0.055222988816738816,252,8.677934191108092,0.00018206363243703993
Karnataka,Haveri *,0.3859651100604542,0.06359649122807016,190,6.068968627157488,-0.00018304924615202892
Karnataka,Kalaburagi,0.2980996690368538,0.038471212690290316,249,7.748642379346952,0.0006511747819162319
Karnataka,Kodagu,0.37848820884004786,0.05922926702724406,236,6.390222736775591,0.00043695223630232466
Karnataka,Kolar,0.37277893355929254,0.05098511704802638,242,7.311524522109981,-0.0006219650770489727
Karnataka,Koppal,0.7015472775216839,0.14382165571212543,240,4.8778973795567095,-0.0004360045465065033
Karnataka,Mandya,0.3407726999281577,0.051300482041481875,242,6.642680270579268,-6.323379733521221e-05
Karnataka,Mysore,0.0,0.0,248,0.0,0.0
Karnataka,Mysuru,0.1040767131662643,0.006517536592101629,255,15.968719422671315,-7.216760498144009e-06
Karnataka,Raichur,1.0236181515795117,0.1910136355409321,233,5.35887476661404,0.0006411933143243779
Karnataka,Ramanagar,0.6523297285058024,0.06964327750371199,245,9.366729308094857,-0.0004506731687143261
Karnataka,Ramanagara,,0.0,1,0.0,0.0
Karnataka,Shimoga,0.07875947631958886,0.005021520803443329,246,15.684387141358124,2.3400295242022954e-05
Karnataka,Shivamogga,0.0,0.0,250,0.0,0.0
Karnataka,Tumakuru,0.2238281455467027,0.01973190851143607,254,11.343461551982063,-0.0002688268360781801
Karnataka,Tumkur,0.15527868339737744,0.013881524684812066,246,11.18599627368524,0.00023882948021236477
Karnataka,Udupi,0.147819316199193,0.012355207123609092,247,11.964130970878726,-0.00014861572690285187
Karnataka,Udupi *,0.0,0.0,6,0.0,0.0
Karnataka,Uttara Kannada,0.06943138434075838,0.004382470119521913,251,15.842979517754866,-4.090305444887122e-05
Karnataka,Vijayanagara,0.4188967141181491,0.07667906785728172,238,5.46298652062147,-0.00014810923943372767
Karnataka,Vijayapura,0.16579057136835892,0.018059138299914325,251,9.180425367756637,-0.00012110122544905152
Karnataka,Yadgir,0.5889196595826104,0.12974703522279177,239,4.538983558054812,-0.0007076638617446581
Kerala,Alappuzha,0.0,0.0,250,0.0,0.0
Kerala,Ernakulam,0.0,0.0,255,0.0,0.0
Kerala,Idukki,0.0,0.0,245,0.0,0.0
Kerala,Kannur,0.0,0.0,248,0.0,0.0
Kerala,Kasaragod,0.7679820594483717,0.0865912169383614,234,8.869052619910027,-0.0002473112010527124
Kerala,Kasargod,0.1948126770219272,0.02252252252252252,222,8.649682859773568,1.590373523900294e-05
Kerala,Kollam,0.0,0.0,251,0.0,0.0
Kerala,Kottayam,0.0,0.0,248,0.0,0.0
Kerala,Kozhikode,0.3085826991461012,0.019516483516483517,250,15.811388300841896,-3.9345860302995635e-05
Kerala,Malappuram,0.4689561106520444,0.02965938864628821,250,15.811388300841898,-0.0001338253027768969
Kerala,Palakkad,0.0,0.0,251,0.0,0.0
Kerala,Pathanamthitta,0.0,0.0,246,0.0,0.0
Kerala,Thiruvananthapuram,0.4022428718286961,0.035921463632307006,249,11.197841935007553,-0.00011348620287602015
Kerala,Thrissur,0.0,0.0,250,0.0,0.0
Kerala,Wayanad,0.3617112339333124,0.023902551137669502,229,15.13274595042156,-0.0003992874675171337
Ladakh,Kargil,0.6045527381090959,0.14653082395104242,203,4.125771778305729,-0.0007410216468497243
Ladakh,Leh,0.5023529591754851,0.10994623655913978,186,4.569078259493409,-3.83702660742509e-05
Lakshadweep,Lakshadweep,0.304505071777341,0.04869431643625192,217,6.253400685395867,-0.0001658626029741746
Madhya Pradesh,Agar Malwa,1.421955650464115,0.537380103939057,189,2.646089127678936,-0.0010886139276715754
Madhya Pradesh,Alirajpur,1.598636143132989,0.46621353756804956,220,3.4289783850380973,-0.0012166493942256814
Madhya Pradesh,Anuppur,0.7003261691086295,0.1433210799462184,230,4.886414262098979,-0.000168852462646691
Madhya Pradesh,Ashok Nagar,1.247406425416239,0.35869878992816295,220,3.4775874924642443,-0.0002828151111044859
Madhya Pradesh,Ashoknagar,0.0,0.0,2,0.0,0.0
Madhya Pradesh,Balaghat,1.2774691524846666,0.32288902201053044,225,3.9563722065564817,-0.0037299449955630576
Madhya Pradesh,Barwani,1.191826928196943,0.38316023926635856,221,3.110518279451302,-0.0012106333252272267
Madhya Pradesh,Betul,0.8942631580102075,0.17170662918983323,240,5.208087551596738,-0.001954470351852306
Madhya Pradesh,Bhind,0.8279704995103075,0.1933521278918585,237,4.282189746437081,-0.00012073980542750233
Madhya Pradesh,Bhopal,0.8987335980875106,0.08617294154738847,253,10.429417656507368,0.00023880941418541297
Madhya Pradesh,Burhanpur,1.5108833936189496,0.5253040240974066,204,2.8762075375588365,-0.0018081929200275367
Madhya Pradesh,Chhatarpur,0.8801414051393003,0.20614038587922842,238,4.269621410600004,-0.0016372177765055249
Madhya Pradesh,Chhindwara,0.9238099861736302,0.12816670958362983,242,7.2078778426533345,-0.00016787107413466793
Madhya Pradesh,Damoh,1.401682354429946,0.397165417315695,221,3.529215519073732,-0.002178737644616964
Madhya Pradesh,Datia,1.8911563705107413,0.7502093716423855,199,2.520838104662107,-0.0037693303189541946
Madhya Pradesh,Dewas,0.6699607119653549,0.1595181618290675,240,4.199902407872871,-0.0013547435067588222
Madhya Pradesh,Dhar,0.8071356698322142,0.15286068116680585,242,5.280204586759922,0.0007365245100239736
Madhya Pradesh,Dindori,1.4304554897759527,0.39993451075822883,217,3.5767243168487193,-0.0037038600959120736
Madhya Pradesh,East Nimar,0.35922516091784806,0.06926473023433835,234,5.186263769490007,0.0006594799657836175
Madhya Pradesh,Guna,0.9417945493931738,0.1659813239632629,238,5.674099512554941,-0.00042329602529893426
Madhya Pradesh,Gwalior,0.7210555425088837,0.1567088177019892,246,4.601244225325624,-0.001461730069028609
Madhya Pradesh,Harda,3.212205065439392,1.7952118649219697,158,1.7893180900846002,-0.010983993093927702
Madhya Pradesh,Harda *,0.739745700836734,0.1943807265295689,200,3.805653544175868,0.0006201136617691461
Madhya Pradesh,Hoshangabad,0.5832811176089197,0.10518710738761035,236,5.545176895677449,0.00013779397364384097
Madhya Pradesh,Indore,0.3384809232084827,0.037227598812376576,261,9.09220401010533,-0.00019093883162134517
Madhya Pradesh,Jabalpur,0.7140839772415657,0.09062915758942384,248,7.879185862860731,-0.0011920833812744571
Madhya Pradesh,Jhabua,0.950759168235131,0.23791872627721203,229,3.996151051713978,-0.0017890930498735901
Madhya Pradesh,Katni,1.2161595492108583,0.35859037648107306,225,3.391500801402709,-0.0008397284835105515
Madhya Pradesh,Khandwa,0.6167706964628109,0.1295472136302968,237,4.760972306382116,0.0001995445616196349
Madhya Pradesh,Khargone,0.5356375176105053,0.09843618059456011,247,5.441469938951555,-0.0006744297730000071
Madhya Pradesh,Maihar,0.7724751831617253,0.14465408805031446,212,5.340154527074535,0.0006151847446418053
Madhya Pradesh,Mandla,1.362395951155982,0.3564530028471893,224,3.822091384484811,-0.001652081274312551
Madhya Pradesh,Mandsaur,0.9343456169047336,0.22517156723587464,234,4.149483118026068,-0.0014434214729276676
Madhya Pradesh,Mauganj,0.38975708686556937,0.08363325762428901,223,4.660312152570929,-0.0003705166881816464
Madhya Pradesh,Morena,1.2515185332185212,0.4125045442765172,220,3.0339508996525906,-0.0020135279784472874
Madhya Pradesh,Narmadapuram,0.5647807504437841,0.11133366520790457,221,5.072865870256872,0.00019116662930050403
Madhya Pradesh,Narsimhapur,0.46551958960995965,0.0729317457977343,231,6.382948666839969,-0.00033429096790494353
Madhya Pradesh,Narsinghpur,1.2196042379834935,0.35743992213111,219,3.4120537815474883,-0.0007979204510773546
Madhya Pradesh,Neemuch,0.45019398517371373,0.07940573787941584,244,5.6695397234060145,-0.0006436436552166602
Madhya Pradesh,Niwari,0.43144369071331184,0.08802197802197802,195,4.901545050550734,0.0004543496338152344
Madhya Pradesh,Pandhurna,0.42953289170754927,0.09006335155775405,167,4.769230594667653,-0.00020608338064572802
Madhya Pradesh,Panna,1.3941343591205462,0.3019852379094884,232,4.616564600215322,0.00045770039306602836
Madhya Pradesh,Raisen,1.05269698848896,0.23563805056849566,231,4.467432088956959,0.0008051964563292706
Madhya Pradesh,Rajgarh,1.992767577395728,0.7630054379962578,206,2.6117344361646633,-0.00526894879839729
Madhya Pradesh,Ratlam,1.7230821419274285,0.5866740817707715,209,2.9370347105271994,-0.0019160788331694335
Madhya Pradesh,Rewa,0.4439827767363949,0.0668804776510862,240,6.638451044752432,0.0003213802923989904
Madhya Pradesh,Sagar,0.6394393857696645,0.1395451895167066,239,4.58231049013058,8.274304443722745e-05
Madhya Pradesh,Satna,0.8407423334963349,0.17046903018132095,235,4.931935921745267,-0.0004144224957244558
Madhya Pradesh,Sehore,0.2529066348550372,0.037202342312399495,241,6.798137405739202,0.00010308766210927135
Madhya Pradesh,Seoni,1.3101408392792524,0.31333820164449566,225,4.181235586351197,-0.0020929490562854422
Madhya Pradesh,Shahdol,0.4839553164730895,0.08749141913102058,239,5.531460356682,-4.6080794473431615e-05
Madhya Pradesh,Shajapur,0.3993382577643306,0.05527862676987631,239,7.224098735787464,0.00018029125067505508
Madhya Pradesh,Sheopur,2.618072054098385,1.4605441267870583,171,1.7925319790629577,-0.004895685808698554
Madhya Pradesh,Shivpuri,0.8610612361251444,0.17935186204171405,238,4.800960672071957,0.00036578665790308997
Madhya Pradesh,Sidhi,1.362198679070295,0.41777646832840437,212,3.2605921643233917,-0.0020681260171398837
Madhya Pradesh,Singrauli,0.8716548220985786,0.21443713238886616,225,4.064850207555918,-0.0006514262492319896
Madhya Pradesh,Tikamgarh,1.3013725518437949,0.3140512299513744,217,4.143822496875082,-0.0014561883955244374
Madhya Pradesh,Ujjain,1.3114783680451705,0.33159688407683047,222,3.955038273946214,-0.00033538490051690035
Madhya Pradesh,Umaria,1.3988410558936462,0.46967328504294786,203,2.978327915256524,-0.0015336101908503307
Madhya Pradesh,Vidisha,2.9090276312517696,0.9141627024250908,207,3.18217711522763,-0.0037245256685994447
Madhya Pradesh,West Nimar,0.37764609919598785,0.0801239020402016,227,4.713276432874008,-0.0008932413762224442
Maharashtra,Ahilyanagar,0.1643989873053573,0.02702702702702703,37,6.082762530298219,0.0033191085822664767
Maharashtra,Ahmadnagar,0.35745766155851405,0.03203629618488996,250,11.157896015679562,0.0006643082592524974
Maharashtra,Ahmed Nagar,0.13620103179833337,0.01251788268955651,233,10.880516711661146,2.569351947774328e-05
Maharashtra,Ahmednagar,,0.0,1,0.0,0.0
Maharashtra,Akola,0.3384684789725619,0.036009427734039486,246,9.39944065405432,9.840648780302373e-05
Maharashtra,Amravati,0.21829065229498903,0.01931797723385625,253,11.299871081347884,-0.0003741417549465293
Maharashtra,Aurangabad,1.2602597727890095,0.08883931187425884,257,14.18583447126147,0.0002505941502517908
Maharashtra,Beed,4.80692690604306,0.7817970067603984,250,6.148561409773042,0.0020458962769715114
Maharashtra,Bhandara,0.6301062605153273,0.07846261744897222,243,8.030655629416312,0.0004191142341411208
Maharashtra,Bid,0.12862778590756493,0.01161995898838004,231,11.069555928398088,-0.00027704876201680416
Maharashtra,Buldana,0.06921162787499344,0.004421768707482993,245,15.652475842498518,-7.072001131520184e-05
Maharashtra,Buldhana,2.1575473261661964,0.22914704338430336,248,9.415558212321185,-0.0003901896683232707
Maharashtra,Chandrapur,0.909987581390076,0.07346578849589502,254,12.38654889603373,0.00026591621082771525
Maharashtra,Chatrapati Sambhaji Nagar,5.667515449606088,2.36995894909688,145,2.3913981513332994,-0.002564031910985131
Maharashtra,Chhatrapati Sambhajinagar,0.17352038602855488,0.02414496421980385,244,7.186607710366055,-7.341465654259367e-05
Maharashtra,Dharashiv,0.2599328782589259,0.033928571428571426,210,7.661179569736764,0.00020260150591904148
Maharashtra,Dhule,1.6678416961147378,0.22898821730585298,243,7.283526269332232,-0.00025463387159795065
Maharashtra,Dist : Thane,,0.0,1,0.0,0.0
Maharashtra,Gadchiroli,3.779653170837932,0.5106966774179075,223,7.4009746645463474,-0.0020131417591901157
Maharashtra,Gondia,0.34941875108064246,0.03680981595092025,163,9.492542737690787,-0.00017734328672530124
Maharashtra,Gondiya,13.297475971149279,1.2182699564810038,236,10.915048754513569,-0.002090558264504205
Maharashtra,Gondiya *,0.12564544929366012,0.015957446808510637,188,7.873781489069368,3.882920028101514e-05
Maharashtra,Hingoli,4.948736902206339,0.7096330180678166,236,6.973656490337389,-0.0015174098615762033
Maharashtra,Hingoli *,0.0,0.0,10,0.0,0.0
Maharashtra,Jalgaon,1.7892651581072154,0.19286106994240648,250,9.27748227592815,0.0025068337790898833
Maharashtra,Jalna,0.9344124135925455,0.10150054140064027,248,9.20598452676481,0.00036495591217033393
Maharashtra,Kolhapur,0.43522390727976146,0.03747184991464168,252,11.614689647593375,-8.783917462207973e-05
Maharashtra,Latur,2.337822265659023,0.3382731982355112,244,6.9110478685674455,0.0020024712710326174
Maharashtra,Mumbai,0.9159037761809247,0.09803382492210079,250,9.342732234600824,-5.238734437164656e-05
Maharashtra,Mumbai City,0.6553935372105901,0.05617203687200624,250,11.667612102156303,0.0004277520787441877
Maharashtra,Mumbai Suburban,1.0523980238040462,0.13977215120724562,251,7.5293827469508905,0.0004171121968124714
Maharashtra,Mumbai( Sub Urban ),0.13523131411493283,0.014401340996168584,240,9.390189021349508,0.00022744098965638975
Maharashtra,Nagpur,0.443799653728259,0.027683461795831373,257,16.0312195418814,0.000553266860018432
Maharashtra,Nanded,0.31280767893486716,0.032346383180775415,252,9.67056122431579,-0.00035542528149993874
Maharashtra,Nandurbar,1.6331857470179445,0.24303876618023185,239,6.719856970499975,-0.001584989154552067
Maharashtra,Nandurbar *,0.3483997844868304,0.08191489361702128,188,4.253192174254813,-0.0007614135273709729
Maharashtra,Nashik,1.709807561042279,0.19049493983388577,251,8.975606189504324,9.91421418070718e-05
Maharashtra,Osmanabad,1.1510309824856642,0.13153105748934946,245,8.751020515279194,-0.0011207976481007566
Maharashtra,Palghar,0.5444145588805983,0.061526693122443986,252,8.848428726653022,-7.652874734695438e-05
Maharashtra,Parbhani,9.854449232709628,1.2156055435377684,236,8.106617549661951,0.004952217779669516
Maharashtra,Pune,0.7214046725815534,0.04456852951339804,262,16.186414056238654,-0.000977815734265364
Maharashtra,Raigad,0.14950244099625767,0.01576346230217408,250,9.484111937492212,-5.8601609198806604e-05
Maharashtra,Raigarh,0.2440416725373734,0.015342768498448723,253,15.905973720586866,-0.00011793279123292055
Maharashtra,Raigarh(Mh),0.4696976475248784,0.13206802721088437,175,3.5564826509816174,-0.0008094545028042556
Maharashtra,Ratnagiri,0.0,0.0,256,0.0,0.0
Maharashtra,Sangli,0.2054578572998468,0.012866270103547036,255,15.968719422671313,-0.00028968103210495907
Maharashtra,Satara,0.4818546067182999,0.03666597804185043,255,13.141736084833537,0.0006896166593501753
Maharashtra,Sindhudurg,0.11600329570446113,0.00732206309895553,251,15.842979517754861,0.00012831043906741117
Maharashtra,Solapur,0.1879515159970572,0.011678738951466225,259,16.09347693943108,-0.0001984758855794798
Maharashtra,Thane,0.6942593613358655,0.09384025010896553,257,7.3983110715253275,-0.0007720205083764055
Maharashtra,Wardha,2.1274399188117887,0.24993879480974251,242,8.511843551263143,0.000463533128800111
Maharashtra,Washim,5.623011276246004,0.5990404745511525,234,9.386696751098828,0.0028340203792009333
Maharashtra,Washim *,0.39711935402750564,0.08860759493670886,158,4.48177556688185,-0.0013599874649924926
Maharashtra,Yavatmal,7.099995311883699,0.4866790352504638,245,14.588660693448132,0.0035208476906083584
Manipur,Bishnupur,23.419399652706286,7.770411404373004,170,3.0139201689535255,-0.01196392888101376
Manipur,Chandel,1.7826598151298454,0.28523975945010566,218,6.24968909862536,-0.0006102742128146828
Manipur,Churachandpur,2.591631999227255,0.4478159916570901,226,5.787269877605817,-0.0017149134250233377
Manipur,Imphal East,7.566804676871257,1.08725651523995,234,6.959539511429201,0.007487071550683884
Manipur,Imphal West,2.8631883216466236,0.32585211398770714,236,8.78677227717675,-0.0007645042643467802
Manipur,Jiribam,2.9464349041496685,1.1068405540819335,145,2.6620229022901882,-0.01595437053455475
Manipur,Kakching,4.254867515674132,1.0453252032520326,164,4.0703768573044385,-0.01303909966037752
Manipur,Kangpokpi,0.0,0.0,2,0.0,0.0
Manipur,Pherzawl,1.0282773466203647,0.1702127659574468,47,6.041129411394643,0.01653561517113784
Manipur,Senapati,0.641400163222896,0.05521070216704568,246,11.617315811022896,-0.0001598900019518954
Manipur,Tamenglong,2.4192562933466397,0.53285823028646,209,4.540149998332706,0.0004326331320496209
Manipur,Thoubal,7.195069242512298,1.5522586598742063,224,4.635225705937038,0.00026204904176227304
Manipur,Ukhrul,5.301486329634211,0.9815314264889865,209,5.401239518736589,0.0013345159597418393
Meghalaya,East Garo Hills,0.6854742696561046,0.1622438794217511,189,4.224962273456382,0.0002247002626249515
Meghalaya,East Jaintia Hills,2.056172507222728,0.8602862920528332,141,2.3901026044669917,-0.0017687265392975027
Meghalaya,East Khasi Hills,0.20328376405114681,0.02754196515308058,255,7.380873620356368,-0.0002339479982009069
Meghalaya,Eastern West Khasi Hills,0.9377550090926233,0.4094494613765905,85,2.290282678452774,-0.009846227742514346
Meghalaya,Jaintia Hills,0.35856858280031806,0.14285714285714285,21,2.5099800796022267,3.10856920598911e-18
Meghalaya,Kamrup,,0.0,1,0.0,0.0
Meghalaya,North Garo Hills,0.9136081517271706,0.23916147896012868,196,3.8200472571901134,-0.001767442389334104
Meghalaya,Ri Bhoi,1.0153139008473528,0.2786268019892173,209,3.643992227591389,-0.0008359427805821536
Meghalaya,South Garo Hills,0.5211699568490133,0.17321080427136756,173,3.0088767212956404,0.001085437435614757
Meghalaya,South West Garo Hills,1.9881026882439732,0.7450777733888015,169,2.668315656769066,-0.0008690823285527035
Meghalaya,South West Khasi Hills,1.4289091224089032,0.5352913384678529,171,2.6694045274463503,-0.0007026716221759157
Meghalaya,West Garo Hills,0.933476024496644,0.2980099604127149,211,3.132365184049118,-0.002493679696166406
Meghalaya,West Jaintia Hills,1.1132481925731754,0.3861067803840002,185,2.8832650684507564,-0.003508383299697169
Meghalaya,West Khasi Hills,1.497455968596033,0.5988928413815079,162,2.500373798327171,-0.00500580794377121
Mizoram,Aizawl,0.5584085051202533,0.07930736993082527,237,7.041066998027008,-0.00038231243331851334
Mizoram,Champhai,1.2026733247210384,0.276112966554143,204,4.3557292499887215,-0.0008067922344802155
Mizoram,Hnahthial,0.24593468841898236,0.0625,32,3.934955014703718,-0.002932551319648092
Mizoram,Khawzawl,0.5371788930157293,0.20955882352941177,34,2.563379980706638,-0.0007448433919022152
Mizoram,Kolasib,0.6697621850145605,0.15967926689576173,194,4.194421718204529,0.0013713380969403621
Mizoram,Lawngtlai,1.5470514168265825,0.29673462048580673,201,5.21358584412492,-0.001761659889197815
Mizoram,Lunglei,0.6629121477423895,0.147850145137881,212,4.483676002645623,0.00039907871370176466
Mizoram,Mamit,1.020654960471744,0.15588768115942028,184,6.5473740636885855,0.0012816005599327056
Mizoram,Mammit,0.529017603417312,0.15861297539149888,149,3.335273183745253,-0.00027607473245057265
Mizoram,Saiha,2.4352677180282676,0.9536822589056598,153,2.5535420159988202,-0.0032104176780378075
Mizoram,Saitual,0.27772817017352874,0.046875,64,5.924867630368613,0.00043498168498168506
Mizoram,Serchhip,1.7554149763356155,0.4081947524020694,164,4.300434941913565,-0.0035265603403891867
Nagaland,Chumukedima,1.1667290395016934,0.2901898734177215,158,4.020571172110524,-0.004282819585644983
Nagaland,Dimapur,1.7521972250067925,0.3604007664397315,224,4.861802160733768,-0.0016621941113377401
Nagaland,Kiphire,7.211448782520772,3.5486835443750033,111,2.0321476097668936,-0.02030052178338425
Nagaland,Kohima,0.4482866755627759,0.08921644708100526,218,5.024708898749891,0.00024769855777374345
Nagaland,Longleng,2.635746709900557,0.8192910365987289,156,3.2171067327219998,-0.009111172440027683
Nagaland,Meluri,6.999593392749911,2.0472972972972974,74,3.4189433073497915,-0.009189189189189205
Nagaland,Mokokchung,2.735301145068519,0.41272748287311395,206,6.627378254598667,-0.001751108227752692
Nagaland,Mon,2.416433478859344,1.0268973321862072,183,2.3531402829870944,-0.009897994670130016
Nagaland,Niuland,0.5694716185183634,0.17582417582417584,91,3.2388698303231913,-0.006004140786749478
Nagaland,Noklak,2.4627929197187663,1.5342896934414794,91,1.6051681310552333,-0.027876852989430635
Nagaland,Peren,2.235087702345144,0.687927519073928,181,3.2490162704262318,-0.001532575772907267
Nagaland,Phek,1.1024354796921962,0.36903528867568547,191,2.9873443367662205,-0.0024355523839464403
Nagaland,Shamator,2.5988636597367694,1.2432624113475177,94,2.090358106234367,-0.016866756646404826
Nagaland,Tseminyu,0.7280485181694576,0.23770491803278687,61,3.0628248005749596,-0.010735060814383924
Nagaland,Tuensang,1.7529422366850385,0.4383945735156808,204,3.9985491212343622,-0.0036079837187120286
Nagaland,Wokha,2.830515998432342,1.034522322797643,160,2.7360608234898405,-0.0007206890685670085
Nagaland,Zunheboto,2.4389729961598285,0.7309184125938053,191,3.336860796138192,-0.0031937523282418584
Odisha,Angul,0.43193650568953634,0.04224927675988428,244,10.223524254494704,0.00041454954780940917
Odisha,Anugal,0.0,0.0,14,0.0,0.0
Odisha,Anugul,0.3140544062876124,0.04877112135176651,217,6.439351763566478,0.00018050329533016705
Odisha,Anugul  *,,0.0,1,0.0,0.0
Odisha,Balangir,0.1655845625802393,0.02434149600898923,236,6.802563101260888,5.707253507511225e-05
Odisha,Baleshwar,0.0,0.0,249,0.0,0.0
Odisha,Baleswar,0.1684038265368808,0.021315567676095278,248,7.900508637437804,5.663377259582892e-05
Odisha,Balianta,,0.0,1,0.0,0.0
Odisha,Bargarh,0.6722479088228906,0.08826503975597288,236,7.616242066864301,2.584680622997471e-05
Odisha,Baudh,0.7896846509581954,0.1628243890148652,189,4.849916254782325,-0.0009529480574113432
Odisha,Bhadrak,0.5131240526578011,0.08151403239843655,242,6.294916808307019,-0.0002629141777997085
Odisha,Bhadrak(R),,0.0,1,0.0,0.0
Odisha,Boudh,1.71276969945453,0.28220745056287483,228,6.069186678233823,-0.002263978840388396
Odisha,Cuttack,0.2122916279800504,0.020850309278350514,250,10.18170163070334,0.0003738122457382
Odisha,Debagarh,1.628026334708626,0.4307158706931866,209,3.779815060189235,-0.0025788847204221885
Odisha,Dhenkanal,0.47129858310489947,0.06870168728535377,237,6.860072899626931,-0.00020371986455015363
Odisha,Gajapati,0.8833458121307852,0.1551399522288411,225,5.69386414937008,-0.0008866131205732988
Odisha,Ganjam,0.31968902090181556,0.026870921566679355,247,11.897210897978217,-0.0002589964532589754
Odisha,Jagatsinghapur,0.2191928659003015,0.019576990632318502,244,11.19645353144568,-0.00014362258911718064
Odisha,Jagatsinghpur,0.06495698024616309,0.004219409282700422,237,15.394804318340652,-8.653965769959564e-05
Odisha,Jajapur,0.19746828948280182,0.018666273485550593,242,10.578881191024035,0.0001249315008311765
Odisha,Jajapur  *,0.0,0.0,3,0.0,0.0
Odisha,Jajpur,0.1427604952185623,0.014577040892830366,247,9.79351682334775,6.567682765454929e-05
Odisha,Jharsuguda,0.19245008972987526,0.012345679012345678,243,15.588457268119898,0.00026845704938104336
Odisha,Kalahandi,1.2105880177754833,0.22460116613328168,238,5.3899453801459885,-0.001975382240444438
Odisha,Kandhamal,0.6015115669243771,0.06756823706470308,244,8.902282981697036,-0.00026498531342402417
Odisha,Kendrapara,0.40727365121379344,0.03602897252090801,248,11.304059558663463,-0.00020929931616821778
Odisha,Kendrapara *,,0.0,1,0.0,0.0
Odisha,Kendujhar,0.5617779500988405,0.09584165145727809,242,5.861522016336038,-0.0004440186446213231
Odisha,Khorda,0.0,0.0,250,0.0,0.0
Odisha,Khordha,0.0,0.0,248,0.0,0.0
Odisha,Khordha  *,,0.0,1,0.0,0.0
Odisha,Koraput,0.2990290532404155,0.02530219583720764,246,11.818304433510244,-0.00030738533190572
Odisha,Malkangiri,1.7665877373521914,0.24077930735826164,233,7.336958299010474,-0.0010897400112790771
Odisha,Mayurbhanj,0.5159149242058018,0.0457435268883101,250,11.278424714943558,-8.492342649353081e-05
Odisha,Nabarangapur,1.1431570248895806,0.3141356327400889,229,3.639055572646264,-0.001959258921717011
Odisha,Nabarangpur,,0.0,1,0.0,0.0
Odisha,Nayagarh,0.3504607960859975,0.0443738108930953,241,7.89791971959141,-0.00046379817834056337
Odisha,Nuapada,2.9835817375115115,1.1843262717166316,191,2.5192227925391997,-0.013040602321098375
Odisha,Puri,0.2611373192954635,0.02672581862395707,244,9.770975511349898,-2.9475901656563135e-05
Odisha,Rayagada,0.9704769212623467,0.13711073945994187,236,7.078051836675275,4.6901041154343006e-05
Odisha,Sambalpur,0.7193422126898751,0.08288640866441696,241,8.678650990927634,0.00014128898079208423
Odisha,Sonapur,1.2819911070045038,0.28638207420710604,216,4.476506117060219,-0.0010109134962623726
Odisha,Subarnapur,0.6922509540983707,0.15763163193395754,215,4.391573858655482,-0.001328699143032985
Odisha,Sundargarh,0.042678959977631985,0.00273224043715847,244,15.620499351813306,1.1289680818694611e-05
Odisha,Sundergarh,0.18063296664609269,0.011447149140780809,249,15.779733838059501,0.00020383310728100038
Puducherry,Cuddalore,0.0,0.0,5,0.0,0.0
Puducherry,Karaikal,0.6361334387938604,0.10604112892845288,213,5.998931218688426,-0.0012801236957805712
Puducherry,Pondicherry,0.15585845672236476,0.016839278864595318,237,9.255649126997836,0.00012848188952786552
Puducherry,Puducherry,0.31414214576520283,0.027945113788487286,249,11.241397982591927,0.00040141210001295514
Puducherry,Viluppuram,0.0,0.0,8,0.0,0.0
Puducherry,Yanam,2.151558534923958,0.9743589743589743,78,2.2081784963693254,-0.03284057714437459
Punjab,Amritsar,0.338697847122371,0.03257653242792258,254,10.39698893280797,-0.0005766963444893165
Punjab,Barnala,3.6158951077110615,0.3558930560032517,236,10.160060857377402,-0.002613727103348096
Punjab,Bathinda,0.9781317629058552,0.17766884459868765,237,5.505364573711424,-0.0010660099111402567
Punjab,Faridkot,0.8713248222111412,0.14579777031744673,226,5.976256154768335,-0.00022158527248601002
Punjab,Fatehgarh Sahib,0.33317449136671357,0.035500831348582215,238,9.384977159979085,-0.00043933379270398983
Punjab,Fazilka,1.3041089899043283,0.24410054355844119,230,5.34250752125878,-0.00040365361752429317
Punjab,Ferozepur,0.41290729686687877,0.042869249394673126,236,9.631782750975482,8.728314690417615e-05
Punjab,Firozpur,0.08546278569453696,0.007936507936507938,231,10.768310997511655,-3.9590594313233004e-05
Punjab,Gurdaspur,0.5546618735979874,0.06491166904540001,252,8.544871542434844,-0.0006320681465817233
Punjab,Hoshiarpur,0.4862649714016248,0.0479253733785353,255,10.14629489813035,-0.0009462245367755216
Punjab,Jalandhar,0.0,0.0,254,0.0,0.0
Punjab,Kapurthala,0.158504000009708,0.015230394328754985,244,10.407084451546499,-0.0002098954089586408
Punjab,Ludhiana,0.17841316805246168,0.01104349785891368,261,16.15549442140352,-0.00018870568860504275
Punjab,Malerkotla,1.6536763324075938,0.4025344108533976,214,4.108161408863651,-0.0019443592712211528
Punjab,Mansa,1.8098904741577653,0.3608816598235288,228,5.015191060257266,-0.0024103553508350397
Punjab,Moga,0.5419061373857643,0.04857480182155506,242,11.156116279722907,0.00016720233709330388
Punjab,Muktsar,0.8865567393618913,0.1417099567099567,220,6.256135842144399,0.00038733135429348114
Punjab,Nawanshahr,0.1647400192657744,0.017226890756302522,210,9.562957215915683,0.00022548578151412947
Punjab,Pathankot,0.7329397949051408,0.13111592173101125,230,5.590013670565438,-0.0012802976032741844
Punjab,Patiala,1.5172370474276462,0.23784045076439878,248,6.379222048021591,8.311875707425231e-05
Punjab,Rupnagar,0.3860152571352332,0.04008555302726096,241,9.62978499692186,-0.000747699990929113
Punjab,S.A.S Nagar,0.0,0.0,2,0.0,0.0
Punjab,S.A.S Nagar(Mohali),0.1678632328497543,0.01876876876876877,222,8.943753046234908,6.187832618853463e-05
Punjab,Sangrur,0.4442957010004572,0.048840347406107126,244,9.096898867367624,-0.0004022803663522666
Punjab,Sas Nagar (Mohali),0.7562983900080935,0.07440538129924187,248,10.164565745136494,-0.0006816677199726457
Punjab,Shaheed Bhagat Singh Nagar,0.13833996398252169,0.012052953961667653,241,11.477681274025285,-0.00018191289409697552
Punjab,Sri Muktsar Sahib,0.8055707782608804,0.1384014169579023,239,5.8205385173615065,6.550834363674926e-05
Punjab,Tarn Taran,0.40370463088868536,0.04439201832494515,246,9.094081461527784,0.00025939990369793105
Rajasthan,Ajmer,0.36629643955841695,0.0447863282223734,255,8.178755751971433,-0.0005698860775056558
Rajasthan,Alwar,0.5472565418508262,0.08474414177709455,247,6.4577507114331745,-0.0007932003474028664
Rajasthan,Balotra,0.0,0.0,43,0.0,0.0
Rajasthan,Banswara,1.5891462191368941,0.25581339848953866,234,6.212130515915418,-0.00024327712925931017
Rajasthan,Baran,1.8664375719879776,0.46878711891687025,224,3.981418210253665,-0.0019068861857137003
Rajasthan,Barmer,0.8812355767995241,0.12515553510838734,245,7.041123479168185,-0.0008045585497804198
Rajasthan,Beawar,0.0,0.0,44,0.0,0.0
Rajasthan,Bharatpur,1.2500975264739316,0.2640796553128614,235,4.733789602205105,-0.0019521234139950514
Rajasthan,Bhilwara,0.6082839638242169,0.07743847691363362,244,7.8550610506277145,-0.001062153463073351
Rajasthan,Bikaner,0.7998850912286211,0.16752867273637906,237,4.774616059230111,-0.0020291294473620217
Rajasthan,Bundi,0.8976163681035436,0.14715148091938537,240,6.099947907389995,-0.00021942899233908016
Rajasthan,Chittaurgarh,0.3089200837060687,0.05319062536257106,221,5.80779191070478,-8.423764079874099e-07
Rajasthan,Chittorgarh,0.8063060880969614,0.08847713810823848,246,9.113157425035233,0.001342656359446159
Rajasthan,Churu,0.8024138419511512,0.14796565711733836,246,5.422973530370148,-0.001062420029700278
Rajasthan,Dausa,0.6152088709639367,0.052179160761895604,248,11.79031747504072,-0.0006974608704651858
Rajasthan,Deeg,0.17624061139700484,0.031055900621118012,161,5.674947686983556,0.0003314067172762825
Rajasthan,Dhaulpur,1.668240653257537,0.632387706855792,141,2.638002976926871,-0.0036886567632746863
Rajasthan,Dholpur,2.8871442527673543,0.81180398893882,212,3.5564548734743138,-0.007135200814304029
Rajasthan,Didwana-Kuchaman,0.0,0.0,47,0.0,0.0
Rajasthan,Dungarpur,1.4832163170677513,0.277390032979021,232,5.347042578058048,-0.000754104804448023
Rajasthan,Ganganagar,0.28735790541954354,0.03771876055340987,246,7.618434466123136,-0.0002536505130268739
Rajasthan,Hanumangarh,1.2429810313969645,0.22046708267175633,240,5.637943843288315,4.436818888136985e-05
Rajasthan,Jaipur,0.22543851965647393,0.02776016409793178,257,8.120936132119976,-0.0002044253757027954
Rajasthan,Jaisalmer,0.6051114840466381,0.08805897882510205,239,6.871661381044147,0.00021704913230200307
Rajasthan,Jalor,0.8342743605701621,0.1606683032162948,234,5.192526116660644,-0.0005572932278014254
Rajasthan,Jalore,0.0,0.0,81,0.0,0.0
Rajasthan,Jhalawar,1.7321398825608885,0.47411775523932054,223,3.6533959410285233,-0.004653297747273563
Rajasthan,Jhunjhunu,0.11575297763390766,0.01074589127686473,226,10.771835918637757,2.799482429906193e-05
Rajasthan,Jhunjhunun,0.07063984420920578,0.0044410889550117695,253,15.905973720586864,4.912340613905032e-05
Rajasthan,Jodhpur,0.7545867500966713,0.11518834882802748,252,6.550894754323158,-6.213466188280545e-05
Rajasthan,Karauli,0.4227884914287691,0.05760522614217546,246,7.339412059337895,-0.0003140013097141669
Rajasthan,Khairthal-Tijara,0.0,0.0,48,0.0,0.0
Rajasthan,Kota,0.6515904103193149,0.08485503023817602,247,7.678866043537939,-0.0007154589558002641
Rajasthan,Kotputli-Behror,0.0,0.0,46,0.0,0.0
Rajasthan,Nagaur,0.6310750135970329,0.0749746797807769,250,8.417175177570241,0.0005901669059280554
Rajasthan,Pali,0.6554385287780792,0.06249432920021155,250,10.487968063122445,-0.0009241578359465421
Rajasthan,Phalodi,0.0,0.0,39,0.0,0.0
Rajasthan,Pratapgarh,1.7687790094770066,0.41247881910234696,229,4.288169301217199,-0.00336598758378518
Rajasthan,Rajsamand,0.4474713376889257,0.05303414865847456,247,8.43741907823427,-0.0003767639515239187
Rajasthan,Salumbar,0.0,0.0,52,0.0,0.0
Rajasthan,Sawai Madhopur,0.7015578712418046,0.13590435449156044,243,5.162144170188239,-0.0007143204574572904
Rajasthan,Sikar,0.5711379183335796,0.08435002397704493,250,6.771046306863048,0.00021153226456969046
Rajasthan,Sirohi,1.3278570244610022,0.25832306525995824,238,5.140296020894378,-0.0024070499384912522
Rajasthan,Tonk,1.6432022332103835,0.35252372177367364,233,4.6612529362360124,-7.166144689583989e-05
Rajasthan,Udaipur,0.26266105972244813,0.025930276941346114,255,10.12951231938569,-0.00041623989067466217
Sikkim,East,0.5210301221901207,0.0666285874619208,216,7.8199184770035375,-0.0008035442688748872
Sikkim,East Sikkim,0.4130295903111152,0.0689363595905652,214,5.991462165455622,0.00034547063588515086
Sikkim,Mangan,0.1690308509457033,0.02857142857142857,35,5.916079783099616,-0.0022408963585434155
Sikkim,Namchi,0.24137793047859377,0.03529411764705882,85,6.839041363560157,-0.00019542700801250776
Sikkim,North,0.8641503135755224,0.23109243697478993,119,3.739414084199533,-0.0024664102929307344
Sikkim,North Sikkim,0.9199409713283111,0.16887417218543047,151,5.4474935949245085,-0.0010177762286510989
Sikkim,South,1.0790894976537986,0.18781328320802004,190,5.745544080918974,-0.0029349270708558957
Sikkim,South Sikkim,0.5228707844762535,0.14078057359307358,176,3.7140833506447564,-0.0006669588482542471
Sikkim,West,2.7647101744422855,1.175287631831256,149,2.352368985738832,-0.01585437450873694
Sikkim,West Sikkim,1.981705844848307,0.6533260233918129,152,3.033257170072709,-0.012675944666236436
Tamil Nadu,Ariyalur,0.6131103861498004,0.08142361111111111,240,7.529884486615885,-0.00014361143422628848
Tamil Nadu,Chengalpattu,0.13785624204994304,0.017722908093278464,243,7.7784210878025135,-0.00010634578940589873
Tamil Nadu,Chennai,0.6766658330270213,0.0549930407780035,254,12.304572059555557,-0.0005617234228872903
Tamil Nadu,Coimbatore,0.08667907181528164,0.007660505836575875,257,11.31505851760121,-3.6805563410551026e-05
Tamil Nadu,Cuddalore,0.5220718498982894,0.03993988929921389,251,13.071439582296613,0.00019673104650231346
Tamil Nadu,Dharmapuri,0.7159407277727106,0.12663354458592704,242,5.653642011788668,-0.0008967965035410775
Tamil Nadu,Dindigul,0.0,0.0,249,0.0,0.0
Tamil Nadu,Erode,0.13434967138677564,0.008531212664277182,248,15.748015748023624,-5.825909823905193e-06
Tamil Nadu,Kallakurichi,0.2466255399331505,0.0347919024267572,241,7.0885902388447635,-0.00040730510758973427
Tamil Nadu,Kancheepuram,0.31834018374706824,0.019818994157406344,258,16.06237840420901,-0.0002626136569390261
Tamil Nadu,Kanchipuram,0.0,0.0,18,0.0,0.0
Tamil Nadu,Kanniyakumari,0.0,0.0,252,0.0,0.0
Tamil Nadu,Kanyakumari,0.0698500698501048,0.004435483870967742,248,15.74801574802363,-2.8991504741704156e-05
Tamil Nadu,Karur,0.3509416570999126,0.043864067187455585,247,8.000663860014246,2.2276239940483678e-06
Tamil Nadu,Krishnagiri,0.5949159610151685,0.062069478608918406,251,9.584677918169083,-7.459679290875443e-05
Tamil Nadu,Madurai,0.8458229846222323,0.08319665008951069,249,10.16655098146641,-0.0013911101905436651
Tamil Nadu,Mayiladuthurai,0.14208242184422518,0.0208060526698676,237,6.828898498848668,-6.676982210442944e-05
Tamil Nadu,Nagapattinam,0.0,0.0,254,0.0,0.0
Tamil Nadu,Namakkal,0.462836362269705,0.04143030303030303,250,11.171445256656131,0.0008593080034735101
Tamil Nadu,Namakkal   *,,0.0,1,0.0,0.0
Tamil Nadu,Perambalur,0.2974136615203463,0.026490622616878,246,11.227129910146198,-0.0003833902475772574
Tamil Nadu,Pudukkottai,0.34927249040332387,0.03408206469288005,252,10.247985078095606,0.00011485892807415587
Tamil Nadu,Ramanathapuram,0.282863919227697,0.017961876832844573,248,15.748015748023622,-0.00026810079073462
Tamil Nadu,Ranipet,0.315352428785103,0.04983660130718954,204,6.327727423491248,-0.0007210117015687691
Tamil Nadu,Salem,0.6915833460911683,0.08252896990103743,251,8.379885837911988,0.00043787418454752276
Tamil Nadu,Sivaganga,0.27993615350955087,0.023618742368742368,252,11.852288709496461,0.0003350300314616962
Tamil Nadu,Tenkasi,0.09914037645450113,0.008747248540530194,243,11.33389270867705,-1.8962951760234514e-05
Tamil Nadu,Thanjavur,0.8257297671864351,0.07116249891840443,254,11.60343972930496,-0.0011038990210104059
Tamil Nadu,The Nilgiris,0.0,0.0,252,0.0,0.0
Tamil Nadu,Theni,0.6623018863224795,0.08123619291683741,249,8.15279326297931,0.00015971652357782106
Tamil Nadu,Thiruvallur,0.13985535387862078,0.012811302681992338,232,10.91655995882468,-8.236608244007983e-05
Tamil Nadu,Thiruvarur,0.067607315493255,0.0042758620689655165,250,15.811388300841896,2.0524466322495497e-06
Tamil Nadu,Thoothukkudi,0.2716420751705113,0.032308371420758625,250,8.407792260181122,0.00032817225227953353
Tamil Nadu,Tiruchirappalli,0.22660009500187459,0.020130846889683262,254,11.256361753861608,-7.57701541562824e-05
Tamil Nadu,Tirunelveli,0.2994134891750869,0.01875,255,15.968719422671303,0.00012802965059055123
Tamil Nadu,Tirupathur,0.3591124456683168,0.06557377049180328,61,5.476464796441831,-0.004230565838180856
Tamil Nadu,Tirupattur,0.24423460577020706,0.027983731749422126,239,8.72773538415764,-0.00021052538404248977
Tamil Nadu,Tiruppur,0.4919037185045669,0.030804205740267123,255,15.968719422671317,1.1369662551771963e-05
Tamil Nadu,Tiruvallur,0.07244541511442562,0.004501539063751045,259,16.09347693943108,-3.8653644912352475e-05
Tamil Nadu,Tiruvannamalai,0.5505728661262375,0.06926470847004514,249,7.94882239870169,-0.000363621622906219
Tamil Nadu,Tiruvarur,0.0,0.0,5,0.0,0.0
Tamil Nadu,Tuticorin,0.0,0.0,9,0.0,0.0
Tamil Nadu,Vellore,0.0,0.0,256,0.0,0.0
Tamil Nadu,Villupuram,0.07907767343100854,0.004981425194191151,252,15.874507866387544,2.3533180452220113e-06
Tamil Nadu,Viluppuram,0.0,0.0,253,0.0,0.0
Tamil Nadu,Virudhunagar,0.3702839580294129,0.03879230308475592,252,9.545294519389392,-3.6073102445839604e-05
Telangana,Adilabad,0.3911350710761551,0.037858821125753395,251,10.331411793751975,0.00021532818664292768
Telangana,Bhadradri Kothagudem,0.935682850666069,0.15698226858279848,239,5.960436545561539,-0.001809997174652626
Telangana,Hanumakonda,0.372131937632192,0.02868522690698423,239,12.9729473236827,0.00028199403353230593
Telangana,Hyderabad,0.35050863164520246,0.034259702215099,260,10.23093048049687,0.00012855844654325262
Telangana,Jagitial,0.7409720651945005,0.10260311314030322,242,7.221730827808981,-0.00038814428029094577
Telangana,Jangaon,0.45343835989503706,0.11306584362139918,162,4.010392045659472,-0.0008673682764551441
Telangana,Jangoan,1.1061970510058214,0.13198480652207834,232,8.381245388428686,-0.001493194504091701
Telangana,Jayashankar Bhupalpally,2.2602893224928224,0.5131982728699404,214,4.404319815522151,-0.004722723238228704
Telangana,Jogulamba Gadwal,2.1998100298932686,0.5203663152302158,213,4.227425883476044,-0.0005550545195029548
Telangana,K.V. Rangareddy,0.6237254734999524,0.07391275651106066,256,8.438671522237371,0.0003261969084273035
Telangana,Kamareddy,0.9544333627521944,0.16631888833428582,236,5.7385746881248405,-0.0007268502608940935
Telangana,Karimnagar,0.0,0.0,252,0.0,0.0
Telangana,Khammam,0.2762116797505636,0.026150218541522892,252,10.56249986255289,1.660963898968391e-05
Telangana,Komaram Bheem,2.725868910453892,0.5169163847956418,222,5.273326577820781,-0.0036681081339093305
Telangana,Mahabubabad,1.4437156288664388,0.31078816548511895,227,4.645336564257194,0.00025738039518530584
Telangana,Mahabubnagar,0.37187071432438434,0.03088365319602642,255,12.04102092340003,0.0001435412246312088
Telangana,Mancherial,0.6419526813511418,0.05852746504007007,238,10.968400577602964,-0.0008947031189167793
Telangana,Medak,0.16534300189321025,0.0145953118089341,247,11.328500826683284,0.00012072218204246563
Telangana,Medchal Malkajgiri,0.0,0.0,2,0.0,0.0
Telangana,Medchal-Malkajgiri,0.5687655499512138,0.06693467502557003,246,8.497322945602365,-7.875755418101315e-05
Telangana,Medchal?Malkajgiri,0.0,0.0,13,0.0,0.0
Telangana,MedchalâMalkajgiri,,0.0,1,0.0,0.0
Telangana,Medchal−Malkajgiri,0.163690568873349,0.020923520923520924,231,7.823280291671094,-0.00031875296118174666
Telangana,Mulugu,0.7287445164402757,0.10608277591973243,230,6.869583776650797,-0.0005914959052918355
Telangana,Nagarkurnool,0.7999420595218455,0.0900577116240471,236,8.88254925753905,-0.0005675284967102949
Telangana,Nalgonda,0.25010506907402097,0.0206072536387497,254,12.136749198045758,-0.0003367272492050288
Telangana,Narayanpet,1.0954254525743432,0.1926164016487218,226,5.687082944120675,-0.0007500283982800974
Telangana,Nirmal,1.474182001447413,0.2073715709873009,226,7.108891515017212,-0.0015978453447942314
Telangana,Nizamabad,0.43804393324702673,0.03655142073604447,251,11.984320292509404,0.0005654821374974816
Telangana,Peddapalli,0.7560103933760567,0.09293753865182437,231,8.13460744003915,6.225922289319158e-05
Telangana,Rajanna Sircilla,1.4695420365456153,0.3171245439463664,224,4.633958690987195,0.0001600315755916904
Telangana,Ranga Reddy,,0.0,1,0.0,0.0
Telangana,Rangareddy,1.5593275691847246,0.3658597250702514,209,4.2620913490417855,-0.0037664309374835676
Telangana,Sangareddy,0.4064883055010072,0.03227217814346818,249,12.595626601152718,0.0005799512763880071
Telangana,Siddipet,0.7190953136902679,0.04566259808195292,248,15.748015748023624,-0.0009666634587370172
Telangana,Suryapet,2.1348197927750507,0.33490353722134214,239,6.37443190504172,-0.0015063059754971365
Telangana,Vikarabad,2.354088297185068,0.3961450867025376,234,5.942490204233519,-0.004377007566093727
Telangana,Wanaparthy,1.4543264315300835,0.29893845878732617,223,4.864969323216907,-0.0035935383281475775
Telangana,Warangal,0.11858541225631421,0.0075,250,15.811388300841895,3.384054144866317e-05
Telangana,Warangal (Urban),0.5207556439232953,0.06779661016949153,59,7.681145747868606,-0.005844535359438924
Telangana,Warangal Rural,0.23511144272871282,0.025847123719464148,235,9.096232342156602,-5.6301967589381836e-05
Telangana,Warangal Urban,0.3989031113339444,0.059861177916733475,243,6.663803239702636,-0.000356481218096627
Telangana,Yadadri.,0.9776922853067828,0.14318273924656902,235,6.828283146777488,0.00018913216200242174
Tripura,Dhalai,0.9186613077905231,0.1956807789185253,232,4.694693637605673,0.0005504457169666666
Tripura,Dhalai  *,0.8581300945443429,0.20127118644067796,118,4.26355162763084,0.00030768500359726537
Tripura,Gomati,0.5177890068718323,0.07331573655103067,221,7.062453863659004,-0.0008716367539896957
Tripura,Khowai,1.435639069405346,0.22654320987654322,207,6.337153385385996,0.00030618662952981284
Tripura,North Tripura,0.8582719786774172,0.14392580115314713,236,5.963294779677174,6.184898638398467e-05
Tripura,Sepahijala,0.8355984561670114,0.1694915315830756,211,4.930030712227332,-0.00021459164956377048
Tripura,South Tripura,0.33340448217760754,0.03218465220760622,241,10.359114028232806,-0.00012743103969216953
Tripura,Unakoti,0.884744764627326,0.20285689528336587,210,4.361423176626299,-0.002344566751839559
Tripura,West Tripura,0.7101735638839541,0.0894479350181631,245,7.9395188244395785,0.000373469109105707
Uttar Pradesh,Agra,1.4541806126760235,0.3414383779799673,244,4.258984069920056,0.000684404996687284
Uttar Pradesh,Aligarh,0.910519229149009,0.09162232368369268,259,9.937744345934625,-0.0007652671152387554
Uttar Pradesh,Allahabad,0.675088239833613,0.07081134226534457,252,9.533617330736641,-9.02876039781617e-05
Uttar Pradesh,Ambedkar Nagar,0.9773459576939263,0.14558012682115526,247,6.713457248835844,-0.00028331992720901413
Uttar Pradesh,Amethi,0.47846456603236914,0.04798509554131491,248,9.971107916632441,-0.0003864133695901861
Uttar Pradesh,Amroha,1.7086790883938634,0.4748623494091761,230,3.5982618763517524,-0.003968683617925734
Uttar Pradesh,Auraiya,1.142480253571305,0.22761129738392497,236,5.019435619859494,0.0011222337723620058
Uttar Pradesh,Auraiya *,,0.0,1,0.0,0.0
Uttar Pradesh,Ayodhya,0.1679080584664306,0.014735042735042735,250,11.395152459728758,0.00010524065820950586
Uttar Pradesh,Azamgarh,0.46436237661562535,0.04132785513732618,253,11.236062821857551,1.8775289481272872e-06
Uttar Pradesh,Baghpat,0.8803691558605766,0.1771577222549,238,4.969408867166819,-0.0005061829856172238
Uttar Pradesh,Baghpat *,0.0,0.0,2,0.0,0.0
Uttar Pradesh,Bagpat,0.0,0.0,15,0.0,0.0
Uttar Pradesh,Bahraich,1.1958637654063538,0.22539340371074124,242,5.305673305954713,-0.00034853035131226313
Uttar Pradesh,Ballia,0.5605649088459965,0.06447141049269696,243,8.694782765912883,-0.00016701790512346534
Uttar Pradesh,Balrampur,2.349445450781122,0.744080735488177,220,3.1575141496435815,-0.0007367715574715113
Uttar Pradesh,Banda,1.9758200828117862,0.5509201353398018,229,3.586400198629736,-0.002196254428376582
Uttar Pradesh,Bara Banki,0.6342281651381986,0.06881072079079718,251,9.216996390234309,0.00038465930452408984
Uttar Pradesh,Barabanki,0.2834899435950378,0.04092737890912333,232,6.926657683711175,-0.0006334817153476425
Uttar Pradesh,Bareilly,1.489856316595227,0.21008545979752316,248,7.091667924239619,0.0014095908513219227
Uttar Pradesh,Basti,0.684533129950434,0.11763285897945171,242,5.819233978407422,0.00026653681567768067
Uttar Pradesh,Bhadohi,0.8269787883850931,0.12394241560908227,234,6.672282320149436,-0.00040152608411214913
Uttar Pradesh,Bijnor,1.006531867449415,0.18577617492412668,245,5.4179814384729115,4.318713333469205e-05
Uttar Pradesh,Budaun,0.9811422553594117,0.14305689370530494,244,6.85840598063418,-0.0010428134285192401
Uttar Pradesh,Bulandshahar,0.5590256335131876,0.1398176291793313,188,3.998248552735624,6.643534267349865e-05
Uttar Pradesh,Bulandshahr,0.9261458548329654,0.1612934155367051,254,5.741994189602892,-0.001365991003550499
Uttar Pradesh,Chandauli,1.0446802024221018,0.21998198896643595,239,4.748935162057723,-0.0008262190045804747
Uttar Pradesh,Chandauli *,0.0,0.0,2,0.0,0.0
Uttar Pradesh,Chitrakoot,2.544636154119806,1.0542647036493813,197,2.413659629608619,-0.009691021532224318
Uttar Pradesh,Chitrakoot *,,0.0,1,0.0,0.0
Uttar Pradesh,Deoria,0.9965637322874306,0.18665992539275786,246,5.338927089949945,-0.0005450844392448587
Uttar Pradesh,Etah,1.3789618219330713,0.2802153393618203,231,4.921078999720729,-0.002369809036092989
Uttar Pradesh,Etawah,1.589870382338099,0.3987312800367416,228,3.987322946400389,-0.004327677853857605
Uttar Pradesh,Faizabad,0.39276869195363545,0.035465630111293736,246,11.074628893413106,0.0001938311458768392
Uttar Pradesh,Farrukhabad,1.3963965345553384,0.35199285116549983,232,3.967116178444151,-0.003031916258226678
Uttar Pradesh,Fatehpur,1.1182392004714528,0.14089080925520453,245,7.936920842337662,0.0006306950590792071
Uttar Pradesh,Firozabad,0.5759979472457866,0.07909044284925174,253,7.28277559835709,-0.0005644402604385271
Uttar Pradesh,Gautam Buddha Nagar,0.35776976938492816,0.04128005112032028,254,8.666892595218092,-0.0001517516413888043
Uttar Pradesh,Gautam Buddha Nagar *,,0.0,1,0.0,0.0
Uttar Pradesh,Ghaziabad,1.473589028598753,0.27987327486533603,249,5.26520093534399,0.0012021959873631625
Uttar Pradesh,Ghazipur,0.8794170279645629,0.13549725989756942,241,6.490293815752197,0.00033342885194152956
Uttar Pradesh,Gonda,0.45178367085703164,0.054011860660179684,249,8.36452707488579,-0.0009498421233950249
Uttar Pradesh,Gorakhpur,0.0704502327470793,0.004411764705882353,255,15.96871942267131,-2.442537054191757e-05
Uttar Pradesh,Hamirpur,1.467378664330404,0.2679803769533416,238,5.475694455739538,-0.0003408919711485601
Uttar Pradesh,Hapur,1.156781777925985,0.21931129749840256,234,5.274610980469034,0.0005481277425171559
Uttar Pradesh,Hardoi,2.2434998453259705,0.6742222199534306,224,3.327537685543695,-0.003417941440080901
Uttar Pradesh,Hathras,1.0981758130915393,0.15412628069476017,243,7.125169102512924,0.00015799814784694157
Uttar Pradesh,Jalaun,1.0632430769883767,0.1369041196839636,242,7.766333689905175,-0.0001130066038150307
Uttar Pradesh,Jaunpur,0.532239447888783,0.04152260446512702,255,12.818065117658675,-0.0003459248537069556
Uttar Pradesh,Jhansi,1.412858664431005,0.28646108783628804,236,4.932113730010168,0.0009032545283695064
Uttar Pradesh,Jyotiba Phule Nagar,0.5983888125394698,0.1849462365591398,155,3.2354743933820167,-0.0022977022977023007
Uttar Pradesh,Jyotiba Phule Nagar *,,0.0,1,0.0,0.0
Uttar Pradesh,Kannauj,1.4984497314665346,0.35159546462917757,229,4.2618573963885655,0.0003536323782938141
Uttar Pradesh,Kanpur Dehat,0.9594781941536473,0.1766037437296703,243,5.432943684491385,-0.00030158880713728153
Uttar Pradesh,Kanpur Nagar,0.6470869206352865,0.09133311209923121,256,7.084910453201706,-0.00041937032661504406
Uttar Pradesh,Kasganj,1.9832672982415986,0.3950230670067711,230,5.0206366764085795,0.001787679740988535
Uttar Pradesh,Kaushambi,1.83793222230812,0.3412114091880167,229,5.38649111025291,-0.0021509500728310615
Uttar Pradesh,Kheri,2.0574621530660964,0.4621657910527518,235,4.451783738427444,-0.00019960004506979043
Uttar Pradesh,Kushi Nagar,,0.0,1,0.0,0.0
Uttar Pradesh,Kushinagar,2.012748687698226,0.4610173770981282,233,4.36588464488576,-0.0001717458884931524
Uttar Pradesh,Kushinagar *,0.2638516746913397,0.04225352112676056,71,6.244489634361706,-0.0003018108651911471
Uttar Pradesh,Lalitpur,3.2299685183626003,0.9851689537916988,216,3.2785934899096865,-0.0067215178725360545
Uttar Pradesh,Lucknow,1.2362091231471317,0.14332383023370532,259,8.625286675156227,-0.0008652980599854082
Uttar Pradesh,Maharajganj,1.696970048777492,0.5337838792230638,230,3.179133193845186,-0.0022926450788338
Uttar Pradesh,Mahoba,1.9889077005811309,0.6165904544899277,217,3.225654380631708,-0.0015061894082884124
Uttar Pradesh,Mahoba *,,0.0,1,0.0,0.0
Uttar Pradesh,Mahrajganj,0.27152438232335313,0.0784313725490196,51,3.4619358746227524,-0.0018099547511312214
Uttar Pradesh,Mainpuri,0.8399672595115092,0.14349359618643462,241,5.853691606001556,-0.0018074275240164406
Uttar Pradesh,Mathura,1.2755680227012356,0.22445173496326115,245,5.683039264143019,0.0010107180700431788
Uttar Pradesh,Mau,1.1972939663842372,0.19086439595075363,236,6.273008438374018,-0.0002514152666075853
Uttar Pradesh,Meerut,0.8527313534299183,0.13763038856076973,246,6.195807207602272,-0.0003143987484265617
Uttar Pradesh,Mirzapur,1.496125645747849,0.27036356305219994,237,5.533754729586055,0.0006814414661342874
Uttar Pradesh,Moradabad,1.092149517279966,0.21375396851391187,244,5.109376564435037,-0.0018093516213553078
Uttar Pradesh,Muzaffarnagar,0.8492277931811621,0.10662144035215218,251,7.96488764714029,0.00026422967706420087
Uttar Pradesh,Pilibhit,3.0339067260431136,0.8299067053349223,217,3.6557202231770516,-0.0020959741664776893
Uttar Pradesh,Pratapgarh,0.6243815906601298,0.07710007178513088,248,8.098326969139668,-0.0012343539591475005
Uttar Pradesh,Prayagraj,0.29964092464107467,0.019027217741935484,248,15.748015748023633,-0.000413937813419015
Uttar Pradesh,Rae Bareli,0.7450752497603145,0.06515066266566641,248,11.436188355962186,-0.0001320213839616674
Uttar Pradesh,Raebareli,0.11470786693528089,0.02631578947368421,19,4.358898943540674,0.007017543859649122
Uttar Pradesh,Rampur,1.8263153450530585,0.4998581664560256,226,3.653667115217025,-0.00019961967846057892
Uttar Pradesh,Saharanpur,0.920912572781455,0.16694194511437227,247,5.5163642196126075,-0.0009393990413970125
Uttar Pradesh,Sambhal,0.5487924665664986,0.08348147865211193,243,6.573823025505492,-0.00042494687293552296
Uttar Pradesh,Sant Kabir Nagar,1.8596514909243842,0.5204922284856937,227,3.5728708117982957,-0.0018888953462255571
Uttar Pradesh,Sant Ravidas Nagar,1.2769817923915603,0.3509386518925726,221,3.6387607506467052,-0.001266105950855281
Uttar Pradesh,Sant Ravidas Nagar Bhadohi,0.47356811004341104,0.15145502645502645,126,3.1267903160944868,-0.0015245594300712408
Uttar Pradesh,Shahjahanpur,2.324017066735519,0.5066519948914155,226,4.587008617687564,-0.002563847893567495
Uttar Pradesh,Shamli,1.5508990011030288,0.41863177903031856,229,3.704685307683505,-0.0021726038021372914
Uttar Pradesh,Shravasti,0.0,0.0,2,0.0,0.0
Uttar Pradesh,Shrawasti,1.465816988842514,0.2597477998852388,235,5.643231586524076,-0.0013172022437499436
Uttar Pradesh,Siddharth Nagar,0.0,0.0,2,0.0,0.0
Uttar Pradesh,Siddharthnagar,0.7189334739782677,0.1436549015969006,239,5.004587145906192,0.0003177887479030997
Uttar Pradesh,Sitapur,1.7310576862274285,0.4532841251578213,223,3.8189241364336795,-0.003243057388811157
Uttar Pradesh,Sonbhadra,0.745761486819657,0.11709520787153774,232,6.368847200286911,-0.001701152530173135
Uttar Pradesh,Sultanpur,0.719983352550987,0.10183526991498351,243,7.070078501800606,-0.0007717355237383249
Uttar Pradesh,Unnao,1.206278294309013,0.1378321423982327,247,8.751792385434763,8.800746434635454e-06
Uttar Pradesh,Varanasi,0.7773523171386622,0.06606300758589916,250,11.76683208265838,-0.00042481713817193523
Uttarakhand,Almora,0.42994702685076935,0.038998387601376555,243,11.024738541641481,0.0004777509403870802
Uttarakhand,Bageshwar,0.5083122713422479,0.0544189852700491,235,9.34071572301093,-0.0002719411114928329
Uttarakhand,Chamoli,0.065766705220582,0.004201680672268907,245,15.652475842498518,3.192000510720083e-05
Uttarakhand,Champawat,1.8085246818459606,0.33622687264196016,223,5.378882025803495,0.0028610050221442316
Uttarakhand,Dehradun,1.0352312335506826,0.14168709296650706,254,7.306461102955916,-0.0008753405155390829
Uttarakhand,Garhwal,1.354502745614297,0.3392018779342723,142,3.9932053261708687,0.0020575269301670233
Uttarakhand,Hardwar,0.3600088403902451,0.06666666666666667,200,5.400132605853677,-0.0004933873346833677
Uttarakhand,Haridwar,2.139762637706978,0.40152885776957353,242,5.3290382404716965,0.0036352441702410827
Uttarakhand,Nainital,0.48793576137162037,0.05684944152134405,246,8.58294731335972,-0.0007158965795696065
Uttarakhand,Pauri Garhwal,0.0,0.0,253,0.0,0.0
Uttarakhand,Pithoragarh,0.5214698808100816,0.06424740949011183,238,8.116589990921577,-0.00024680475330576905
Uttarakhand,Rudraprayag,0.9775527923449154,0.11831423895253683,235,8.262342732366072,0.0011100892351412484
Uttarakhand,Tehri Garhwal,0.3670915652590934,0.035426664411856046,240,10.362013227986571,-0.0002958439364757333
Uttarakhand,Udham Singh Nagar,1.0527960147973718,0.20644461232890232,243,5.099653620991978,-0.0008535282277107055
Uttarakhand,Udham Singh Nagar *,0.0,0.0,2,0.0,0.0
Uttarakhand,Uttarkashi,0.513818967007028,0.09713207253179293,226,5.289900170088995,-0.00023153339202045125
West Bangal,Hooghly,0.1795562228341584,0.03278688524590164,61,5.476464796441831,0.0018508725542041252
West Bangal,Howrah,0.48038446141526153,0.07692307692307693,39,6.244997998398399,-0.011538461538461534
West Bangal,South 24 Parganas,0.0,0.0,9,0.0,0.0
West Bengal,24 Paraganas North,0.0,0.0,2,0.0,0.0
West Bengal,24 Paraganas South,,0.0,1,0.0,0.0
West Bengal,Alipurduar,0.2365132414237276,0.03433677013735593,241,6.888045686231224,-0.00017082472080031256
West Bengal,Bally Jagachha,0.0,0.0,6,0.0,0.0
West Bengal,Bankura,0.0,0.0,252,0.0,0.0
West Bengal,Barddhaman,0.08980892155961005,0.005635112918577485,254,15.937377450509228,9.800196380134758e-05
West Bengal,Bardhaman,0.0,0.0,248,0.0,0.0
West Bengal,Birbhum,0.5424371052362894,0.06073297921990048,253,8.931508254720166,0.0005031782376354528
West Bengal,Burdwan,0.0,0.0,5,0.0,0.0
West Bengal,Cooch Behar,0.7475791722487493,0.06018824427705093,253,12.420684158979403,-0.0007584961191014838
West Bengal,Coochbehar,0.0,0.0,3,0.0,0.0
West Bengal,Dakshin Dinajpur,0.8760747184140572,0.12365057352481207,248,7.085084148342115,-7.069815695156544e-05
West Bengal,Darjeeling,0.1976652186605506,0.02124984221122175,253,9.301961713210572,-0.00011661012488911693
West Bengal,Darjiling,0.5868987974044437,0.09141510997466677,228,6.420150865290069,-0.00040778286806726855
West Bengal,Dinajpur Dakshin,,0.0,1,0.0,0.0
West Bengal,Dinajpur Uttar,0.0,0.0,3,0.0,0.0
West Bengal,Domjur,0.0,0.0,4,0.0,0.0
West Bengal,East Midnapore,0.7209149196838807,0.06062535370684777,248,11.891310740549985,-9.185577569379897e-06
West Bengal,East Midnapur,0.0,0.0,21,0.0,0.0
West Bengal,Haora,0.0,0.0,248,0.0,0.0
West Bengal,Hawrah,0.5479640045336466,0.17857142857142858,28,3.0685984253884206,-0.019978106185002724
West Bengal,Hooghiy,0.0,0.0,22,0.0,0.0
West Bengal,Hooghly,0.6119791666666664,0.038248697916666664,256,15.999999999999995,0.0001435748788815135
West Bengal,Howrah,0.5759614678019738,0.06013316090914977,251,9.578100653517058,-0.00010480243341871566
West Bengal,Hugli,0.21393690311295943,0.04471153846153846,208,4.784825359945759,-0.000159289604369696
West Bengal,Jalpaiguri,0.3556547619047619,0.02222842261904762,256,16.0,0.00046196859093832116
West Bengal,Jhargram,0.0,0.0,237,0.0,0.0
West Bengal,Kalimpong,0.5885608116079784,0.13408435083435083,200,4.389481754922261,-0.0006257663309714615
West Bengal,Koch Bihar,0.11596050213566447,0.014852553240352805,243,7.807445646490742,-0.00010006719707390832
West Bengal,Kolkata,0.22280456071125584,0.0140353680622137,252,15.87450786638754,0.00030102784594011406
West Bengal,Malda,0.902917644322663,0.13794405379078925,253,6.545535088392134,-0.0015776667629080335
West Bengal,Maldah,0.8068581979062731,0.08882679724705758,247,9.083499832399964,-0.0009658338202317886
West Bengal,Medinipur,0.3375195015394132,0.10476190476190476,105,3.221777060148944,-0.0001658718639850724
West Bengal,Medinipur West,0.0,0.0,2,0.0,0.0
West Bengal,Murshidabad,0.0704482919415373,0.004377443867889728,259,16.093476939431074,-3.132339082568683e-05
West Bengal,Nadia,0.3050192159658023,0.026944977891465324,257,11.32007668347041,0.000248919269933558
West Bengal,Naihati Anandabazar,,0.0,1,0.0,0.0
West Bengal,North 24 Parganas,0.0,0.0,261,0.0,0.0
West Bengal,North Dinajpur,0.1497520160152697,0.021834061135371178,229,6.858642333499352,4.296863289798435e-05
West Bengal,North Twenty Four Parganas,0.0,0.0,250,0.0,0.0
West Bengal,Paschim Bardhaman,0.10007921508214214,0.008960573476702509,248,11.168840403167064,-5.349857048672685e-05
West Bengal,Paschim Medinipur,0.3951040753847776,0.0457727810911044,251,8.631856443207536,7.132896459135717e-05
West Bengal,Purba Bardhaman,0.10591582900247479,0.00919144692746563,249,11.523303114113624,0.0001542938067321591
West Bengal,Purba Medinipur,0.0,0.0,258,0.0,0.0
West Bengal,Purulia,0.26330475741232634,0.034768916768032204,238,7.57299283060835,-0.00012144090715667999
West Bengal,Puruliya,0.9584427543218138,0.0842759714846795,253,11.372669308191231,0.0006377092984996106
West Bengal,South  Twenty Four Parganas,0.0,0.0,3,0.0,0.0
West Bengal,South 24 Pargana,0.0,0.0,19,0.0,0.0
West Bengal,South 24 Parganas,0.5142872567544685,0.04380526109492268,258,11.740307988121495,-2.511095657763861e-05
West Bengal,South Dinajpur,0.8577814251989283,0.13690656565656564,220,6.265451339643561,-0.0014030170295279106
West Bengal,South Dumdum(M),0.0,0.0,10,0.0,0.0
West Bengal,South Twenty Four Parganas,0.1531208130186794,0.00968421052631579,250,15.811388300841895,-4.369585702844928e-05
West Bengal,Uttar Dinajpur,0.531614996024307,0.0991084399891117,249,5.363972998492474,-0.000235696221612519
West Bengal,West Medinipur,0.0,0.0,13,0.0,0.0
West Bengal,West Midnapore,0.1717868035150041,0.0154576524244439,246,11.113382472188965,-0.00017588750644752092
West Bengli,Hooghly,0.0,0.0,2,0.0,0.0
